Design Assistant report for soc_system
Sat May 30 12:57:20 2026
Quartus Prime Version 18.1.0 Build 625 09/12/2018 SJ Lite Edition


---------------------
; Table of Contents ;
---------------------
  1. Legal Notice
  2. Design Assistant Summary
  3. Parallel Compilation
  4. Design Assistant Settings
  5. Critical Violations
  6. High Violations
  7. Medium Violations
  8. Information only Violations
  9. Design Assistant Messages



----------------
; Legal Notice ;
----------------
Copyright (C) 2018  Intel Corporation. All rights reserved.
Your use of Intel Corporation's design tools, logic functions 
and other software and tools, and its AMPP partner logic 
functions, and any output files from any of the foregoing 
(including device programming or simulation files), and any 
associated documentation or information are expressly subject 
to the terms and conditions of the Intel Program License 
Subscription Agreement, the Intel Quartus Prime License Agreement,
the Intel FPGA IP License Agreement, or other applicable license
agreement, including, without limitation, that your use is for
the sole purpose of programming logic devices manufactured by
Intel and sold by Intel or its authorized distributors.  Please
refer to the applicable agreement for further details.



+-------------------------------------------------------------------------+
; Design Assistant Summary                                                ;
+-----------------------------------+-------------------------------------+
; Design Assistant Status           ; Analyzed - Sat May 30 12:57:20 2026 ;
; Revision Name                     ; soc_system                          ;
; Top-level Entity Name             ; ghrd_top                            ;
; Family                            ; Cyclone V                           ;
; Total Critical Violations         ; 9                                   ;
; - Rule A102                       ; 3                                   ;
; - Rule C101                       ; 6                                   ;
; Total High Violations             ; 49                                  ;
; - Rule C105                       ; 3                                   ;
; - Rule R101                       ; 3                                   ;
; - Rule S102                       ; 9                                   ;
; - Rule D101                       ; 34                                  ;
; Total Medium Violations           ; 16                                  ;
; - Rule C103                       ; 5                                   ;
; - Rule C104                       ; 2                                   ;
; - Rule C106                       ; 2                                   ;
; - Rule R105                       ; 4                                   ;
; - Rule D102                       ; 3                                   ;
; Total Information only Violations ; 148                                 ;
; - Rule T101                       ; 98                                  ;
; - Rule T102                       ; 50                                  ;
+-----------------------------------+-------------------------------------+


+------------------------------------------+
; Parallel Compilation                     ;
+----------------------------+-------------+
; Processors                 ; Number      ;
+----------------------------+-------------+
; Number detected on machine ; 12          ;
; Maximum allowed            ; 12          ;
;                            ;             ;
; Average used               ; 1.04        ;
; Maximum used               ; 12          ;
;                            ;             ;
; Usage by Processor         ; % Time Used ;
;     Processor 1            ; 100.0%      ;
;     Processor 2            ;   0.4%      ;
;     Processor 3            ;   0.4%      ;
;     Processor 4            ;   0.4%      ;
;     Processor 5            ;   0.4%      ;
;     Processor 6            ;   0.4%      ;
;     Processor 7            ;   0.3%      ;
;     Processor 8            ;   0.3%      ;
;     Processor 9            ;   0.3%      ;
;     Processor 10           ;   0.3%      ;
;     Processor 11           ;   0.3%      ;
;     Processor 12           ;   0.3%      ;
+----------------------------+-------------+


+------------------------------------------------------------------------------------------------------------------------------------------------------------------------------------------------+
; Design Assistant Settings                                                                                                                                                                      ;
+----------------------------------------------------------------------------------------------------------------------------------------------------------------------+--------------+----------+
; Option                                                                                                                                                               ; Setting      ; To       ;
+----------------------------------------------------------------------------------------------------------------------------------------------------------------------+--------------+----------+
; Design Assistant mode                                                                                                                                                ; Post-Fitting ;          ;
; Threshold value for clock net not mapped to clock spines rule                                                                                                        ; 25           ;          ;
; Minimum number of clock port feed by gated clocks                                                                                                                    ; 30           ;          ;
; Minimum number of node fan-out                                                                                                                                       ; 30           ;          ;
; Maximum number of nodes to report                                                                                                                                    ; 50           ;          ;
; Rule C101: Gated clock should be implemented according to the Intel FPGA standard scheme                                                                             ; On           ;          ;
; Rule C102: Logic cell should not be used to generate an inverted clock signal                                                                                        ; On           ;          ;
; Rule C103: Gated clock does not feed at least a pre-defined number of clock ports to effectively save power                                                          ; On           ;          ;
; Rule C104: Clock signal source should drive only clock input ports                                                                                                   ; On           ;          ;
; Rule C105: Clock signal should be a global signal                                                                                                                    ; On           ;          ;
; Rule C106: Clock signal source should not drive registers triggered by different clock edges                                                                         ; On           ;          ;
; Rule R101: Combinational logic used as a reset signal should be synchronized                                                                                         ; On           ;          ;
; Rule R102: External reset signals should be synchronized using two cascaded registers                                                                                ; On           ;          ;
; Rule R103: External reset signal should be correctly synchronized                                                                                                    ; On           ;          ;
; Rule R104: The reset signal that is generated in one clock domain and used in another clock domain should be correctly synchronized                                  ; On           ;          ;
; Rule R105: The reset signal that is generated in one clock domain and used in another clock domain should be synchronized                                            ; On           ;          ;
; Rule T101: Nodes with more than the specified number of fan-outs                                                                                                     ; On           ;          ;
; Rule T102: Top nodes with the highest number of fan-outs                                                                                                             ; On           ;          ;
; Rule A101: Design should not contain combinational loops                                                                                                             ; On           ;          ;
; Rule A102: Register output should not drive its own control signal directly or through combinational logic                                                           ; On           ;          ;
; Rule A103: Design should not contain delay chains                                                                                                                    ; On           ;          ;
; Rule A104: Design should not contain ripple clock structures                                                                                                         ; On           ;          ;
; Rule A105: Pulses should not be implemented asynchronously                                                                                                           ; On           ;          ;
; Rule A106: Multiple pulses should not be generated in design                                                                                                         ; On           ;          ;
; Rule A107: Design should not contain SR latches                                                                                                                      ; On           ;          ;
; Rule A108: Design should not contain latches                                                                                                                         ; On           ;          ;
; Rule S101: Output enable and input of the same tri-state node should not be driven by same signal source                                                             ; On           ;          ;
; Rule S102: Synchronous port and asynchronous port of the same register should not be driven by the same signal source                                                ; On           ;          ;
; Rule S103: More than one asynchronous port of a register should not be driven by the same signal source                                                              ; On           ;          ;
; Rule S104: Clock port and any other port of a register should not be driven by the same signal source                                                                ; On           ;          ;
; Rule D101: Data bits are not synchronized when transferred between asynchronous clock domains                                                                        ; On           ;          ;
; Rule D102: Multiple data bits that are transferred across asynchronous clock domains are synchronized, but not all bits may be aligned in the receiving clock domain ; On           ;          ;
; Rule D103: Data bits are not correctly synchronized when transferred between asynchronous clock domains                                                              ; On           ;          ;
; Rule D102: Multiple data bits that are transferred across asynchronous clock domains are synchronized, but not all bits may be aligned in the receiving clock domain ; Off          ; wdata[5] ;
; Rule D102: Multiple data bits that are transferred across asynchronous clock domains are synchronized, but not all bits may be aligned in the receiving clock domain ; Off          ; wdata[7] ;
; Rule D102: Multiple data bits that are transferred across asynchronous clock domains are synchronized, but not all bits may be aligned in the receiving clock domain ; Off          ; wdata[1] ;
; Rule D102: Multiple data bits that are transferred across asynchronous clock domains are synchronized, but not all bits may be aligned in the receiving clock domain ; Off          ; wdata[6] ;
; Rule D102: Multiple data bits that are transferred across asynchronous clock domains are synchronized, but not all bits may be aligned in the receiving clock domain ; Off          ; wdata[4] ;
; Rule D102: Multiple data bits that are transferred across asynchronous clock domains are synchronized, but not all bits may be aligned in the receiving clock domain ; Off          ; wdata[0] ;
; Rule D102: Multiple data bits that are transferred across asynchronous clock domains are synchronized, but not all bits may be aligned in the receiving clock domain ; Off          ; wdata[2] ;
; Rule D102: Multiple data bits that are transferred across asynchronous clock domains are synchronized, but not all bits may be aligned in the receiving clock domain ; Off          ; wdata[3] ;
+----------------------------------------------------------------------------------------------------------------------------------------------------------------------+--------------+----------+


+----------------------------------------------------------------------------------------------------------------------------------------------------------------------------------------------------------------------------------------------------------------------------------------------------------------------------------------------------------------------------------------------------------------------------------------------------------------------------------------------------------+
; Critical Violations                                                                                                                                                                                                                                                                                                                                                                                                                                                                                      ;
+--------------------------------------------------------------------------------------------------------------------------+-------------------------------------------------------------------------------------------------------------------------------------------------------------------------------------------------------------------------------------------------------------------------------------------------------------------------------------------------------------------------------+
; Rule name                                                                                                                ; Name                                                                                                                                                                                                                                                                                                                                                                          ;
+--------------------------------------------------------------------------------------------------------------------------+-------------------------------------------------------------------------------------------------------------------------------------------------------------------------------------------------------------------------------------------------------------------------------------------------------------------------------------------------------------------------------+
; Rule A102: Register output should not drive its own control signal directly or through combinational logic - Structure 1 ;                                                                                                                                                                                                                                                                                                                                                                               ;
;  Structure 1                                                                                                             ; altera_edge_detector:pulse_warm_reset|WideOr0                                                                                                                                                                                                                                                                                                                                 ;
;  Structure 1                                                                                                             ; altera_edge_detector:pulse_warm_reset|pulse_extend.extend_pulse[1]                                                                                                                                                                                                                                                                                                            ;
;  Structure 1                                                                                                             ; altera_edge_detector:pulse_warm_reset|reset_qual_n                                                                                                                                                                                                                                                                                                                            ;
;  Structure 1                                                                                                             ; altera_edge_detector:pulse_warm_reset|pulse_extend.extend_pulse[0]                                                                                                                                                                                                                                                                                                            ;
; Rule A102: Register output should not drive its own control signal directly or through combinational logic - Structure 2 ;                                                                                                                                                                                                                                                                                                                                                                               ;
;  Structure 2                                                                                                             ; altera_edge_detector:pulse_cold_reset|WideOr0                                                                                                                                                                                                                                                                                                                                 ;
;  Structure 2                                                                                                             ; altera_edge_detector:pulse_cold_reset|pulse_extend.extend_pulse[1]                                                                                                                                                                                                                                                                                                            ;
;  Structure 2                                                                                                             ; altera_edge_detector:pulse_cold_reset|reset_qual_n                                                                                                                                                                                                                                                                                                                            ;
;  Structure 2                                                                                                             ; altera_edge_detector:pulse_cold_reset|pulse_extend.extend_pulse[0]                                                                                                                                                                                                                                                                                                            ;
;  Structure 2                                                                                                             ; altera_edge_detector:pulse_cold_reset|pulse_extend.extend_pulse[4]                                                                                                                                                                                                                                                                                                            ;
;  Structure 2                                                                                                             ; altera_edge_detector:pulse_cold_reset|pulse_extend.extend_pulse[3]                                                                                                                                                                                                                                                                                                            ;
;  Structure 2                                                                                                             ; altera_edge_detector:pulse_cold_reset|pulse_extend.extend_pulse[2]                                                                                                                                                                                                                                                                                                            ;
;  Structure 2                                                                                                             ; altera_edge_detector:pulse_cold_reset|pulse_extend.extend_pulse[5]                                                                                                                                                                                                                                                                                                            ;
; Rule A102: Register output should not drive its own control signal directly or through combinational logic - Structure 3 ;                                                                                                                                                                                                                                                                                                                                                                               ;
;  Structure 3                                                                                                             ; altera_edge_detector:pulse_debug_reset|WideOr0                                                                                                                                                                                                                                                                                                                                ;
;  Structure 3                                                                                                             ; altera_edge_detector:pulse_debug_reset|pulse_extend.extend_pulse[1]                                                                                                                                                                                                                                                                                                           ;
;  Structure 3                                                                                                             ; altera_edge_detector:pulse_debug_reset|reset_qual_n                                                                                                                                                                                                                                                                                                                           ;
;  Structure 3                                                                                                             ; altera_edge_detector:pulse_debug_reset|pulse_extend.extend_pulse[0]                                                                                                                                                                                                                                                                                                           ;
;  Structure 3                                                                                                             ; altera_edge_detector:pulse_debug_reset|WideOr0~5                                                                                                                                                                                                                                                                                                                              ;
;  Structure 3                                                                                                             ; altera_edge_detector:pulse_debug_reset|WideOr0~3                                                                                                                                                                                                                                                                                                                              ;
;  Structure 3                                                                                                             ; altera_edge_detector:pulse_debug_reset|pulse_extend.extend_pulse[31]                                                                                                                                                                                                                                                                                                          ;
;  Structure 3                                                                                                             ; altera_edge_detector:pulse_debug_reset|pulse_extend.extend_pulse[30]                                                                                                                                                                                                                                                                                                          ;
;  Structure 3                                                                                                             ; altera_edge_detector:pulse_debug_reset|pulse_extend.extend_pulse[29]                                                                                                                                                                                                                                                                                                          ;
;  Structure 3                                                                                                             ; altera_edge_detector:pulse_debug_reset|pulse_extend.extend_pulse[28]                                                                                                                                                                                                                                                                                                          ;
;  Structure 3                                                                                                             ; altera_edge_detector:pulse_debug_reset|pulse_extend.extend_pulse[27]                                                                                                                                                                                                                                                                                                          ;
;  Structure 3                                                                                                             ; altera_edge_detector:pulse_debug_reset|pulse_extend.extend_pulse[26]                                                                                                                                                                                                                                                                                                          ;
;  Structure 3                                                                                                             ; altera_edge_detector:pulse_debug_reset|pulse_extend.extend_pulse[25]                                                                                                                                                                                                                                                                                                          ;
;  Structure 3                                                                                                             ; altera_edge_detector:pulse_debug_reset|pulse_extend.extend_pulse[24]                                                                                                                                                                                                                                                                                                          ;
;  Structure 3                                                                                                             ; altera_edge_detector:pulse_debug_reset|pulse_extend.extend_pulse[23]                                                                                                                                                                                                                                                                                                          ;
;  Structure 3                                                                                                             ; altera_edge_detector:pulse_debug_reset|pulse_extend.extend_pulse[22]                                                                                                                                                                                                                                                                                                          ;
;  Structure 3                                                                                                             ; altera_edge_detector:pulse_debug_reset|pulse_extend.extend_pulse[21]                                                                                                                                                                                                                                                                                                          ;
;  Structure 3                                                                                                             ; altera_edge_detector:pulse_debug_reset|pulse_extend.extend_pulse[20]                                                                                                                                                                                                                                                                                                          ;
;  Structure 3                                                                                                             ; altera_edge_detector:pulse_debug_reset|pulse_extend.extend_pulse[19]                                                                                                                                                                                                                                                                                                          ;
;  Structure 3                                                                                                             ; altera_edge_detector:pulse_debug_reset|pulse_extend.extend_pulse[18]                                                                                                                                                                                                                                                                                                          ;
;  Structure 3                                                                                                             ; altera_edge_detector:pulse_debug_reset|pulse_extend.extend_pulse[17]                                                                                                                                                                                                                                                                                                          ;
;  Structure 3                                                                                                             ; altera_edge_detector:pulse_debug_reset|pulse_extend.extend_pulse[16]                                                                                                                                                                                                                                                                                                          ;
;  Structure 3                                                                                                             ; altera_edge_detector:pulse_debug_reset|pulse_extend.extend_pulse[15]                                                                                                                                                                                                                                                                                                          ;
;  Structure 3                                                                                                             ; altera_edge_detector:pulse_debug_reset|pulse_extend.extend_pulse[14]                                                                                                                                                                                                                                                                                                          ;
;  Structure 3                                                                                                             ; altera_edge_detector:pulse_debug_reset|pulse_extend.extend_pulse[13]                                                                                                                                                                                                                                                                                                          ;
;  Structure 3                                                                                                             ; altera_edge_detector:pulse_debug_reset|pulse_extend.extend_pulse[12]                                                                                                                                                                                                                                                                                                          ;
;  Structure 3                                                                                                             ; altera_edge_detector:pulse_debug_reset|pulse_extend.extend_pulse[11]                                                                                                                                                                                                                                                                                                          ;
;  Structure 3                                                                                                             ; altera_edge_detector:pulse_debug_reset|pulse_extend.extend_pulse[9]                                                                                                                                                                                                                                                                                                           ;
;  Structure 3                                                                                                             ; altera_edge_detector:pulse_debug_reset|pulse_extend.extend_pulse[8]                                                                                                                                                                                                                                                                                                           ;
;  Structure 3                                                                                                             ; altera_edge_detector:pulse_debug_reset|pulse_extend.extend_pulse[7]                                                                                                                                                                                                                                                                                                           ;
;  Structure 3                                                                                                             ; altera_edge_detector:pulse_debug_reset|pulse_extend.extend_pulse[6]                                                                                                                                                                                                                                                                                                           ;
;  Structure 3                                                                                                             ; altera_edge_detector:pulse_debug_reset|pulse_extend.extend_pulse[5]                                                                                                                                                                                                                                                                                                           ;
;  Structure 3                                                                                                             ; altera_edge_detector:pulse_debug_reset|pulse_extend.extend_pulse[4]                                                                                                                                                                                                                                                                                                           ;
;  Structure 3                                                                                                             ; altera_edge_detector:pulse_debug_reset|pulse_extend.extend_pulse[2]                                                                                                                                                                                                                                                                                                           ;
;  Structure 3                                                                                                             ; altera_edge_detector:pulse_debug_reset|WideOr0~2                                                                                                                                                                                                                                                                                                                              ;
;  Structure 3                                                                                                             ; altera_edge_detector:pulse_debug_reset|WideOr0~4                                                                                                                                                                                                                                                                                                                              ;
;  Structure 3                                                                                                             ; altera_edge_detector:pulse_debug_reset|WideOr0~1                                                                                                                                                                                                                                                                                                                              ;
;  Structure 3                                                                                                             ; altera_edge_detector:pulse_debug_reset|pulse_extend.extend_pulse[10]                                                                                                                                                                                                                                                                                                          ;
;  Structure 3                                                                                                             ; altera_edge_detector:pulse_debug_reset|WideOr0~0                                                                                                                                                                                                                                                                                                                              ;
;  Structure 3                                                                                                             ; altera_edge_detector:pulse_debug_reset|pulse_extend.extend_pulse[3]                                                                                                                                                                                                                                                                                                           ;
; Rule C101: Gated clock should be implemented according to the Intel FPGA standard scheme                                 ; soc_system:u0|soc_system_hps_0:hps_0|soc_system_hps_0_hps_io:hps_io|soc_system_hps_0_hps_io_border:border|hps_sdram:hps_sdram_inst|hps_sdram_p0:p0|hps_sdram_p0_acv_hard_memphy:umemphy|hps_sdram_p0_acv_hard_io_pads:uio_pads|hps_sdram_p0_altdqdqs:dq_ddio[3].ubidir_dq_dqs|altdq_dqs2_acv_connect_to_hard_phy_cyclonev:altdq_dqs2_inst|dqsbusout                           ;
;  Gated clock destination node(s) list                                                                                    ; soc_system:u0|soc_system_hps_0:hps_0|soc_system_hps_0_hps_io:hps_io|soc_system_hps_0_hps_io_border:border|hps_sdram:hps_sdram_inst|hps_sdram_p0:p0|hps_sdram_p0_acv_hard_memphy:umemphy|hps_sdram_p0_acv_hard_io_pads:uio_pads|hps_sdram_p0_altdqdqs:dq_ddio[3].ubidir_dq_dqs|altdq_dqs2_acv_connect_to_hard_phy_cyclonev:altdq_dqs2_inst|input_path_gen[0].capture_reg~DFFLO ;
;  Gated clock destination node(s) list                                                                                    ; soc_system:u0|soc_system_hps_0:hps_0|soc_system_hps_0_hps_io:hps_io|soc_system_hps_0_hps_io_border:border|hps_sdram:hps_sdram_inst|hps_sdram_p0:p0|hps_sdram_p0_acv_hard_memphy:umemphy|hps_sdram_p0_acv_hard_io_pads:uio_pads|hps_sdram_p0_altdqdqs:dq_ddio[3].ubidir_dq_dqs|altdq_dqs2_acv_connect_to_hard_phy_cyclonev:altdq_dqs2_inst|input_path_gen[0].aligned_input[1]  ;
;  Gated clock destination node(s) list                                                                                    ; soc_system:u0|soc_system_hps_0:hps_0|soc_system_hps_0_hps_io:hps_io|soc_system_hps_0_hps_io_border:border|hps_sdram:hps_sdram_inst|hps_sdram_p0:p0|hps_sdram_p0_acv_hard_memphy:umemphy|hps_sdram_p0_acv_hard_io_pads:uio_pads|hps_sdram_p0_altdqdqs:dq_ddio[3].ubidir_dq_dqs|altdq_dqs2_acv_connect_to_hard_phy_cyclonev:altdq_dqs2_inst|input_path_gen[1].capture_reg~DFFLO ;
;  Gated clock destination node(s) list                                                                                    ; soc_system:u0|soc_system_hps_0:hps_0|soc_system_hps_0_hps_io:hps_io|soc_system_hps_0_hps_io_border:border|hps_sdram:hps_sdram_inst|hps_sdram_p0:p0|hps_sdram_p0_acv_hard_memphy:umemphy|hps_sdram_p0_acv_hard_io_pads:uio_pads|hps_sdram_p0_altdqdqs:dq_ddio[3].ubidir_dq_dqs|altdq_dqs2_acv_connect_to_hard_phy_cyclonev:altdq_dqs2_inst|input_path_gen[1].aligned_input[1]  ;
;  Gated clock destination node(s) list                                                                                    ; soc_system:u0|soc_system_hps_0:hps_0|soc_system_hps_0_hps_io:hps_io|soc_system_hps_0_hps_io_border:border|hps_sdram:hps_sdram_inst|hps_sdram_p0:p0|hps_sdram_p0_acv_hard_memphy:umemphy|hps_sdram_p0_acv_hard_io_pads:uio_pads|hps_sdram_p0_altdqdqs:dq_ddio[3].ubidir_dq_dqs|altdq_dqs2_acv_connect_to_hard_phy_cyclonev:altdq_dqs2_inst|input_path_gen[2].capture_reg~DFFLO ;
;  Gated clock destination node(s) list                                                                                    ; soc_system:u0|soc_system_hps_0:hps_0|soc_system_hps_0_hps_io:hps_io|soc_system_hps_0_hps_io_border:border|hps_sdram:hps_sdram_inst|hps_sdram_p0:p0|hps_sdram_p0_acv_hard_memphy:umemphy|hps_sdram_p0_acv_hard_io_pads:uio_pads|hps_sdram_p0_altdqdqs:dq_ddio[3].ubidir_dq_dqs|altdq_dqs2_acv_connect_to_hard_phy_cyclonev:altdq_dqs2_inst|input_path_gen[2].aligned_input[1]  ;
;  Gated clock destination node(s) list                                                                                    ; soc_system:u0|soc_system_hps_0:hps_0|soc_system_hps_0_hps_io:hps_io|soc_system_hps_0_hps_io_border:border|hps_sdram:hps_sdram_inst|hps_sdram_p0:p0|hps_sdram_p0_acv_hard_memphy:umemphy|hps_sdram_p0_acv_hard_io_pads:uio_pads|hps_sdram_p0_altdqdqs:dq_ddio[3].ubidir_dq_dqs|altdq_dqs2_acv_connect_to_hard_phy_cyclonev:altdq_dqs2_inst|input_path_gen[3].capture_reg~DFFLO ;
;  Gated clock destination node(s) list                                                                                    ; soc_system:u0|soc_system_hps_0:hps_0|soc_system_hps_0_hps_io:hps_io|soc_system_hps_0_hps_io_border:border|hps_sdram:hps_sdram_inst|hps_sdram_p0:p0|hps_sdram_p0_acv_hard_memphy:umemphy|hps_sdram_p0_acv_hard_io_pads:uio_pads|hps_sdram_p0_altdqdqs:dq_ddio[3].ubidir_dq_dqs|altdq_dqs2_acv_connect_to_hard_phy_cyclonev:altdq_dqs2_inst|input_path_gen[3].aligned_input[1]  ;
;  Gated clock destination node(s) list                                                                                    ; soc_system:u0|soc_system_hps_0:hps_0|soc_system_hps_0_hps_io:hps_io|soc_system_hps_0_hps_io_border:border|hps_sdram:hps_sdram_inst|hps_sdram_p0:p0|hps_sdram_p0_acv_hard_memphy:umemphy|hps_sdram_p0_acv_hard_io_pads:uio_pads|hps_sdram_p0_altdqdqs:dq_ddio[3].ubidir_dq_dqs|altdq_dqs2_acv_connect_to_hard_phy_cyclonev:altdq_dqs2_inst|input_path_gen[4].capture_reg~DFFLO ;
;  Gated clock destination node(s) list                                                                                    ; soc_system:u0|soc_system_hps_0:hps_0|soc_system_hps_0_hps_io:hps_io|soc_system_hps_0_hps_io_border:border|hps_sdram:hps_sdram_inst|hps_sdram_p0:p0|hps_sdram_p0_acv_hard_memphy:umemphy|hps_sdram_p0_acv_hard_io_pads:uio_pads|hps_sdram_p0_altdqdqs:dq_ddio[3].ubidir_dq_dqs|altdq_dqs2_acv_connect_to_hard_phy_cyclonev:altdq_dqs2_inst|input_path_gen[4].aligned_input[1]  ;
; Rule C101: Gated clock should be implemented according to the Intel FPGA standard scheme                                 ; soc_system:u0|soc_system_hps_0:hps_0|soc_system_hps_0_hps_io:hps_io|soc_system_hps_0_hps_io_border:border|hps_sdram:hps_sdram_inst|hps_sdram_p0:p0|hps_sdram_p0_acv_hard_memphy:umemphy|hps_sdram_p0_acv_hard_io_pads:uio_pads|hps_sdram_p0_altdqdqs:dq_ddio[0].ubidir_dq_dqs|altdq_dqs2_acv_connect_to_hard_phy_cyclonev:altdq_dqs2_inst|dqsbusout                           ;
;  Gated clock destination node(s) list                                                                                    ; soc_system:u0|soc_system_hps_0:hps_0|soc_system_hps_0_hps_io:hps_io|soc_system_hps_0_hps_io_border:border|hps_sdram:hps_sdram_inst|hps_sdram_p0:p0|hps_sdram_p0_acv_hard_memphy:umemphy|hps_sdram_p0_acv_hard_io_pads:uio_pads|hps_sdram_p0_altdqdqs:dq_ddio[0].ubidir_dq_dqs|altdq_dqs2_acv_connect_to_hard_phy_cyclonev:altdq_dqs2_inst|input_path_gen[0].capture_reg~DFFLO ;
;  Gated clock destination node(s) list                                                                                    ; soc_system:u0|soc_system_hps_0:hps_0|soc_system_hps_0_hps_io:hps_io|soc_system_hps_0_hps_io_border:border|hps_sdram:hps_sdram_inst|hps_sdram_p0:p0|hps_sdram_p0_acv_hard_memphy:umemphy|hps_sdram_p0_acv_hard_io_pads:uio_pads|hps_sdram_p0_altdqdqs:dq_ddio[0].ubidir_dq_dqs|altdq_dqs2_acv_connect_to_hard_phy_cyclonev:altdq_dqs2_inst|input_path_gen[0].aligned_input[1]  ;
;  Gated clock destination node(s) list                                                                                    ; soc_system:u0|soc_system_hps_0:hps_0|soc_system_hps_0_hps_io:hps_io|soc_system_hps_0_hps_io_border:border|hps_sdram:hps_sdram_inst|hps_sdram_p0:p0|hps_sdram_p0_acv_hard_memphy:umemphy|hps_sdram_p0_acv_hard_io_pads:uio_pads|hps_sdram_p0_altdqdqs:dq_ddio[0].ubidir_dq_dqs|altdq_dqs2_acv_connect_to_hard_phy_cyclonev:altdq_dqs2_inst|input_path_gen[1].capture_reg~DFFLO ;
;  Gated clock destination node(s) list                                                                                    ; soc_system:u0|soc_system_hps_0:hps_0|soc_system_hps_0_hps_io:hps_io|soc_system_hps_0_hps_io_border:border|hps_sdram:hps_sdram_inst|hps_sdram_p0:p0|hps_sdram_p0_acv_hard_memphy:umemphy|hps_sdram_p0_acv_hard_io_pads:uio_pads|hps_sdram_p0_altdqdqs:dq_ddio[0].ubidir_dq_dqs|altdq_dqs2_acv_connect_to_hard_phy_cyclonev:altdq_dqs2_inst|input_path_gen[1].aligned_input[1]  ;
;  Gated clock destination node(s) list                                                                                    ; soc_system:u0|soc_system_hps_0:hps_0|soc_system_hps_0_hps_io:hps_io|soc_system_hps_0_hps_io_border:border|hps_sdram:hps_sdram_inst|hps_sdram_p0:p0|hps_sdram_p0_acv_hard_memphy:umemphy|hps_sdram_p0_acv_hard_io_pads:uio_pads|hps_sdram_p0_altdqdqs:dq_ddio[0].ubidir_dq_dqs|altdq_dqs2_acv_connect_to_hard_phy_cyclonev:altdq_dqs2_inst|input_path_gen[2].capture_reg~DFFLO ;
;  Gated clock destination node(s) list                                                                                    ; soc_system:u0|soc_system_hps_0:hps_0|soc_system_hps_0_hps_io:hps_io|soc_system_hps_0_hps_io_border:border|hps_sdram:hps_sdram_inst|hps_sdram_p0:p0|hps_sdram_p0_acv_hard_memphy:umemphy|hps_sdram_p0_acv_hard_io_pads:uio_pads|hps_sdram_p0_altdqdqs:dq_ddio[0].ubidir_dq_dqs|altdq_dqs2_acv_connect_to_hard_phy_cyclonev:altdq_dqs2_inst|input_path_gen[2].aligned_input[1]  ;
;  Gated clock destination node(s) list                                                                                    ; soc_system:u0|soc_system_hps_0:hps_0|soc_system_hps_0_hps_io:hps_io|soc_system_hps_0_hps_io_border:border|hps_sdram:hps_sdram_inst|hps_sdram_p0:p0|hps_sdram_p0_acv_hard_memphy:umemphy|hps_sdram_p0_acv_hard_io_pads:uio_pads|hps_sdram_p0_altdqdqs:dq_ddio[0].ubidir_dq_dqs|altdq_dqs2_acv_connect_to_hard_phy_cyclonev:altdq_dqs2_inst|input_path_gen[3].capture_reg~DFFLO ;
;  Gated clock destination node(s) list                                                                                    ; soc_system:u0|soc_system_hps_0:hps_0|soc_system_hps_0_hps_io:hps_io|soc_system_hps_0_hps_io_border:border|hps_sdram:hps_sdram_inst|hps_sdram_p0:p0|hps_sdram_p0_acv_hard_memphy:umemphy|hps_sdram_p0_acv_hard_io_pads:uio_pads|hps_sdram_p0_altdqdqs:dq_ddio[0].ubidir_dq_dqs|altdq_dqs2_acv_connect_to_hard_phy_cyclonev:altdq_dqs2_inst|input_path_gen[3].aligned_input[1]  ;
;  Gated clock destination node(s) list                                                                                    ; soc_system:u0|soc_system_hps_0:hps_0|soc_system_hps_0_hps_io:hps_io|soc_system_hps_0_hps_io_border:border|hps_sdram:hps_sdram_inst|hps_sdram_p0:p0|hps_sdram_p0_acv_hard_memphy:umemphy|hps_sdram_p0_acv_hard_io_pads:uio_pads|hps_sdram_p0_altdqdqs:dq_ddio[0].ubidir_dq_dqs|altdq_dqs2_acv_connect_to_hard_phy_cyclonev:altdq_dqs2_inst|input_path_gen[4].capture_reg~DFFLO ;
;  Gated clock destination node(s) list                                                                                    ; soc_system:u0|soc_system_hps_0:hps_0|soc_system_hps_0_hps_io:hps_io|soc_system_hps_0_hps_io_border:border|hps_sdram:hps_sdram_inst|hps_sdram_p0:p0|hps_sdram_p0_acv_hard_memphy:umemphy|hps_sdram_p0_acv_hard_io_pads:uio_pads|hps_sdram_p0_altdqdqs:dq_ddio[0].ubidir_dq_dqs|altdq_dqs2_acv_connect_to_hard_phy_cyclonev:altdq_dqs2_inst|input_path_gen[4].aligned_input[1]  ;
; Rule C101: Gated clock should be implemented according to the Intel FPGA standard scheme                                 ; soc_system:u0|soc_system_hps_0:hps_0|soc_system_hps_0_hps_io:hps_io|soc_system_hps_0_hps_io_border:border|hps_sdram:hps_sdram_inst|hps_sdram_p0:p0|hps_sdram_p0_acv_hard_memphy:umemphy|hps_sdram_p0_acv_hard_io_pads:uio_pads|hps_sdram_p0_altdqdqs:dq_ddio[1].ubidir_dq_dqs|altdq_dqs2_acv_connect_to_hard_phy_cyclonev:altdq_dqs2_inst|dqsbusout                           ;
;  Gated clock destination node(s) list                                                                                    ; soc_system:u0|soc_system_hps_0:hps_0|soc_system_hps_0_hps_io:hps_io|soc_system_hps_0_hps_io_border:border|hps_sdram:hps_sdram_inst|hps_sdram_p0:p0|hps_sdram_p0_acv_hard_memphy:umemphy|hps_sdram_p0_acv_hard_io_pads:uio_pads|hps_sdram_p0_altdqdqs:dq_ddio[1].ubidir_dq_dqs|altdq_dqs2_acv_connect_to_hard_phy_cyclonev:altdq_dqs2_inst|input_path_gen[0].capture_reg~DFFLO ;
;  Gated clock destination node(s) list                                                                                    ; soc_system:u0|soc_system_hps_0:hps_0|soc_system_hps_0_hps_io:hps_io|soc_system_hps_0_hps_io_border:border|hps_sdram:hps_sdram_inst|hps_sdram_p0:p0|hps_sdram_p0_acv_hard_memphy:umemphy|hps_sdram_p0_acv_hard_io_pads:uio_pads|hps_sdram_p0_altdqdqs:dq_ddio[1].ubidir_dq_dqs|altdq_dqs2_acv_connect_to_hard_phy_cyclonev:altdq_dqs2_inst|input_path_gen[0].aligned_input[1]  ;
;  Gated clock destination node(s) list                                                                                    ; soc_system:u0|soc_system_hps_0:hps_0|soc_system_hps_0_hps_io:hps_io|soc_system_hps_0_hps_io_border:border|hps_sdram:hps_sdram_inst|hps_sdram_p0:p0|hps_sdram_p0_acv_hard_memphy:umemphy|hps_sdram_p0_acv_hard_io_pads:uio_pads|hps_sdram_p0_altdqdqs:dq_ddio[1].ubidir_dq_dqs|altdq_dqs2_acv_connect_to_hard_phy_cyclonev:altdq_dqs2_inst|input_path_gen[1].capture_reg~DFFLO ;
;  Gated clock destination node(s) list                                                                                    ; soc_system:u0|soc_system_hps_0:hps_0|soc_system_hps_0_hps_io:hps_io|soc_system_hps_0_hps_io_border:border|hps_sdram:hps_sdram_inst|hps_sdram_p0:p0|hps_sdram_p0_acv_hard_memphy:umemphy|hps_sdram_p0_acv_hard_io_pads:uio_pads|hps_sdram_p0_altdqdqs:dq_ddio[1].ubidir_dq_dqs|altdq_dqs2_acv_connect_to_hard_phy_cyclonev:altdq_dqs2_inst|input_path_gen[1].aligned_input[1]  ;
;  Gated clock destination node(s) list                                                                                    ; soc_system:u0|soc_system_hps_0:hps_0|soc_system_hps_0_hps_io:hps_io|soc_system_hps_0_hps_io_border:border|hps_sdram:hps_sdram_inst|hps_sdram_p0:p0|hps_sdram_p0_acv_hard_memphy:umemphy|hps_sdram_p0_acv_hard_io_pads:uio_pads|hps_sdram_p0_altdqdqs:dq_ddio[1].ubidir_dq_dqs|altdq_dqs2_acv_connect_to_hard_phy_cyclonev:altdq_dqs2_inst|input_path_gen[2].capture_reg~DFFLO ;
;  Gated clock destination node(s) list                                                                                    ; soc_system:u0|soc_system_hps_0:hps_0|soc_system_hps_0_hps_io:hps_io|soc_system_hps_0_hps_io_border:border|hps_sdram:hps_sdram_inst|hps_sdram_p0:p0|hps_sdram_p0_acv_hard_memphy:umemphy|hps_sdram_p0_acv_hard_io_pads:uio_pads|hps_sdram_p0_altdqdqs:dq_ddio[1].ubidir_dq_dqs|altdq_dqs2_acv_connect_to_hard_phy_cyclonev:altdq_dqs2_inst|input_path_gen[2].aligned_input[1]  ;
;  Gated clock destination node(s) list                                                                                    ; soc_system:u0|soc_system_hps_0:hps_0|soc_system_hps_0_hps_io:hps_io|soc_system_hps_0_hps_io_border:border|hps_sdram:hps_sdram_inst|hps_sdram_p0:p0|hps_sdram_p0_acv_hard_memphy:umemphy|hps_sdram_p0_acv_hard_io_pads:uio_pads|hps_sdram_p0_altdqdqs:dq_ddio[1].ubidir_dq_dqs|altdq_dqs2_acv_connect_to_hard_phy_cyclonev:altdq_dqs2_inst|input_path_gen[3].capture_reg~DFFLO ;
;  Gated clock destination node(s) list                                                                                    ; soc_system:u0|soc_system_hps_0:hps_0|soc_system_hps_0_hps_io:hps_io|soc_system_hps_0_hps_io_border:border|hps_sdram:hps_sdram_inst|hps_sdram_p0:p0|hps_sdram_p0_acv_hard_memphy:umemphy|hps_sdram_p0_acv_hard_io_pads:uio_pads|hps_sdram_p0_altdqdqs:dq_ddio[1].ubidir_dq_dqs|altdq_dqs2_acv_connect_to_hard_phy_cyclonev:altdq_dqs2_inst|input_path_gen[3].aligned_input[1]  ;
;  Gated clock destination node(s) list                                                                                    ; soc_system:u0|soc_system_hps_0:hps_0|soc_system_hps_0_hps_io:hps_io|soc_system_hps_0_hps_io_border:border|hps_sdram:hps_sdram_inst|hps_sdram_p0:p0|hps_sdram_p0_acv_hard_memphy:umemphy|hps_sdram_p0_acv_hard_io_pads:uio_pads|hps_sdram_p0_altdqdqs:dq_ddio[1].ubidir_dq_dqs|altdq_dqs2_acv_connect_to_hard_phy_cyclonev:altdq_dqs2_inst|input_path_gen[4].capture_reg~DFFLO ;
;  Gated clock destination node(s) list                                                                                    ; soc_system:u0|soc_system_hps_0:hps_0|soc_system_hps_0_hps_io:hps_io|soc_system_hps_0_hps_io_border:border|hps_sdram:hps_sdram_inst|hps_sdram_p0:p0|hps_sdram_p0_acv_hard_memphy:umemphy|hps_sdram_p0_acv_hard_io_pads:uio_pads|hps_sdram_p0_altdqdqs:dq_ddio[1].ubidir_dq_dqs|altdq_dqs2_acv_connect_to_hard_phy_cyclonev:altdq_dqs2_inst|input_path_gen[4].aligned_input[1]  ;
; Rule C101: Gated clock should be implemented according to the Intel FPGA standard scheme                                 ; soc_system:u0|soc_system_hps_0:hps_0|soc_system_hps_0_hps_io:hps_io|soc_system_hps_0_hps_io_border:border|hps_sdram:hps_sdram_inst|hps_sdram_p0:p0|hps_sdram_p0_acv_hard_memphy:umemphy|hps_sdram_p0_acv_hard_io_pads:uio_pads|hps_sdram_p0_altdqdqs:dq_ddio[2].ubidir_dq_dqs|altdq_dqs2_acv_connect_to_hard_phy_cyclonev:altdq_dqs2_inst|dqsbusout                           ;
;  Gated clock destination node(s) list                                                                                    ; soc_system:u0|soc_system_hps_0:hps_0|soc_system_hps_0_hps_io:hps_io|soc_system_hps_0_hps_io_border:border|hps_sdram:hps_sdram_inst|hps_sdram_p0:p0|hps_sdram_p0_acv_hard_memphy:umemphy|hps_sdram_p0_acv_hard_io_pads:uio_pads|hps_sdram_p0_altdqdqs:dq_ddio[2].ubidir_dq_dqs|altdq_dqs2_acv_connect_to_hard_phy_cyclonev:altdq_dqs2_inst|input_path_gen[0].capture_reg~DFFLO ;
;  Gated clock destination node(s) list                                                                                    ; soc_system:u0|soc_system_hps_0:hps_0|soc_system_hps_0_hps_io:hps_io|soc_system_hps_0_hps_io_border:border|hps_sdram:hps_sdram_inst|hps_sdram_p0:p0|hps_sdram_p0_acv_hard_memphy:umemphy|hps_sdram_p0_acv_hard_io_pads:uio_pads|hps_sdram_p0_altdqdqs:dq_ddio[2].ubidir_dq_dqs|altdq_dqs2_acv_connect_to_hard_phy_cyclonev:altdq_dqs2_inst|input_path_gen[0].aligned_input[1]  ;
;  Gated clock destination node(s) list                                                                                    ; soc_system:u0|soc_system_hps_0:hps_0|soc_system_hps_0_hps_io:hps_io|soc_system_hps_0_hps_io_border:border|hps_sdram:hps_sdram_inst|hps_sdram_p0:p0|hps_sdram_p0_acv_hard_memphy:umemphy|hps_sdram_p0_acv_hard_io_pads:uio_pads|hps_sdram_p0_altdqdqs:dq_ddio[2].ubidir_dq_dqs|altdq_dqs2_acv_connect_to_hard_phy_cyclonev:altdq_dqs2_inst|input_path_gen[1].capture_reg~DFFLO ;
;  Gated clock destination node(s) list                                                                                    ; soc_system:u0|soc_system_hps_0:hps_0|soc_system_hps_0_hps_io:hps_io|soc_system_hps_0_hps_io_border:border|hps_sdram:hps_sdram_inst|hps_sdram_p0:p0|hps_sdram_p0_acv_hard_memphy:umemphy|hps_sdram_p0_acv_hard_io_pads:uio_pads|hps_sdram_p0_altdqdqs:dq_ddio[2].ubidir_dq_dqs|altdq_dqs2_acv_connect_to_hard_phy_cyclonev:altdq_dqs2_inst|input_path_gen[1].aligned_input[1]  ;
;  Gated clock destination node(s) list                                                                                    ; soc_system:u0|soc_system_hps_0:hps_0|soc_system_hps_0_hps_io:hps_io|soc_system_hps_0_hps_io_border:border|hps_sdram:hps_sdram_inst|hps_sdram_p0:p0|hps_sdram_p0_acv_hard_memphy:umemphy|hps_sdram_p0_acv_hard_io_pads:uio_pads|hps_sdram_p0_altdqdqs:dq_ddio[2].ubidir_dq_dqs|altdq_dqs2_acv_connect_to_hard_phy_cyclonev:altdq_dqs2_inst|input_path_gen[2].capture_reg~DFFLO ;
;  Gated clock destination node(s) list                                                                                    ; soc_system:u0|soc_system_hps_0:hps_0|soc_system_hps_0_hps_io:hps_io|soc_system_hps_0_hps_io_border:border|hps_sdram:hps_sdram_inst|hps_sdram_p0:p0|hps_sdram_p0_acv_hard_memphy:umemphy|hps_sdram_p0_acv_hard_io_pads:uio_pads|hps_sdram_p0_altdqdqs:dq_ddio[2].ubidir_dq_dqs|altdq_dqs2_acv_connect_to_hard_phy_cyclonev:altdq_dqs2_inst|input_path_gen[2].aligned_input[1]  ;
;  Gated clock destination node(s) list                                                                                    ; soc_system:u0|soc_system_hps_0:hps_0|soc_system_hps_0_hps_io:hps_io|soc_system_hps_0_hps_io_border:border|hps_sdram:hps_sdram_inst|hps_sdram_p0:p0|hps_sdram_p0_acv_hard_memphy:umemphy|hps_sdram_p0_acv_hard_io_pads:uio_pads|hps_sdram_p0_altdqdqs:dq_ddio[2].ubidir_dq_dqs|altdq_dqs2_acv_connect_to_hard_phy_cyclonev:altdq_dqs2_inst|input_path_gen[3].capture_reg~DFFLO ;
;  Gated clock destination node(s) list                                                                                    ; soc_system:u0|soc_system_hps_0:hps_0|soc_system_hps_0_hps_io:hps_io|soc_system_hps_0_hps_io_border:border|hps_sdram:hps_sdram_inst|hps_sdram_p0:p0|hps_sdram_p0_acv_hard_memphy:umemphy|hps_sdram_p0_acv_hard_io_pads:uio_pads|hps_sdram_p0_altdqdqs:dq_ddio[2].ubidir_dq_dqs|altdq_dqs2_acv_connect_to_hard_phy_cyclonev:altdq_dqs2_inst|input_path_gen[3].aligned_input[1]  ;
;  Gated clock destination node(s) list                                                                                    ; soc_system:u0|soc_system_hps_0:hps_0|soc_system_hps_0_hps_io:hps_io|soc_system_hps_0_hps_io_border:border|hps_sdram:hps_sdram_inst|hps_sdram_p0:p0|hps_sdram_p0_acv_hard_memphy:umemphy|hps_sdram_p0_acv_hard_io_pads:uio_pads|hps_sdram_p0_altdqdqs:dq_ddio[2].ubidir_dq_dqs|altdq_dqs2_acv_connect_to_hard_phy_cyclonev:altdq_dqs2_inst|input_path_gen[4].capture_reg~DFFLO ;
;  Gated clock destination node(s) list                                                                                    ; soc_system:u0|soc_system_hps_0:hps_0|soc_system_hps_0_hps_io:hps_io|soc_system_hps_0_hps_io_border:border|hps_sdram:hps_sdram_inst|hps_sdram_p0:p0|hps_sdram_p0_acv_hard_memphy:umemphy|hps_sdram_p0_acv_hard_io_pads:uio_pads|hps_sdram_p0_altdqdqs:dq_ddio[2].ubidir_dq_dqs|altdq_dqs2_acv_connect_to_hard_phy_cyclonev:altdq_dqs2_inst|input_path_gen[4].aligned_input[1]  ;
; Rule C101: Gated clock should be implemented according to the Intel FPGA standard scheme                                 ; soc_system:u0|soc_system_hps_0:hps_0|soc_system_hps_0_hps_io:hps_io|soc_system_hps_0_hps_io_border:border|hps_sdram:hps_sdram_inst|hps_sdram_pll:pll|afi_clk                                                                                                                                                                                                                  ;
;  Gated clock destination node(s) list                                                                                    ; soc_system:u0|soc_system_hps_0:hps_0|soc_system_hps_0_hps_io:hps_io|soc_system_hps_0_hps_io_border:border|hps_sdram:hps_sdram_inst|hps_sdram_p0:p0|hps_sdram_p0_acv_hard_memphy:umemphy|hps_sdram_p0_acv_hard_io_pads:uio_pads|hps_sdram_p0_altdqdqs:dq_ddio[0].ubidir_dq_dqs|altdq_dqs2_acv_connect_to_hard_phy_cyclonev:altdq_dqs2_inst|predelayed_os_oct                   ;
;  Gated clock destination node(s) list                                                                                    ; soc_system:u0|soc_system_hps_0:hps_0|soc_system_hps_0_hps_io:hps_io|soc_system_hps_0_hps_io_border:border|hps_sdram:hps_sdram_inst|hps_sdram_p0:p0|hps_sdram_p0_acv_hard_memphy:umemphy|hps_sdram_p0_acv_hard_io_pads:uio_pads|hps_sdram_p0_altdqdqs:dq_ddio[0].ubidir_dq_dqs|altdq_dqs2_acv_connect_to_hard_phy_cyclonev:altdq_dqs2_inst|os_oe_reg                           ;
;  Gated clock destination node(s) list                                                                                    ; soc_system:u0|soc_system_hps_0:hps_0|soc_system_hps_0_hps_io:hps_io|soc_system_hps_0_hps_io_border:border|hps_sdram:hps_sdram_inst|hps_sdram_p0:p0|hps_sdram_p0_acv_hard_memphy:umemphy|hps_sdram_p0_acv_hard_io_pads:uio_pads|hps_sdram_p0_altdqdqs:dq_ddio[1].ubidir_dq_dqs|altdq_dqs2_acv_connect_to_hard_phy_cyclonev:altdq_dqs2_inst|predelayed_os_oct                   ;
;  Gated clock destination node(s) list                                                                                    ; soc_system:u0|soc_system_hps_0:hps_0|soc_system_hps_0_hps_io:hps_io|soc_system_hps_0_hps_io_border:border|hps_sdram:hps_sdram_inst|hps_sdram_p0:p0|hps_sdram_p0_acv_hard_memphy:umemphy|hps_sdram_p0_acv_hard_io_pads:uio_pads|hps_sdram_p0_altdqdqs:dq_ddio[1].ubidir_dq_dqs|altdq_dqs2_acv_connect_to_hard_phy_cyclonev:altdq_dqs2_inst|os_oe_reg                           ;
;  Gated clock destination node(s) list                                                                                    ; soc_system:u0|soc_system_hps_0:hps_0|soc_system_hps_0_hps_io:hps_io|soc_system_hps_0_hps_io_border:border|hps_sdram:hps_sdram_inst|hps_sdram_p0:p0|hps_sdram_p0_acv_hard_memphy:umemphy|hps_sdram_p0_acv_hard_io_pads:uio_pads|hps_sdram_p0_altdqdqs:dq_ddio[2].ubidir_dq_dqs|altdq_dqs2_acv_connect_to_hard_phy_cyclonev:altdq_dqs2_inst|predelayed_os_oct                   ;
;  Gated clock destination node(s) list                                                                                    ; soc_system:u0|soc_system_hps_0:hps_0|soc_system_hps_0_hps_io:hps_io|soc_system_hps_0_hps_io_border:border|hps_sdram:hps_sdram_inst|hps_sdram_p0:p0|hps_sdram_p0_acv_hard_memphy:umemphy|hps_sdram_p0_acv_hard_io_pads:uio_pads|hps_sdram_p0_altdqdqs:dq_ddio[2].ubidir_dq_dqs|altdq_dqs2_acv_connect_to_hard_phy_cyclonev:altdq_dqs2_inst|os_oe_reg                           ;
;  Gated clock destination node(s) list                                                                                    ; soc_system:u0|soc_system_hps_0:hps_0|soc_system_hps_0_hps_io:hps_io|soc_system_hps_0_hps_io_border:border|hps_sdram:hps_sdram_inst|hps_sdram_p0:p0|hps_sdram_p0_acv_hard_memphy:umemphy|hps_sdram_p0_acv_hard_io_pads:uio_pads|hps_sdram_p0_altdqdqs:dq_ddio[3].ubidir_dq_dqs|altdq_dqs2_acv_connect_to_hard_phy_cyclonev:altdq_dqs2_inst|predelayed_os_oct                   ;
;  Gated clock destination node(s) list                                                                                    ; soc_system:u0|soc_system_hps_0:hps_0|soc_system_hps_0_hps_io:hps_io|soc_system_hps_0_hps_io_border:border|hps_sdram:hps_sdram_inst|hps_sdram_p0:p0|hps_sdram_p0_acv_hard_memphy:umemphy|hps_sdram_p0_acv_hard_io_pads:uio_pads|hps_sdram_p0_altdqdqs:dq_ddio[3].ubidir_dq_dqs|altdq_dqs2_acv_connect_to_hard_phy_cyclonev:altdq_dqs2_inst|os_oe_reg                           ;
; Rule C101: Gated clock should be implemented according to the Intel FPGA standard scheme                                 ; soc_system:u0|soc_system_hps_0:hps_0|soc_system_hps_0_hps_io:hps_io|soc_system_hps_0_hps_io_border:border|hps_sdram:hps_sdram_inst|hps_sdram_pll:pll|pll_write_clk                                                                                                                                                                                                            ;
;  Gated clock destination node(s) list                                                                                    ; soc_system:u0|soc_system_hps_0:hps_0|soc_system_hps_0_hps_io:hps_io|soc_system_hps_0_hps_io_border:border|hps_sdram:hps_sdram_inst|hps_sdram_p0:p0|hps_sdram_p0_acv_hard_memphy:umemphy|hps_sdram_p0_acv_hard_io_pads:uio_pads|hps_sdram_p0_altdqdqs:dq_ddio[0].ubidir_dq_dqs|altdq_dqs2_acv_connect_to_hard_phy_cyclonev:altdq_dqs2_inst|output_path_gen[0].oe_reg           ;
;  Gated clock destination node(s) list                                                                                    ; soc_system:u0|soc_system_hps_0:hps_0|soc_system_hps_0_hps_io:hps_io|soc_system_hps_0_hps_io_border:border|hps_sdram:hps_sdram_inst|hps_sdram_p0:p0|hps_sdram_p0_acv_hard_memphy:umemphy|hps_sdram_p0_acv_hard_io_pads:uio_pads|hps_sdram_p0_altdqdqs:dq_ddio[0].ubidir_dq_dqs|altdq_dqs2_acv_connect_to_hard_phy_cyclonev:altdq_dqs2_inst|output_path_gen[1].oe_reg           ;
;  Gated clock destination node(s) list                                                                                    ; soc_system:u0|soc_system_hps_0:hps_0|soc_system_hps_0_hps_io:hps_io|soc_system_hps_0_hps_io_border:border|hps_sdram:hps_sdram_inst|hps_sdram_p0:p0|hps_sdram_p0_acv_hard_memphy:umemphy|hps_sdram_p0_acv_hard_io_pads:uio_pads|hps_sdram_p0_altdqdqs:dq_ddio[0].ubidir_dq_dqs|altdq_dqs2_acv_connect_to_hard_phy_cyclonev:altdq_dqs2_inst|output_path_gen[2].oe_reg           ;
;  Gated clock destination node(s) list                                                                                    ; soc_system:u0|soc_system_hps_0:hps_0|soc_system_hps_0_hps_io:hps_io|soc_system_hps_0_hps_io_border:border|hps_sdram:hps_sdram_inst|hps_sdram_p0:p0|hps_sdram_p0_acv_hard_memphy:umemphy|hps_sdram_p0_acv_hard_io_pads:uio_pads|hps_sdram_p0_altdqdqs:dq_ddio[0].ubidir_dq_dqs|altdq_dqs2_acv_connect_to_hard_phy_cyclonev:altdq_dqs2_inst|output_path_gen[3].oe_reg           ;
;  Gated clock destination node(s) list                                                                                    ; soc_system:u0|soc_system_hps_0:hps_0|soc_system_hps_0_hps_io:hps_io|soc_system_hps_0_hps_io_border:border|hps_sdram:hps_sdram_inst|hps_sdram_p0:p0|hps_sdram_p0_acv_hard_memphy:umemphy|hps_sdram_p0_acv_hard_io_pads:uio_pads|hps_sdram_p0_altdqdqs:dq_ddio[0].ubidir_dq_dqs|altdq_dqs2_acv_connect_to_hard_phy_cyclonev:altdq_dqs2_inst|output_path_gen[4].oe_reg           ;
;  Gated clock destination node(s) list                                                                                    ; soc_system:u0|soc_system_hps_0:hps_0|soc_system_hps_0_hps_io:hps_io|soc_system_hps_0_hps_io_border:border|hps_sdram:hps_sdram_inst|hps_sdram_p0:p0|hps_sdram_p0_acv_hard_memphy:umemphy|hps_sdram_p0_acv_hard_io_pads:uio_pads|hps_sdram_p0_altdqdqs:dq_ddio[0].ubidir_dq_dqs|altdq_dqs2_acv_connect_to_hard_phy_cyclonev:altdq_dqs2_inst|output_path_gen[5].oe_reg           ;
;  Gated clock destination node(s) list                                                                                    ; soc_system:u0|soc_system_hps_0:hps_0|soc_system_hps_0_hps_io:hps_io|soc_system_hps_0_hps_io_border:border|hps_sdram:hps_sdram_inst|hps_sdram_p0:p0|hps_sdram_p0_acv_hard_memphy:umemphy|hps_sdram_p0_acv_hard_io_pads:uio_pads|hps_sdram_p0_altdqdqs:dq_ddio[0].ubidir_dq_dqs|altdq_dqs2_acv_connect_to_hard_phy_cyclonev:altdq_dqs2_inst|output_path_gen[6].oe_reg           ;
;  Gated clock destination node(s) list                                                                                    ; soc_system:u0|soc_system_hps_0:hps_0|soc_system_hps_0_hps_io:hps_io|soc_system_hps_0_hps_io_border:border|hps_sdram:hps_sdram_inst|hps_sdram_p0:p0|hps_sdram_p0_acv_hard_memphy:umemphy|hps_sdram_p0_acv_hard_io_pads:uio_pads|hps_sdram_p0_altdqdqs:dq_ddio[0].ubidir_dq_dqs|altdq_dqs2_acv_connect_to_hard_phy_cyclonev:altdq_dqs2_inst|output_path_gen[7].oe_reg           ;
;  Gated clock destination node(s) list                                                                                    ; soc_system:u0|soc_system_hps_0:hps_0|soc_system_hps_0_hps_io:hps_io|soc_system_hps_0_hps_io_border:border|hps_sdram:hps_sdram_inst|hps_sdram_p0:p0|hps_sdram_p0_acv_hard_memphy:umemphy|hps_sdram_p0_acv_hard_io_pads:uio_pads|hps_sdram_p0_altdqdqs:dq_ddio[1].ubidir_dq_dqs|altdq_dqs2_acv_connect_to_hard_phy_cyclonev:altdq_dqs2_inst|output_path_gen[0].oe_reg           ;
;  Gated clock destination node(s) list                                                                                    ; soc_system:u0|soc_system_hps_0:hps_0|soc_system_hps_0_hps_io:hps_io|soc_system_hps_0_hps_io_border:border|hps_sdram:hps_sdram_inst|hps_sdram_p0:p0|hps_sdram_p0_acv_hard_memphy:umemphy|hps_sdram_p0_acv_hard_io_pads:uio_pads|hps_sdram_p0_altdqdqs:dq_ddio[1].ubidir_dq_dqs|altdq_dqs2_acv_connect_to_hard_phy_cyclonev:altdq_dqs2_inst|output_path_gen[1].oe_reg           ;
+--------------------------------------------------------------------------------------------------------------------------+-------------------------------------------------------------------------------------------------------------------------------------------------------------------------------------------------------------------------------------------------------------------------------------------------------------------------------------------------------------------------------+


+----------------------------------------------------------------------------------------------------------------------------------------------------------------------------------------------------------------------------------------------------------------------------------------------------------------+
; High Violations                                                                                                                                                                                                                                                                                                ;
+-------------------------------------------------------------------------------------------------------------------------------------------+--------------------------------------------------------------------------------------------------------------------------------------------------------------------+
; Rule name                                                                                                                                 ; Name                                                                                                                                                               ;
+-------------------------------------------------------------------------------------------------------------------------------------------+--------------------------------------------------------------------------------------------------------------------------------------------------------------------+
; Rule C105: Clock signal should be a global signal                                                                                         ; altera_internal_jtag~TCKUTAP                                                                                                                                       ;
; Rule C105: Clock signal should be a global signal                                                                                         ; soc_system:u0|soc_system_hps_0:hps_0|soc_system_hps_0_hps_io:hps_io|soc_system_hps_0_hps_io_border:border|hps_sdram:hps_sdram_inst|hps_sdram_pll:pll|afi_clk       ;
; Rule C105: Clock signal should be a global signal                                                                                         ; soc_system:u0|soc_system_hps_0:hps_0|soc_system_hps_0_hps_io:hps_io|soc_system_hps_0_hps_io_border:border|hps_sdram:hps_sdram_inst|hps_sdram_pll:pll|pll_write_clk ;
; Rule R101: Combinational logic used as a reset signal should be synchronized                                                              ; altera_edge_detector:pulse_warm_reset|reset_qual_n                                                                                                                 ;
;  Reset signal destination node(s) list                                                                                                    ; altera_edge_detector:pulse_warm_reset|pulse_extend.extend_pulse[0]                                                                                                 ;
; Rule R101: Combinational logic used as a reset signal should be synchronized                                                              ; altera_edge_detector:pulse_cold_reset|reset_qual_n                                                                                                                 ;
;  Reset signal destination node(s) list                                                                                                    ; altera_edge_detector:pulse_cold_reset|pulse_extend.extend_pulse[5]                                                                                                 ;
; Rule R101: Combinational logic used as a reset signal should be synchronized                                                              ; altera_edge_detector:pulse_debug_reset|reset_qual_n                                                                                                                ;
;  Reset signal destination node(s) list                                                                                                    ; altera_edge_detector:pulse_debug_reset|pulse_extend.extend_pulse[3]                                                                                                ;
; Rule S102: Synchronous port and asynchronous port of the same register should not be driven by the same signal source                     ; altera_edge_detector:pulse_warm_reset|pulse_extend.extend_pulse[1]                                                                                                 ;
;  Synchronous and reset port source node(s) list                                                                                           ; altera_edge_detector:pulse_warm_reset|pulse_extend.extend_pulse[0]                                                                                                 ;
; Rule S102: Synchronous port and asynchronous port of the same register should not be driven by the same signal source                     ; altera_edge_detector:pulse_cold_reset|pulse_extend.extend_pulse[1]                                                                                                 ;
;  Synchronous and reset port source node(s) list                                                                                           ; altera_edge_detector:pulse_cold_reset|pulse_extend.extend_pulse[0]                                                                                                 ;
; Rule S102: Synchronous port and asynchronous port of the same register should not be driven by the same signal source                     ; altera_edge_detector:pulse_cold_reset|pulse_extend.extend_pulse[4]                                                                                                 ;
;  Synchronous and reset port source node(s) list                                                                                           ; altera_edge_detector:pulse_cold_reset|pulse_extend.extend_pulse[3]                                                                                                 ;
; Rule S102: Synchronous port and asynchronous port of the same register should not be driven by the same signal source                     ; altera_edge_detector:pulse_cold_reset|pulse_extend.extend_pulse[3]                                                                                                 ;
;  Synchronous and reset port source node(s) list                                                                                           ; altera_edge_detector:pulse_cold_reset|pulse_extend.extend_pulse[2]                                                                                                 ;
; Rule S102: Synchronous port and asynchronous port of the same register should not be driven by the same signal source                     ; altera_edge_detector:pulse_cold_reset|pulse_extend.extend_pulse[2]                                                                                                 ;
;  Synchronous and reset port source node(s) list                                                                                           ; altera_edge_detector:pulse_cold_reset|pulse_extend.extend_pulse[1]                                                                                                 ;
; Rule S102: Synchronous port and asynchronous port of the same register should not be driven by the same signal source                     ; altera_edge_detector:pulse_cold_reset|pulse_extend.extend_pulse[5]                                                                                                 ;
;  Synchronous and reset port source node(s) list                                                                                           ; altera_edge_detector:pulse_cold_reset|pulse_extend.extend_pulse[4]                                                                                                 ;
; Rule S102: Synchronous port and asynchronous port of the same register should not be driven by the same signal source                     ; altera_edge_detector:pulse_debug_reset|pulse_extend.extend_pulse[1]                                                                                                ;
;  Synchronous and reset port source node(s) list                                                                                           ; altera_edge_detector:pulse_debug_reset|pulse_extend.extend_pulse[0]                                                                                                ;
; Rule S102: Synchronous port and asynchronous port of the same register should not be driven by the same signal source                     ; altera_edge_detector:pulse_debug_reset|pulse_extend.extend_pulse[9]                                                                                                ;
;  Synchronous and reset port source node(s) list                                                                                           ; altera_edge_detector:pulse_debug_reset|pulse_extend.extend_pulse[8]                                                                                                ;
; Rule S102: Synchronous port and asynchronous port of the same register should not be driven by the same signal source                     ; altera_edge_detector:pulse_debug_reset|pulse_extend.extend_pulse[2]                                                                                                ;
;  Synchronous and reset port source node(s) list                                                                                           ; altera_edge_detector:pulse_debug_reset|pulse_extend.extend_pulse[1]                                                                                                ;
; Rule D101: Data bits are not synchronized when transferred between asynchronous clock domains - Structure 1                               ;                                                                                                                                                                    ;
;  Source node(s) from clock "soc_system:u0|soc_system_pll_music:pll_music|altera_pll:altera_pll_i|general[0].gpll~FRACTIONAL_PLL_O_VCOPH0" ; soc_system:u0|altera_reset_controller:rst_controller|altera_reset_synchronizer:alt_rst_sync_uq1|altera_reset_synchronizer_int_chain_out                            ;
;  Destination node(s) from clock "AUD_BCLK"                                                                                                ; soc_system:u0|AUDIO_IF:audio_if_0|AUDIO_DAC:DAC_Instance|bit_index[4]                                                                                              ;
;  Destination node(s) from clock "AUD_BCLK"                                                                                                ; soc_system:u0|AUDIO_IF:audio_if_0|AUDIO_DAC:DAC_Instance|bit_index[3]                                                                                              ;
;  Destination node(s) from clock "AUD_BCLK"                                                                                                ; soc_system:u0|AUDIO_IF:audio_if_0|AUDIO_DAC:DAC_Instance|bit_index[2]                                                                                              ;
;  Destination node(s) from clock "AUD_BCLK"                                                                                                ; soc_system:u0|AUDIO_IF:audio_if_0|AUDIO_DAC:DAC_Instance|request_bit                                                                                               ;
;  Destination node(s) from clock "AUD_BCLK"                                                                                                ; soc_system:u0|AUDIO_IF:audio_if_0|AUDIO_DAC:DAC_Instance|bit_index[0]                                                                                              ;
;  Destination node(s) from clock "AUD_BCLK"                                                                                                ; soc_system:u0|AUDIO_IF:audio_if_0|AUDIO_DAC:DAC_Instance|bit_index[1]                                                                                              ;
;  Destination node(s) from clock "AUD_BCLK"                                                                                                ; soc_system:u0|AUDIO_IF:audio_if_0|AUDIO_DAC:DAC_Instance|bit_to_dac                                                                                                ;
;  Destination node(s) from clock "AUD_BCLK"                                                                                                ; soc_system:u0|AUDIO_IF:audio_if_0|AUDIO_ADC:ADC_Instance|bit_index[2]                                                                                              ;
;  Destination node(s) from clock "AUD_BCLK"                                                                                                ; soc_system:u0|AUDIO_IF:audio_if_0|AUDIO_ADC:ADC_Instance|bit_index[0]                                                                                              ;
;  Destination node(s) from clock "AUD_BCLK"                                                                                                ; soc_system:u0|AUDIO_IF:audio_if_0|AUDIO_ADC:ADC_Instance|bit_index[1]                                                                                              ;
; Rule D101: Data bits are not synchronized when transferred between asynchronous clock domains - Structure 2                               ;                                                                                                                                                                    ;
;  Source node(s) from clock "soc_system:u0|soc_system_pll_music:pll_music|altera_pll:altera_pll_i|general[0].gpll~FRACTIONAL_PLL_O_VCOPH0" ; soc_system:u0|AUDIO_IF:audio_if_0|fifo_clear                                                                                                                       ;
;  Destination node(s) from clock "AUD_BCLK"                                                                                                ; soc_system:u0|AUDIO_IF:audio_if_0|AUDIO_DAC:DAC_Instance|bit_index[4]                                                                                              ;
;  Destination node(s) from clock "AUD_BCLK"                                                                                                ; soc_system:u0|AUDIO_IF:audio_if_0|AUDIO_DAC:DAC_Instance|bit_index[3]                                                                                              ;
;  Destination node(s) from clock "AUD_BCLK"                                                                                                ; soc_system:u0|AUDIO_IF:audio_if_0|AUDIO_DAC:DAC_Instance|bit_index[2]                                                                                              ;
;  Destination node(s) from clock "AUD_BCLK"                                                                                                ; soc_system:u0|AUDIO_IF:audio_if_0|AUDIO_DAC:DAC_Instance|request_bit                                                                                               ;
;  Destination node(s) from clock "AUD_BCLK"                                                                                                ; soc_system:u0|AUDIO_IF:audio_if_0|AUDIO_DAC:DAC_Instance|bit_index[0]                                                                                              ;
;  Destination node(s) from clock "AUD_BCLK"                                                                                                ; soc_system:u0|AUDIO_IF:audio_if_0|AUDIO_DAC:DAC_Instance|bit_index[1]                                                                                              ;
;  Destination node(s) from clock "AUD_BCLK"                                                                                                ; soc_system:u0|AUDIO_IF:audio_if_0|AUDIO_DAC:DAC_Instance|bit_to_dac                                                                                                ;
;  Destination node(s) from clock "AUD_BCLK"                                                                                                ; soc_system:u0|AUDIO_IF:audio_if_0|AUDIO_ADC:ADC_Instance|bit_index[2]                                                                                              ;
;  Destination node(s) from clock "AUD_BCLK"                                                                                                ; soc_system:u0|AUDIO_IF:audio_if_0|AUDIO_ADC:ADC_Instance|bit_index[0]                                                                                              ;
;  Destination node(s) from clock "AUD_BCLK"                                                                                                ; soc_system:u0|AUDIO_IF:audio_if_0|AUDIO_ADC:ADC_Instance|bit_index[1]                                                                                              ;
; Rule D101: Data bits are not synchronized when transferred between asynchronous clock domains - Structure 3                               ;                                                                                                                                                                    ;
;  Source node(s) from clock "AUD_DACLRCK"                                                                                                  ; soc_system:u0|AUDIO_IF:audio_if_0|AUDIO_DAC:DAC_Instance|data_to_dac[3]                                                                                            ;
;  Destination node(s) from clock "AUD_BCLK"                                                                                                ; soc_system:u0|AUDIO_IF:audio_if_0|AUDIO_DAC:DAC_Instance|shift_data_to_dac[3]                                                                                      ;
;  Destination node(s) from clock "AUD_BCLK"                                                                                                ; soc_system:u0|AUDIO_IF:audio_if_0|AUDIO_DAC:DAC_Instance|bit_to_dac                                                                                                ;
; Rule D101: Data bits are not synchronized when transferred between asynchronous clock domains - Structure 4                               ;                                                                                                                                                                    ;
;  Source node(s) from clock "AUD_DACLRCK"                                                                                                  ; soc_system:u0|AUDIO_IF:audio_if_0|AUDIO_DAC:DAC_Instance|data_to_dac[4]                                                                                            ;
;  Destination node(s) from clock "AUD_BCLK"                                                                                                ; soc_system:u0|AUDIO_IF:audio_if_0|AUDIO_DAC:DAC_Instance|shift_data_to_dac[4]                                                                                      ;
;  Destination node(s) from clock "AUD_BCLK"                                                                                                ; soc_system:u0|AUDIO_IF:audio_if_0|AUDIO_DAC:DAC_Instance|bit_to_dac                                                                                                ;
; Rule D101: Data bits are not synchronized when transferred between asynchronous clock domains - Structure 5                               ;                                                                                                                                                                    ;
;  Source node(s) from clock "AUD_DACLRCK"                                                                                                  ; soc_system:u0|AUDIO_IF:audio_if_0|AUDIO_DAC:DAC_Instance|data_to_dac[5]                                                                                            ;
;  Destination node(s) from clock "AUD_BCLK"                                                                                                ; soc_system:u0|AUDIO_IF:audio_if_0|AUDIO_DAC:DAC_Instance|shift_data_to_dac[5]                                                                                      ;
;  Destination node(s) from clock "AUD_BCLK"                                                                                                ; soc_system:u0|AUDIO_IF:audio_if_0|AUDIO_DAC:DAC_Instance|bit_to_dac                                                                                                ;
; Rule D101: Data bits are not synchronized when transferred between asynchronous clock domains - Structure 6                               ;                                                                                                                                                                    ;
;  Source node(s) from clock "AUD_DACLRCK"                                                                                                  ; soc_system:u0|AUDIO_IF:audio_if_0|AUDIO_DAC:DAC_Instance|data_to_dac[6]                                                                                            ;
;  Destination node(s) from clock "AUD_BCLK"                                                                                                ; soc_system:u0|AUDIO_IF:audio_if_0|AUDIO_DAC:DAC_Instance|shift_data_to_dac[6]                                                                                      ;
;  Destination node(s) from clock "AUD_BCLK"                                                                                                ; soc_system:u0|AUDIO_IF:audio_if_0|AUDIO_DAC:DAC_Instance|bit_to_dac                                                                                                ;
; Rule D101: Data bits are not synchronized when transferred between asynchronous clock domains - Structure 7                               ;                                                                                                                                                                    ;
;  Source node(s) from clock "AUD_DACLRCK"                                                                                                  ; soc_system:u0|AUDIO_IF:audio_if_0|AUDIO_DAC:DAC_Instance|data_to_dac[31]                                                                                           ;
;  Destination node(s) from clock "AUD_BCLK"                                                                                                ; soc_system:u0|AUDIO_IF:audio_if_0|AUDIO_DAC:DAC_Instance|shift_data_to_dac[31]                                                                                     ;
;  Destination node(s) from clock "AUD_BCLK"                                                                                                ; soc_system:u0|AUDIO_IF:audio_if_0|AUDIO_DAC:DAC_Instance|bit_to_dac                                                                                                ;
; Rule D101: Data bits are not synchronized when transferred between asynchronous clock domains - Structure 8                               ;                                                                                                                                                                    ;
;  Source node(s) from clock "AUD_DACLRCK"                                                                                                  ; soc_system:u0|AUDIO_IF:audio_if_0|AUDIO_DAC:DAC_Instance|data_to_dac[0]                                                                                            ;
;  Destination node(s) from clock "AUD_BCLK"                                                                                                ; soc_system:u0|AUDIO_IF:audio_if_0|AUDIO_DAC:DAC_Instance|shift_data_to_dac[0]                                                                                      ;
;  Destination node(s) from clock "AUD_BCLK"                                                                                                ; soc_system:u0|AUDIO_IF:audio_if_0|AUDIO_DAC:DAC_Instance|bit_to_dac                                                                                                ;
; Rule D101: Data bits are not synchronized when transferred between asynchronous clock domains - Structure 9                               ;                                                                                                                                                                    ;
;  Source node(s) from clock "AUD_DACLRCK"                                                                                                  ; soc_system:u0|AUDIO_IF:audio_if_0|AUDIO_DAC:DAC_Instance|data_to_dac[1]                                                                                            ;
;  Destination node(s) from clock "AUD_BCLK"                                                                                                ; soc_system:u0|AUDIO_IF:audio_if_0|AUDIO_DAC:DAC_Instance|shift_data_to_dac[1]                                                                                      ;
;  Destination node(s) from clock "AUD_BCLK"                                                                                                ; soc_system:u0|AUDIO_IF:audio_if_0|AUDIO_DAC:DAC_Instance|bit_to_dac                                                                                                ;
; Rule D101: Data bits are not synchronized when transferred between asynchronous clock domains - Structure 10                              ;                                                                                                                                                                    ;
;  Source node(s) from clock "AUD_DACLRCK"                                                                                                  ; soc_system:u0|AUDIO_IF:audio_if_0|AUDIO_DAC:DAC_Instance|data_to_dac[2]                                                                                            ;
;  Destination node(s) from clock "AUD_BCLK"                                                                                                ; soc_system:u0|AUDIO_IF:audio_if_0|AUDIO_DAC:DAC_Instance|shift_data_to_dac[2]                                                                                      ;
;  Destination node(s) from clock "AUD_BCLK"                                                                                                ; soc_system:u0|AUDIO_IF:audio_if_0|AUDIO_DAC:DAC_Instance|bit_to_dac                                                                                                ;
; Rule D101: Data bits are not synchronized when transferred between asynchronous clock domains - Structure 11                              ;                                                                                                                                                                    ;
;  Source node(s) from clock "AUD_DACLRCK"                                                                                                  ; soc_system:u0|AUDIO_IF:audio_if_0|AUDIO_DAC:DAC_Instance|data_to_dac[19]                                                                                           ;
;  Destination node(s) from clock "AUD_BCLK"                                                                                                ; soc_system:u0|AUDIO_IF:audio_if_0|AUDIO_DAC:DAC_Instance|shift_data_to_dac[19]                                                                                     ;
;  Destination node(s) from clock "AUD_BCLK"                                                                                                ; soc_system:u0|AUDIO_IF:audio_if_0|AUDIO_DAC:DAC_Instance|bit_to_dac                                                                                                ;
; Rule D101: Data bits are not synchronized when transferred between asynchronous clock domains - Structure 12                              ;                                                                                                                                                                    ;
;  Source node(s) from clock "AUD_DACLRCK"                                                                                                  ; soc_system:u0|AUDIO_IF:audio_if_0|AUDIO_DAC:DAC_Instance|data_to_dac[22]                                                                                           ;
;  Destination node(s) from clock "AUD_BCLK"                                                                                                ; soc_system:u0|AUDIO_IF:audio_if_0|AUDIO_DAC:DAC_Instance|shift_data_to_dac[22]                                                                                     ;
;  Destination node(s) from clock "AUD_BCLK"                                                                                                ; soc_system:u0|AUDIO_IF:audio_if_0|AUDIO_DAC:DAC_Instance|bit_to_dac                                                                                                ;
; Rule D101: Data bits are not synchronized when transferred between asynchronous clock domains - Structure 13                              ;                                                                                                                                                                    ;
;  Source node(s) from clock "AUD_DACLRCK"                                                                                                  ; soc_system:u0|AUDIO_IF:audio_if_0|AUDIO_DAC:DAC_Instance|data_to_dac[21]                                                                                           ;
;  Destination node(s) from clock "AUD_BCLK"                                                                                                ; soc_system:u0|AUDIO_IF:audio_if_0|AUDIO_DAC:DAC_Instance|shift_data_to_dac[21]                                                                                     ;
;  Destination node(s) from clock "AUD_BCLK"                                                                                                ; soc_system:u0|AUDIO_IF:audio_if_0|AUDIO_DAC:DAC_Instance|bit_to_dac                                                                                                ;
; Rule D101: Data bits are not synchronized when transferred between asynchronous clock domains - Structure 14                              ;                                                                                                                                                                    ;
;  Source node(s) from clock "AUD_DACLRCK"                                                                                                  ; soc_system:u0|AUDIO_IF:audio_if_0|AUDIO_DAC:DAC_Instance|data_to_dac[20]                                                                                           ;
;  Destination node(s) from clock "AUD_BCLK"                                                                                                ; soc_system:u0|AUDIO_IF:audio_if_0|AUDIO_DAC:DAC_Instance|shift_data_to_dac[20]                                                                                     ;
;  Destination node(s) from clock "AUD_BCLK"                                                                                                ; soc_system:u0|AUDIO_IF:audio_if_0|AUDIO_DAC:DAC_Instance|bit_to_dac                                                                                                ;
; Rule D101: Data bits are not synchronized when transferred between asynchronous clock domains - Structure 15                              ;                                                                                                                                                                    ;
;  Source node(s) from clock "AUD_DACLRCK"                                                                                                  ; soc_system:u0|AUDIO_IF:audio_if_0|AUDIO_DAC:DAC_Instance|data_to_dac[15]                                                                                           ;
;  Destination node(s) from clock "AUD_BCLK"                                                                                                ; soc_system:u0|AUDIO_IF:audio_if_0|AUDIO_DAC:DAC_Instance|shift_data_to_dac[15]                                                                                     ;
;  Destination node(s) from clock "AUD_BCLK"                                                                                                ; soc_system:u0|AUDIO_IF:audio_if_0|AUDIO_DAC:DAC_Instance|bit_to_dac                                                                                                ;
; Rule D101: Data bits are not synchronized when transferred between asynchronous clock domains - Structure 16                              ;                                                                                                                                                                    ;
;  Source node(s) from clock "AUD_DACLRCK"                                                                                                  ; soc_system:u0|AUDIO_IF:audio_if_0|AUDIO_DAC:DAC_Instance|data_to_dac[17]                                                                                           ;
;  Destination node(s) from clock "AUD_BCLK"                                                                                                ; soc_system:u0|AUDIO_IF:audio_if_0|AUDIO_DAC:DAC_Instance|shift_data_to_dac[17]                                                                                     ;
;  Destination node(s) from clock "AUD_BCLK"                                                                                                ; soc_system:u0|AUDIO_IF:audio_if_0|AUDIO_DAC:DAC_Instance|bit_to_dac                                                                                                ;
; Rule D101: Data bits are not synchronized when transferred between asynchronous clock domains - Structure 17                              ;                                                                                                                                                                    ;
;  Source node(s) from clock "AUD_DACLRCK"                                                                                                  ; soc_system:u0|AUDIO_IF:audio_if_0|AUDIO_DAC:DAC_Instance|data_to_dac[16]                                                                                           ;
;  Destination node(s) from clock "AUD_BCLK"                                                                                                ; soc_system:u0|AUDIO_IF:audio_if_0|AUDIO_DAC:DAC_Instance|shift_data_to_dac[16]                                                                                     ;
;  Destination node(s) from clock "AUD_BCLK"                                                                                                ; soc_system:u0|AUDIO_IF:audio_if_0|AUDIO_DAC:DAC_Instance|bit_to_dac                                                                                                ;
; Rule D101: Data bits are not synchronized when transferred between asynchronous clock domains - Structure 18                              ;                                                                                                                                                                    ;
;  Source node(s) from clock "AUD_DACLRCK"                                                                                                  ; soc_system:u0|AUDIO_IF:audio_if_0|AUDIO_DAC:DAC_Instance|data_to_dac[18]                                                                                           ;
;  Destination node(s) from clock "AUD_BCLK"                                                                                                ; soc_system:u0|AUDIO_IF:audio_if_0|AUDIO_DAC:DAC_Instance|shift_data_to_dac[18]                                                                                     ;
;  Destination node(s) from clock "AUD_BCLK"                                                                                                ; soc_system:u0|AUDIO_IF:audio_if_0|AUDIO_DAC:DAC_Instance|bit_to_dac                                                                                                ;
; Rule D101: Data bits are not synchronized when transferred between asynchronous clock domains - Structure 19                              ;                                                                                                                                                                    ;
;  Source node(s) from clock "AUD_DACLRCK"                                                                                                  ; soc_system:u0|AUDIO_IF:audio_if_0|AUDIO_DAC:DAC_Instance|data_to_dac[11]                                                                                           ;
;  Destination node(s) from clock "AUD_BCLK"                                                                                                ; soc_system:u0|AUDIO_IF:audio_if_0|AUDIO_DAC:DAC_Instance|shift_data_to_dac[11]                                                                                     ;
;  Destination node(s) from clock "AUD_BCLK"                                                                                                ; soc_system:u0|AUDIO_IF:audio_if_0|AUDIO_DAC:DAC_Instance|bit_to_dac                                                                                                ;
; Rule D101: Data bits are not synchronized when transferred between asynchronous clock domains - Structure 20                              ;                                                                                                                                                                    ;
;  Source node(s) from clock "AUD_DACLRCK"                                                                                                  ; soc_system:u0|AUDIO_IF:audio_if_0|AUDIO_DAC:DAC_Instance|data_to_dac[12]                                                                                           ;
;  Destination node(s) from clock "AUD_BCLK"                                                                                                ; soc_system:u0|AUDIO_IF:audio_if_0|AUDIO_DAC:DAC_Instance|shift_data_to_dac[12]                                                                                     ;
;  Destination node(s) from clock "AUD_BCLK"                                                                                                ; soc_system:u0|AUDIO_IF:audio_if_0|AUDIO_DAC:DAC_Instance|bit_to_dac                                                                                                ;
; Rule D101: Data bits are not synchronized when transferred between asynchronous clock domains - Structure 21                              ;                                                                                                                                                                    ;
;  Source node(s) from clock "AUD_DACLRCK"                                                                                                  ; soc_system:u0|AUDIO_IF:audio_if_0|AUDIO_DAC:DAC_Instance|data_to_dac[13]                                                                                           ;
;  Destination node(s) from clock "AUD_BCLK"                                                                                                ; soc_system:u0|AUDIO_IF:audio_if_0|AUDIO_DAC:DAC_Instance|shift_data_to_dac[13]                                                                                     ;
;  Destination node(s) from clock "AUD_BCLK"                                                                                                ; soc_system:u0|AUDIO_IF:audio_if_0|AUDIO_DAC:DAC_Instance|bit_to_dac                                                                                                ;
; Rule D101: Data bits are not synchronized when transferred between asynchronous clock domains - Structure 22                              ;                                                                                                                                                                    ;
;  Source node(s) from clock "AUD_DACLRCK"                                                                                                  ; soc_system:u0|AUDIO_IF:audio_if_0|AUDIO_DAC:DAC_Instance|data_to_dac[7]                                                                                            ;
;  Destination node(s) from clock "AUD_BCLK"                                                                                                ; soc_system:u0|AUDIO_IF:audio_if_0|AUDIO_DAC:DAC_Instance|shift_data_to_dac[7]                                                                                      ;
;  Destination node(s) from clock "AUD_BCLK"                                                                                                ; soc_system:u0|AUDIO_IF:audio_if_0|AUDIO_DAC:DAC_Instance|bit_to_dac                                                                                                ;
; Rule D101: Data bits are not synchronized when transferred between asynchronous clock domains - Structure 23                              ;                                                                                                                                                                    ;
;  Source node(s) from clock "AUD_DACLRCK"                                                                                                  ; soc_system:u0|AUDIO_IF:audio_if_0|AUDIO_DAC:DAC_Instance|data_to_dac[8]                                                                                            ;
;  Destination node(s) from clock "AUD_BCLK"                                                                                                ; soc_system:u0|AUDIO_IF:audio_if_0|AUDIO_DAC:DAC_Instance|shift_data_to_dac[8]                                                                                      ;
;  Destination node(s) from clock "AUD_BCLK"                                                                                                ; soc_system:u0|AUDIO_IF:audio_if_0|AUDIO_DAC:DAC_Instance|bit_to_dac                                                                                                ;
; Rule D101: Data bits are not synchronized when transferred between asynchronous clock domains - Structure 24                              ;                                                                                                                                                                    ;
;  Source node(s) from clock "AUD_DACLRCK"                                                                                                  ; soc_system:u0|AUDIO_IF:audio_if_0|AUDIO_DAC:DAC_Instance|data_to_dac[9]                                                                                            ;
;  Destination node(s) from clock "AUD_BCLK"                                                                                                ; soc_system:u0|AUDIO_IF:audio_if_0|AUDIO_DAC:DAC_Instance|shift_data_to_dac[9]                                                                                      ;
;  Destination node(s) from clock "AUD_BCLK"                                                                                                ; soc_system:u0|AUDIO_IF:audio_if_0|AUDIO_DAC:DAC_Instance|bit_to_dac                                                                                                ;
; Rule D101: Data bits are not synchronized when transferred between asynchronous clock domains - Structure 25                              ;                                                                                                                                                                    ;
;  Source node(s) from clock "AUD_DACLRCK"                                                                                                  ; soc_system:u0|AUDIO_IF:audio_if_0|AUDIO_DAC:DAC_Instance|data_to_dac[10]                                                                                           ;
;  Destination node(s) from clock "AUD_BCLK"                                                                                                ; soc_system:u0|AUDIO_IF:audio_if_0|AUDIO_DAC:DAC_Instance|shift_data_to_dac[10]                                                                                     ;
;  Destination node(s) from clock "AUD_BCLK"                                                                                                ; soc_system:u0|AUDIO_IF:audio_if_0|AUDIO_DAC:DAC_Instance|bit_to_dac                                                                                                ;
; Rule D101: Data bits are not synchronized when transferred between asynchronous clock domains - Structure 26                              ;                                                                                                                                                                    ;
;  Source node(s) from clock "AUD_DACLRCK"                                                                                                  ; soc_system:u0|AUDIO_IF:audio_if_0|AUDIO_DAC:DAC_Instance|data_to_dac[14]                                                                                           ;
;  Destination node(s) from clock "AUD_BCLK"                                                                                                ; soc_system:u0|AUDIO_IF:audio_if_0|AUDIO_DAC:DAC_Instance|shift_data_to_dac[14]                                                                                     ;
;  Destination node(s) from clock "AUD_BCLK"                                                                                                ; soc_system:u0|AUDIO_IF:audio_if_0|AUDIO_DAC:DAC_Instance|bit_to_dac                                                                                                ;
; Rule D101: Data bits are not synchronized when transferred between asynchronous clock domains - Structure 27                              ;                                                                                                                                                                    ;
;  Source node(s) from clock "AUD_DACLRCK"                                                                                                  ; soc_system:u0|AUDIO_IF:audio_if_0|AUDIO_DAC:DAC_Instance|data_to_dac[27]                                                                                           ;
;  Destination node(s) from clock "AUD_BCLK"                                                                                                ; soc_system:u0|AUDIO_IF:audio_if_0|AUDIO_DAC:DAC_Instance|shift_data_to_dac[27]                                                                                     ;
;  Destination node(s) from clock "AUD_BCLK"                                                                                                ; soc_system:u0|AUDIO_IF:audio_if_0|AUDIO_DAC:DAC_Instance|bit_to_dac                                                                                                ;
; Rule D101: Data bits are not synchronized when transferred between asynchronous clock domains - Structure 28                              ;                                                                                                                                                                    ;
;  Source node(s) from clock "AUD_DACLRCK"                                                                                                  ; soc_system:u0|AUDIO_IF:audio_if_0|AUDIO_DAC:DAC_Instance|data_to_dac[30]                                                                                           ;
;  Destination node(s) from clock "AUD_BCLK"                                                                                                ; soc_system:u0|AUDIO_IF:audio_if_0|AUDIO_DAC:DAC_Instance|shift_data_to_dac[30]                                                                                     ;
;  Destination node(s) from clock "AUD_BCLK"                                                                                                ; soc_system:u0|AUDIO_IF:audio_if_0|AUDIO_DAC:DAC_Instance|bit_to_dac                                                                                                ;
; Rule D101: Data bits are not synchronized when transferred between asynchronous clock domains - Structure 29                              ;                                                                                                                                                                    ;
;  Source node(s) from clock "AUD_DACLRCK"                                                                                                  ; soc_system:u0|AUDIO_IF:audio_if_0|AUDIO_DAC:DAC_Instance|data_to_dac[28]                                                                                           ;
;  Destination node(s) from clock "AUD_BCLK"                                                                                                ; soc_system:u0|AUDIO_IF:audio_if_0|AUDIO_DAC:DAC_Instance|shift_data_to_dac[28]                                                                                     ;
;  Destination node(s) from clock "AUD_BCLK"                                                                                                ; soc_system:u0|AUDIO_IF:audio_if_0|AUDIO_DAC:DAC_Instance|bit_to_dac                                                                                                ;
; Rule D101: Data bits are not synchronized when transferred between asynchronous clock domains - Structure 30                              ;                                                                                                                                                                    ;
;  Source node(s) from clock "AUD_DACLRCK"                                                                                                  ; soc_system:u0|AUDIO_IF:audio_if_0|AUDIO_DAC:DAC_Instance|data_to_dac[29]                                                                                           ;
;  Destination node(s) from clock "AUD_BCLK"                                                                                                ; soc_system:u0|AUDIO_IF:audio_if_0|AUDIO_DAC:DAC_Instance|shift_data_to_dac[29]                                                                                     ;
;  Destination node(s) from clock "AUD_BCLK"                                                                                                ; soc_system:u0|AUDIO_IF:audio_if_0|AUDIO_DAC:DAC_Instance|bit_to_dac                                                                                                ;
; Rule D101: Data bits are not synchronized when transferred between asynchronous clock domains - Structure 31                              ;                                                                                                                                                                    ;
;  Structure 31                                                                                                                             ; soc_system:u0|AUDIO_IF:audio_if_0|AUDIO_DAC:DAC_Instance|data_to_dac[23]                                                                                           ;
; Rule D101: Data bits are not synchronized when transferred between asynchronous clock domains - Structure 32                              ;                                                                                                                                                                    ;
;  Structure 32                                                                                                                             ; soc_system:u0|AUDIO_IF:audio_if_0|AUDIO_DAC:DAC_Instance|data_to_dac[26]                                                                                           ;
; Rule D101: Data bits are not synchronized when transferred between asynchronous clock domains - Structure 33                              ;                                                                                                                                                                    ;
;  Structure 33                                                                                                                             ; soc_system:u0|AUDIO_IF:audio_if_0|AUDIO_DAC:DAC_Instance|data_to_dac[25]                                                                                           ;
; Rule D101: Data bits are not synchronized when transferred between asynchronous clock domains - Structure 34                              ;                                                                                                                                                                    ;
;  Structure 34                                                                                                                             ; soc_system:u0|AUDIO_IF:audio_if_0|AUDIO_DAC:DAC_Instance|data_to_dac[24]                                                                                           ;
+-------------------------------------------------------------------------------------------------------------------------------------------+--------------------------------------------------------------------------------------------------------------------------------------------------------------------+


+--------------------------------------------------------------------------------------------------------------------------------------------------------------------------------------------------------------------------------------------------------------------------------------------------------------------------------------------------------------------------------------------------------------------------------------------------------------------------------------------------------------------------------------------------------------------+
; Medium Violations                                                                                                                                                                                                                                                                                                                                                                                                                                                                                                                                                  ;
+------------------------------------------------------------------------------------------------------------------------------------------------------------------------------------+-------------------------------------------------------------------------------------------------------------------------------------------------------------------------------------------------------------------------------------------------------------------------------------------------------------------------------------------------------------------------------+
; Rule name                                                                                                                                                                          ; Name                                                                                                                                                                                                                                                                                                                                                                          ;
+------------------------------------------------------------------------------------------------------------------------------------------------------------------------------------+-------------------------------------------------------------------------------------------------------------------------------------------------------------------------------------------------------------------------------------------------------------------------------------------------------------------------------------------------------------------------------+
; Rule C103: Gated clock does not feed at least a pre-defined number of clock ports to effectively save power                                                                        ; soc_system:u0|soc_system_hps_0:hps_0|soc_system_hps_0_hps_io:hps_io|soc_system_hps_0_hps_io_border:border|hps_sdram:hps_sdram_inst|hps_sdram_p0:p0|hps_sdram_p0_acv_hard_memphy:umemphy|hps_sdram_p0_acv_hard_io_pads:uio_pads|hps_sdram_p0_altdqdqs:dq_ddio[3].ubidir_dq_dqs|altdq_dqs2_acv_connect_to_hard_phy_cyclonev:altdq_dqs2_inst|dqsbusout                           ;
;  Gated clock destination node(s) list                                                                                                                                              ; soc_system:u0|soc_system_hps_0:hps_0|soc_system_hps_0_hps_io:hps_io|soc_system_hps_0_hps_io_border:border|hps_sdram:hps_sdram_inst|hps_sdram_p0:p0|hps_sdram_p0_acv_hard_memphy:umemphy|hps_sdram_p0_acv_hard_io_pads:uio_pads|hps_sdram_p0_altdqdqs:dq_ddio[3].ubidir_dq_dqs|altdq_dqs2_acv_connect_to_hard_phy_cyclonev:altdq_dqs2_inst|input_path_gen[0].capture_reg~DFFLO ;
;  Gated clock destination node(s) list                                                                                                                                              ; soc_system:u0|soc_system_hps_0:hps_0|soc_system_hps_0_hps_io:hps_io|soc_system_hps_0_hps_io_border:border|hps_sdram:hps_sdram_inst|hps_sdram_p0:p0|hps_sdram_p0_acv_hard_memphy:umemphy|hps_sdram_p0_acv_hard_io_pads:uio_pads|hps_sdram_p0_altdqdqs:dq_ddio[3].ubidir_dq_dqs|altdq_dqs2_acv_connect_to_hard_phy_cyclonev:altdq_dqs2_inst|input_path_gen[0].aligned_input[1]  ;
;  Gated clock destination node(s) list                                                                                                                                              ; soc_system:u0|soc_system_hps_0:hps_0|soc_system_hps_0_hps_io:hps_io|soc_system_hps_0_hps_io_border:border|hps_sdram:hps_sdram_inst|hps_sdram_p0:p0|hps_sdram_p0_acv_hard_memphy:umemphy|hps_sdram_p0_acv_hard_io_pads:uio_pads|hps_sdram_p0_altdqdqs:dq_ddio[3].ubidir_dq_dqs|altdq_dqs2_acv_connect_to_hard_phy_cyclonev:altdq_dqs2_inst|input_path_gen[1].capture_reg~DFFLO ;
;  Gated clock destination node(s) list                                                                                                                                              ; soc_system:u0|soc_system_hps_0:hps_0|soc_system_hps_0_hps_io:hps_io|soc_system_hps_0_hps_io_border:border|hps_sdram:hps_sdram_inst|hps_sdram_p0:p0|hps_sdram_p0_acv_hard_memphy:umemphy|hps_sdram_p0_acv_hard_io_pads:uio_pads|hps_sdram_p0_altdqdqs:dq_ddio[3].ubidir_dq_dqs|altdq_dqs2_acv_connect_to_hard_phy_cyclonev:altdq_dqs2_inst|input_path_gen[1].aligned_input[1]  ;
;  Gated clock destination node(s) list                                                                                                                                              ; soc_system:u0|soc_system_hps_0:hps_0|soc_system_hps_0_hps_io:hps_io|soc_system_hps_0_hps_io_border:border|hps_sdram:hps_sdram_inst|hps_sdram_p0:p0|hps_sdram_p0_acv_hard_memphy:umemphy|hps_sdram_p0_acv_hard_io_pads:uio_pads|hps_sdram_p0_altdqdqs:dq_ddio[3].ubidir_dq_dqs|altdq_dqs2_acv_connect_to_hard_phy_cyclonev:altdq_dqs2_inst|input_path_gen[2].capture_reg~DFFLO ;
;  Gated clock destination node(s) list                                                                                                                                              ; soc_system:u0|soc_system_hps_0:hps_0|soc_system_hps_0_hps_io:hps_io|soc_system_hps_0_hps_io_border:border|hps_sdram:hps_sdram_inst|hps_sdram_p0:p0|hps_sdram_p0_acv_hard_memphy:umemphy|hps_sdram_p0_acv_hard_io_pads:uio_pads|hps_sdram_p0_altdqdqs:dq_ddio[3].ubidir_dq_dqs|altdq_dqs2_acv_connect_to_hard_phy_cyclonev:altdq_dqs2_inst|input_path_gen[2].aligned_input[1]  ;
;  Gated clock destination node(s) list                                                                                                                                              ; soc_system:u0|soc_system_hps_0:hps_0|soc_system_hps_0_hps_io:hps_io|soc_system_hps_0_hps_io_border:border|hps_sdram:hps_sdram_inst|hps_sdram_p0:p0|hps_sdram_p0_acv_hard_memphy:umemphy|hps_sdram_p0_acv_hard_io_pads:uio_pads|hps_sdram_p0_altdqdqs:dq_ddio[3].ubidir_dq_dqs|altdq_dqs2_acv_connect_to_hard_phy_cyclonev:altdq_dqs2_inst|input_path_gen[3].capture_reg~DFFLO ;
;  Gated clock destination node(s) list                                                                                                                                              ; soc_system:u0|soc_system_hps_0:hps_0|soc_system_hps_0_hps_io:hps_io|soc_system_hps_0_hps_io_border:border|hps_sdram:hps_sdram_inst|hps_sdram_p0:p0|hps_sdram_p0_acv_hard_memphy:umemphy|hps_sdram_p0_acv_hard_io_pads:uio_pads|hps_sdram_p0_altdqdqs:dq_ddio[3].ubidir_dq_dqs|altdq_dqs2_acv_connect_to_hard_phy_cyclonev:altdq_dqs2_inst|input_path_gen[3].aligned_input[1]  ;
;  Gated clock destination node(s) list                                                                                                                                              ; soc_system:u0|soc_system_hps_0:hps_0|soc_system_hps_0_hps_io:hps_io|soc_system_hps_0_hps_io_border:border|hps_sdram:hps_sdram_inst|hps_sdram_p0:p0|hps_sdram_p0_acv_hard_memphy:umemphy|hps_sdram_p0_acv_hard_io_pads:uio_pads|hps_sdram_p0_altdqdqs:dq_ddio[3].ubidir_dq_dqs|altdq_dqs2_acv_connect_to_hard_phy_cyclonev:altdq_dqs2_inst|input_path_gen[4].capture_reg~DFFLO ;
;  Gated clock destination node(s) list                                                                                                                                              ; soc_system:u0|soc_system_hps_0:hps_0|soc_system_hps_0_hps_io:hps_io|soc_system_hps_0_hps_io_border:border|hps_sdram:hps_sdram_inst|hps_sdram_p0:p0|hps_sdram_p0_acv_hard_memphy:umemphy|hps_sdram_p0_acv_hard_io_pads:uio_pads|hps_sdram_p0_altdqdqs:dq_ddio[3].ubidir_dq_dqs|altdq_dqs2_acv_connect_to_hard_phy_cyclonev:altdq_dqs2_inst|input_path_gen[4].aligned_input[1]  ;
; Rule C103: Gated clock does not feed at least a pre-defined number of clock ports to effectively save power                                                                        ; soc_system:u0|soc_system_hps_0:hps_0|soc_system_hps_0_hps_io:hps_io|soc_system_hps_0_hps_io_border:border|hps_sdram:hps_sdram_inst|hps_sdram_p0:p0|hps_sdram_p0_acv_hard_memphy:umemphy|hps_sdram_p0_acv_hard_io_pads:uio_pads|hps_sdram_p0_altdqdqs:dq_ddio[0].ubidir_dq_dqs|altdq_dqs2_acv_connect_to_hard_phy_cyclonev:altdq_dqs2_inst|dqsbusout                           ;
;  Gated clock destination node(s) list                                                                                                                                              ; soc_system:u0|soc_system_hps_0:hps_0|soc_system_hps_0_hps_io:hps_io|soc_system_hps_0_hps_io_border:border|hps_sdram:hps_sdram_inst|hps_sdram_p0:p0|hps_sdram_p0_acv_hard_memphy:umemphy|hps_sdram_p0_acv_hard_io_pads:uio_pads|hps_sdram_p0_altdqdqs:dq_ddio[0].ubidir_dq_dqs|altdq_dqs2_acv_connect_to_hard_phy_cyclonev:altdq_dqs2_inst|input_path_gen[0].capture_reg~DFFLO ;
;  Gated clock destination node(s) list                                                                                                                                              ; soc_system:u0|soc_system_hps_0:hps_0|soc_system_hps_0_hps_io:hps_io|soc_system_hps_0_hps_io_border:border|hps_sdram:hps_sdram_inst|hps_sdram_p0:p0|hps_sdram_p0_acv_hard_memphy:umemphy|hps_sdram_p0_acv_hard_io_pads:uio_pads|hps_sdram_p0_altdqdqs:dq_ddio[0].ubidir_dq_dqs|altdq_dqs2_acv_connect_to_hard_phy_cyclonev:altdq_dqs2_inst|input_path_gen[0].aligned_input[1]  ;
;  Gated clock destination node(s) list                                                                                                                                              ; soc_system:u0|soc_system_hps_0:hps_0|soc_system_hps_0_hps_io:hps_io|soc_system_hps_0_hps_io_border:border|hps_sdram:hps_sdram_inst|hps_sdram_p0:p0|hps_sdram_p0_acv_hard_memphy:umemphy|hps_sdram_p0_acv_hard_io_pads:uio_pads|hps_sdram_p0_altdqdqs:dq_ddio[0].ubidir_dq_dqs|altdq_dqs2_acv_connect_to_hard_phy_cyclonev:altdq_dqs2_inst|input_path_gen[1].capture_reg~DFFLO ;
;  Gated clock destination node(s) list                                                                                                                                              ; soc_system:u0|soc_system_hps_0:hps_0|soc_system_hps_0_hps_io:hps_io|soc_system_hps_0_hps_io_border:border|hps_sdram:hps_sdram_inst|hps_sdram_p0:p0|hps_sdram_p0_acv_hard_memphy:umemphy|hps_sdram_p0_acv_hard_io_pads:uio_pads|hps_sdram_p0_altdqdqs:dq_ddio[0].ubidir_dq_dqs|altdq_dqs2_acv_connect_to_hard_phy_cyclonev:altdq_dqs2_inst|input_path_gen[1].aligned_input[1]  ;
;  Gated clock destination node(s) list                                                                                                                                              ; soc_system:u0|soc_system_hps_0:hps_0|soc_system_hps_0_hps_io:hps_io|soc_system_hps_0_hps_io_border:border|hps_sdram:hps_sdram_inst|hps_sdram_p0:p0|hps_sdram_p0_acv_hard_memphy:umemphy|hps_sdram_p0_acv_hard_io_pads:uio_pads|hps_sdram_p0_altdqdqs:dq_ddio[0].ubidir_dq_dqs|altdq_dqs2_acv_connect_to_hard_phy_cyclonev:altdq_dqs2_inst|input_path_gen[2].capture_reg~DFFLO ;
;  Gated clock destination node(s) list                                                                                                                                              ; soc_system:u0|soc_system_hps_0:hps_0|soc_system_hps_0_hps_io:hps_io|soc_system_hps_0_hps_io_border:border|hps_sdram:hps_sdram_inst|hps_sdram_p0:p0|hps_sdram_p0_acv_hard_memphy:umemphy|hps_sdram_p0_acv_hard_io_pads:uio_pads|hps_sdram_p0_altdqdqs:dq_ddio[0].ubidir_dq_dqs|altdq_dqs2_acv_connect_to_hard_phy_cyclonev:altdq_dqs2_inst|input_path_gen[2].aligned_input[1]  ;
;  Gated clock destination node(s) list                                                                                                                                              ; soc_system:u0|soc_system_hps_0:hps_0|soc_system_hps_0_hps_io:hps_io|soc_system_hps_0_hps_io_border:border|hps_sdram:hps_sdram_inst|hps_sdram_p0:p0|hps_sdram_p0_acv_hard_memphy:umemphy|hps_sdram_p0_acv_hard_io_pads:uio_pads|hps_sdram_p0_altdqdqs:dq_ddio[0].ubidir_dq_dqs|altdq_dqs2_acv_connect_to_hard_phy_cyclonev:altdq_dqs2_inst|input_path_gen[3].capture_reg~DFFLO ;
;  Gated clock destination node(s) list                                                                                                                                              ; soc_system:u0|soc_system_hps_0:hps_0|soc_system_hps_0_hps_io:hps_io|soc_system_hps_0_hps_io_border:border|hps_sdram:hps_sdram_inst|hps_sdram_p0:p0|hps_sdram_p0_acv_hard_memphy:umemphy|hps_sdram_p0_acv_hard_io_pads:uio_pads|hps_sdram_p0_altdqdqs:dq_ddio[0].ubidir_dq_dqs|altdq_dqs2_acv_connect_to_hard_phy_cyclonev:altdq_dqs2_inst|input_path_gen[3].aligned_input[1]  ;
;  Gated clock destination node(s) list                                                                                                                                              ; soc_system:u0|soc_system_hps_0:hps_0|soc_system_hps_0_hps_io:hps_io|soc_system_hps_0_hps_io_border:border|hps_sdram:hps_sdram_inst|hps_sdram_p0:p0|hps_sdram_p0_acv_hard_memphy:umemphy|hps_sdram_p0_acv_hard_io_pads:uio_pads|hps_sdram_p0_altdqdqs:dq_ddio[0].ubidir_dq_dqs|altdq_dqs2_acv_connect_to_hard_phy_cyclonev:altdq_dqs2_inst|input_path_gen[4].capture_reg~DFFLO ;
;  Gated clock destination node(s) list                                                                                                                                              ; soc_system:u0|soc_system_hps_0:hps_0|soc_system_hps_0_hps_io:hps_io|soc_system_hps_0_hps_io_border:border|hps_sdram:hps_sdram_inst|hps_sdram_p0:p0|hps_sdram_p0_acv_hard_memphy:umemphy|hps_sdram_p0_acv_hard_io_pads:uio_pads|hps_sdram_p0_altdqdqs:dq_ddio[0].ubidir_dq_dqs|altdq_dqs2_acv_connect_to_hard_phy_cyclonev:altdq_dqs2_inst|input_path_gen[4].aligned_input[1]  ;
; Rule C103: Gated clock does not feed at least a pre-defined number of clock ports to effectively save power                                                                        ; soc_system:u0|soc_system_hps_0:hps_0|soc_system_hps_0_hps_io:hps_io|soc_system_hps_0_hps_io_border:border|hps_sdram:hps_sdram_inst|hps_sdram_p0:p0|hps_sdram_p0_acv_hard_memphy:umemphy|hps_sdram_p0_acv_hard_io_pads:uio_pads|hps_sdram_p0_altdqdqs:dq_ddio[1].ubidir_dq_dqs|altdq_dqs2_acv_connect_to_hard_phy_cyclonev:altdq_dqs2_inst|dqsbusout                           ;
;  Gated clock destination node(s) list                                                                                                                                              ; soc_system:u0|soc_system_hps_0:hps_0|soc_system_hps_0_hps_io:hps_io|soc_system_hps_0_hps_io_border:border|hps_sdram:hps_sdram_inst|hps_sdram_p0:p0|hps_sdram_p0_acv_hard_memphy:umemphy|hps_sdram_p0_acv_hard_io_pads:uio_pads|hps_sdram_p0_altdqdqs:dq_ddio[1].ubidir_dq_dqs|altdq_dqs2_acv_connect_to_hard_phy_cyclonev:altdq_dqs2_inst|input_path_gen[0].capture_reg~DFFLO ;
;  Gated clock destination node(s) list                                                                                                                                              ; soc_system:u0|soc_system_hps_0:hps_0|soc_system_hps_0_hps_io:hps_io|soc_system_hps_0_hps_io_border:border|hps_sdram:hps_sdram_inst|hps_sdram_p0:p0|hps_sdram_p0_acv_hard_memphy:umemphy|hps_sdram_p0_acv_hard_io_pads:uio_pads|hps_sdram_p0_altdqdqs:dq_ddio[1].ubidir_dq_dqs|altdq_dqs2_acv_connect_to_hard_phy_cyclonev:altdq_dqs2_inst|input_path_gen[0].aligned_input[1]  ;
;  Gated clock destination node(s) list                                                                                                                                              ; soc_system:u0|soc_system_hps_0:hps_0|soc_system_hps_0_hps_io:hps_io|soc_system_hps_0_hps_io_border:border|hps_sdram:hps_sdram_inst|hps_sdram_p0:p0|hps_sdram_p0_acv_hard_memphy:umemphy|hps_sdram_p0_acv_hard_io_pads:uio_pads|hps_sdram_p0_altdqdqs:dq_ddio[1].ubidir_dq_dqs|altdq_dqs2_acv_connect_to_hard_phy_cyclonev:altdq_dqs2_inst|input_path_gen[1].capture_reg~DFFLO ;
;  Gated clock destination node(s) list                                                                                                                                              ; soc_system:u0|soc_system_hps_0:hps_0|soc_system_hps_0_hps_io:hps_io|soc_system_hps_0_hps_io_border:border|hps_sdram:hps_sdram_inst|hps_sdram_p0:p0|hps_sdram_p0_acv_hard_memphy:umemphy|hps_sdram_p0_acv_hard_io_pads:uio_pads|hps_sdram_p0_altdqdqs:dq_ddio[1].ubidir_dq_dqs|altdq_dqs2_acv_connect_to_hard_phy_cyclonev:altdq_dqs2_inst|input_path_gen[1].aligned_input[1]  ;
;  Gated clock destination node(s) list                                                                                                                                              ; soc_system:u0|soc_system_hps_0:hps_0|soc_system_hps_0_hps_io:hps_io|soc_system_hps_0_hps_io_border:border|hps_sdram:hps_sdram_inst|hps_sdram_p0:p0|hps_sdram_p0_acv_hard_memphy:umemphy|hps_sdram_p0_acv_hard_io_pads:uio_pads|hps_sdram_p0_altdqdqs:dq_ddio[1].ubidir_dq_dqs|altdq_dqs2_acv_connect_to_hard_phy_cyclonev:altdq_dqs2_inst|input_path_gen[2].capture_reg~DFFLO ;
;  Gated clock destination node(s) list                                                                                                                                              ; soc_system:u0|soc_system_hps_0:hps_0|soc_system_hps_0_hps_io:hps_io|soc_system_hps_0_hps_io_border:border|hps_sdram:hps_sdram_inst|hps_sdram_p0:p0|hps_sdram_p0_acv_hard_memphy:umemphy|hps_sdram_p0_acv_hard_io_pads:uio_pads|hps_sdram_p0_altdqdqs:dq_ddio[1].ubidir_dq_dqs|altdq_dqs2_acv_connect_to_hard_phy_cyclonev:altdq_dqs2_inst|input_path_gen[2].aligned_input[1]  ;
;  Gated clock destination node(s) list                                                                                                                                              ; soc_system:u0|soc_system_hps_0:hps_0|soc_system_hps_0_hps_io:hps_io|soc_system_hps_0_hps_io_border:border|hps_sdram:hps_sdram_inst|hps_sdram_p0:p0|hps_sdram_p0_acv_hard_memphy:umemphy|hps_sdram_p0_acv_hard_io_pads:uio_pads|hps_sdram_p0_altdqdqs:dq_ddio[1].ubidir_dq_dqs|altdq_dqs2_acv_connect_to_hard_phy_cyclonev:altdq_dqs2_inst|input_path_gen[3].capture_reg~DFFLO ;
;  Gated clock destination node(s) list                                                                                                                                              ; soc_system:u0|soc_system_hps_0:hps_0|soc_system_hps_0_hps_io:hps_io|soc_system_hps_0_hps_io_border:border|hps_sdram:hps_sdram_inst|hps_sdram_p0:p0|hps_sdram_p0_acv_hard_memphy:umemphy|hps_sdram_p0_acv_hard_io_pads:uio_pads|hps_sdram_p0_altdqdqs:dq_ddio[1].ubidir_dq_dqs|altdq_dqs2_acv_connect_to_hard_phy_cyclonev:altdq_dqs2_inst|input_path_gen[3].aligned_input[1]  ;
;  Gated clock destination node(s) list                                                                                                                                              ; soc_system:u0|soc_system_hps_0:hps_0|soc_system_hps_0_hps_io:hps_io|soc_system_hps_0_hps_io_border:border|hps_sdram:hps_sdram_inst|hps_sdram_p0:p0|hps_sdram_p0_acv_hard_memphy:umemphy|hps_sdram_p0_acv_hard_io_pads:uio_pads|hps_sdram_p0_altdqdqs:dq_ddio[1].ubidir_dq_dqs|altdq_dqs2_acv_connect_to_hard_phy_cyclonev:altdq_dqs2_inst|input_path_gen[4].capture_reg~DFFLO ;
;  Gated clock destination node(s) list                                                                                                                                              ; soc_system:u0|soc_system_hps_0:hps_0|soc_system_hps_0_hps_io:hps_io|soc_system_hps_0_hps_io_border:border|hps_sdram:hps_sdram_inst|hps_sdram_p0:p0|hps_sdram_p0_acv_hard_memphy:umemphy|hps_sdram_p0_acv_hard_io_pads:uio_pads|hps_sdram_p0_altdqdqs:dq_ddio[1].ubidir_dq_dqs|altdq_dqs2_acv_connect_to_hard_phy_cyclonev:altdq_dqs2_inst|input_path_gen[4].aligned_input[1]  ;
; Rule C103: Gated clock does not feed at least a pre-defined number of clock ports to effectively save power                                                                        ; soc_system:u0|soc_system_hps_0:hps_0|soc_system_hps_0_hps_io:hps_io|soc_system_hps_0_hps_io_border:border|hps_sdram:hps_sdram_inst|hps_sdram_p0:p0|hps_sdram_p0_acv_hard_memphy:umemphy|hps_sdram_p0_acv_hard_io_pads:uio_pads|hps_sdram_p0_altdqdqs:dq_ddio[2].ubidir_dq_dqs|altdq_dqs2_acv_connect_to_hard_phy_cyclonev:altdq_dqs2_inst|dqsbusout                           ;
;  Gated clock destination node(s) list                                                                                                                                              ; soc_system:u0|soc_system_hps_0:hps_0|soc_system_hps_0_hps_io:hps_io|soc_system_hps_0_hps_io_border:border|hps_sdram:hps_sdram_inst|hps_sdram_p0:p0|hps_sdram_p0_acv_hard_memphy:umemphy|hps_sdram_p0_acv_hard_io_pads:uio_pads|hps_sdram_p0_altdqdqs:dq_ddio[2].ubidir_dq_dqs|altdq_dqs2_acv_connect_to_hard_phy_cyclonev:altdq_dqs2_inst|input_path_gen[0].capture_reg~DFFLO ;
;  Gated clock destination node(s) list                                                                                                                                              ; soc_system:u0|soc_system_hps_0:hps_0|soc_system_hps_0_hps_io:hps_io|soc_system_hps_0_hps_io_border:border|hps_sdram:hps_sdram_inst|hps_sdram_p0:p0|hps_sdram_p0_acv_hard_memphy:umemphy|hps_sdram_p0_acv_hard_io_pads:uio_pads|hps_sdram_p0_altdqdqs:dq_ddio[2].ubidir_dq_dqs|altdq_dqs2_acv_connect_to_hard_phy_cyclonev:altdq_dqs2_inst|input_path_gen[0].aligned_input[1]  ;
;  Gated clock destination node(s) list                                                                                                                                              ; soc_system:u0|soc_system_hps_0:hps_0|soc_system_hps_0_hps_io:hps_io|soc_system_hps_0_hps_io_border:border|hps_sdram:hps_sdram_inst|hps_sdram_p0:p0|hps_sdram_p0_acv_hard_memphy:umemphy|hps_sdram_p0_acv_hard_io_pads:uio_pads|hps_sdram_p0_altdqdqs:dq_ddio[2].ubidir_dq_dqs|altdq_dqs2_acv_connect_to_hard_phy_cyclonev:altdq_dqs2_inst|input_path_gen[1].capture_reg~DFFLO ;
;  Gated clock destination node(s) list                                                                                                                                              ; soc_system:u0|soc_system_hps_0:hps_0|soc_system_hps_0_hps_io:hps_io|soc_system_hps_0_hps_io_border:border|hps_sdram:hps_sdram_inst|hps_sdram_p0:p0|hps_sdram_p0_acv_hard_memphy:umemphy|hps_sdram_p0_acv_hard_io_pads:uio_pads|hps_sdram_p0_altdqdqs:dq_ddio[2].ubidir_dq_dqs|altdq_dqs2_acv_connect_to_hard_phy_cyclonev:altdq_dqs2_inst|input_path_gen[1].aligned_input[1]  ;
;  Gated clock destination node(s) list                                                                                                                                              ; soc_system:u0|soc_system_hps_0:hps_0|soc_system_hps_0_hps_io:hps_io|soc_system_hps_0_hps_io_border:border|hps_sdram:hps_sdram_inst|hps_sdram_p0:p0|hps_sdram_p0_acv_hard_memphy:umemphy|hps_sdram_p0_acv_hard_io_pads:uio_pads|hps_sdram_p0_altdqdqs:dq_ddio[2].ubidir_dq_dqs|altdq_dqs2_acv_connect_to_hard_phy_cyclonev:altdq_dqs2_inst|input_path_gen[2].capture_reg~DFFLO ;
;  Gated clock destination node(s) list                                                                                                                                              ; soc_system:u0|soc_system_hps_0:hps_0|soc_system_hps_0_hps_io:hps_io|soc_system_hps_0_hps_io_border:border|hps_sdram:hps_sdram_inst|hps_sdram_p0:p0|hps_sdram_p0_acv_hard_memphy:umemphy|hps_sdram_p0_acv_hard_io_pads:uio_pads|hps_sdram_p0_altdqdqs:dq_ddio[2].ubidir_dq_dqs|altdq_dqs2_acv_connect_to_hard_phy_cyclonev:altdq_dqs2_inst|input_path_gen[2].aligned_input[1]  ;
;  Gated clock destination node(s) list                                                                                                                                              ; soc_system:u0|soc_system_hps_0:hps_0|soc_system_hps_0_hps_io:hps_io|soc_system_hps_0_hps_io_border:border|hps_sdram:hps_sdram_inst|hps_sdram_p0:p0|hps_sdram_p0_acv_hard_memphy:umemphy|hps_sdram_p0_acv_hard_io_pads:uio_pads|hps_sdram_p0_altdqdqs:dq_ddio[2].ubidir_dq_dqs|altdq_dqs2_acv_connect_to_hard_phy_cyclonev:altdq_dqs2_inst|input_path_gen[3].capture_reg~DFFLO ;
;  Gated clock destination node(s) list                                                                                                                                              ; soc_system:u0|soc_system_hps_0:hps_0|soc_system_hps_0_hps_io:hps_io|soc_system_hps_0_hps_io_border:border|hps_sdram:hps_sdram_inst|hps_sdram_p0:p0|hps_sdram_p0_acv_hard_memphy:umemphy|hps_sdram_p0_acv_hard_io_pads:uio_pads|hps_sdram_p0_altdqdqs:dq_ddio[2].ubidir_dq_dqs|altdq_dqs2_acv_connect_to_hard_phy_cyclonev:altdq_dqs2_inst|input_path_gen[3].aligned_input[1]  ;
;  Gated clock destination node(s) list                                                                                                                                              ; soc_system:u0|soc_system_hps_0:hps_0|soc_system_hps_0_hps_io:hps_io|soc_system_hps_0_hps_io_border:border|hps_sdram:hps_sdram_inst|hps_sdram_p0:p0|hps_sdram_p0_acv_hard_memphy:umemphy|hps_sdram_p0_acv_hard_io_pads:uio_pads|hps_sdram_p0_altdqdqs:dq_ddio[2].ubidir_dq_dqs|altdq_dqs2_acv_connect_to_hard_phy_cyclonev:altdq_dqs2_inst|input_path_gen[4].capture_reg~DFFLO ;
;  Gated clock destination node(s) list                                                                                                                                              ; soc_system:u0|soc_system_hps_0:hps_0|soc_system_hps_0_hps_io:hps_io|soc_system_hps_0_hps_io_border:border|hps_sdram:hps_sdram_inst|hps_sdram_p0:p0|hps_sdram_p0_acv_hard_memphy:umemphy|hps_sdram_p0_acv_hard_io_pads:uio_pads|hps_sdram_p0_altdqdqs:dq_ddio[2].ubidir_dq_dqs|altdq_dqs2_acv_connect_to_hard_phy_cyclonev:altdq_dqs2_inst|input_path_gen[4].aligned_input[1]  ;
; Rule C103: Gated clock does not feed at least a pre-defined number of clock ports to effectively save power                                                                        ; soc_system:u0|soc_system_hps_0:hps_0|soc_system_hps_0_hps_io:hps_io|soc_system_hps_0_hps_io_border:border|hps_sdram:hps_sdram_inst|hps_sdram_pll:pll|afi_clk                                                                                                                                                                                                                  ;
;  Gated clock destination node(s) list                                                                                                                                              ; soc_system:u0|soc_system_hps_0:hps_0|soc_system_hps_0_hps_io:hps_io|soc_system_hps_0_hps_io_border:border|hps_sdram:hps_sdram_inst|hps_sdram_p0:p0|hps_sdram_p0_acv_hard_memphy:umemphy|hps_sdram_p0_acv_hard_io_pads:uio_pads|hps_sdram_p0_altdqdqs:dq_ddio[0].ubidir_dq_dqs|altdq_dqs2_acv_connect_to_hard_phy_cyclonev:altdq_dqs2_inst|predelayed_os_oct                   ;
;  Gated clock destination node(s) list                                                                                                                                              ; soc_system:u0|soc_system_hps_0:hps_0|soc_system_hps_0_hps_io:hps_io|soc_system_hps_0_hps_io_border:border|hps_sdram:hps_sdram_inst|hps_sdram_p0:p0|hps_sdram_p0_acv_hard_memphy:umemphy|hps_sdram_p0_acv_hard_io_pads:uio_pads|hps_sdram_p0_altdqdqs:dq_ddio[0].ubidir_dq_dqs|altdq_dqs2_acv_connect_to_hard_phy_cyclonev:altdq_dqs2_inst|os_oe_reg                           ;
;  Gated clock destination node(s) list                                                                                                                                              ; soc_system:u0|soc_system_hps_0:hps_0|soc_system_hps_0_hps_io:hps_io|soc_system_hps_0_hps_io_border:border|hps_sdram:hps_sdram_inst|hps_sdram_p0:p0|hps_sdram_p0_acv_hard_memphy:umemphy|hps_sdram_p0_acv_hard_io_pads:uio_pads|hps_sdram_p0_altdqdqs:dq_ddio[1].ubidir_dq_dqs|altdq_dqs2_acv_connect_to_hard_phy_cyclonev:altdq_dqs2_inst|predelayed_os_oct                   ;
;  Gated clock destination node(s) list                                                                                                                                              ; soc_system:u0|soc_system_hps_0:hps_0|soc_system_hps_0_hps_io:hps_io|soc_system_hps_0_hps_io_border:border|hps_sdram:hps_sdram_inst|hps_sdram_p0:p0|hps_sdram_p0_acv_hard_memphy:umemphy|hps_sdram_p0_acv_hard_io_pads:uio_pads|hps_sdram_p0_altdqdqs:dq_ddio[1].ubidir_dq_dqs|altdq_dqs2_acv_connect_to_hard_phy_cyclonev:altdq_dqs2_inst|os_oe_reg                           ;
;  Gated clock destination node(s) list                                                                                                                                              ; soc_system:u0|soc_system_hps_0:hps_0|soc_system_hps_0_hps_io:hps_io|soc_system_hps_0_hps_io_border:border|hps_sdram:hps_sdram_inst|hps_sdram_p0:p0|hps_sdram_p0_acv_hard_memphy:umemphy|hps_sdram_p0_acv_hard_io_pads:uio_pads|hps_sdram_p0_altdqdqs:dq_ddio[2].ubidir_dq_dqs|altdq_dqs2_acv_connect_to_hard_phy_cyclonev:altdq_dqs2_inst|predelayed_os_oct                   ;
;  Gated clock destination node(s) list                                                                                                                                              ; soc_system:u0|soc_system_hps_0:hps_0|soc_system_hps_0_hps_io:hps_io|soc_system_hps_0_hps_io_border:border|hps_sdram:hps_sdram_inst|hps_sdram_p0:p0|hps_sdram_p0_acv_hard_memphy:umemphy|hps_sdram_p0_acv_hard_io_pads:uio_pads|hps_sdram_p0_altdqdqs:dq_ddio[2].ubidir_dq_dqs|altdq_dqs2_acv_connect_to_hard_phy_cyclonev:altdq_dqs2_inst|os_oe_reg                           ;
;  Gated clock destination node(s) list                                                                                                                                              ; soc_system:u0|soc_system_hps_0:hps_0|soc_system_hps_0_hps_io:hps_io|soc_system_hps_0_hps_io_border:border|hps_sdram:hps_sdram_inst|hps_sdram_p0:p0|hps_sdram_p0_acv_hard_memphy:umemphy|hps_sdram_p0_acv_hard_io_pads:uio_pads|hps_sdram_p0_altdqdqs:dq_ddio[3].ubidir_dq_dqs|altdq_dqs2_acv_connect_to_hard_phy_cyclonev:altdq_dqs2_inst|predelayed_os_oct                   ;
;  Gated clock destination node(s) list                                                                                                                                              ; soc_system:u0|soc_system_hps_0:hps_0|soc_system_hps_0_hps_io:hps_io|soc_system_hps_0_hps_io_border:border|hps_sdram:hps_sdram_inst|hps_sdram_p0:p0|hps_sdram_p0_acv_hard_memphy:umemphy|hps_sdram_p0_acv_hard_io_pads:uio_pads|hps_sdram_p0_altdqdqs:dq_ddio[3].ubidir_dq_dqs|altdq_dqs2_acv_connect_to_hard_phy_cyclonev:altdq_dqs2_inst|os_oe_reg                           ;
; Rule C104: Clock signal source should drive only clock input ports                                                                                                                 ; CLOCK_50                                                                                                                                                                                                                                                                                                                                                                      ;
;  Clock ports destination node(s) list                                                                                                                                              ; altera_edge_detector:pulse_warm_reset|pulse_extend.extend_pulse[1]                                                                                                                                                                                                                                                                                                            ;
;  Clock ports destination node(s) list                                                                                                                                              ; altera_edge_detector:pulse_warm_reset|pulse_extend.extend_pulse[0]                                                                                                                                                                                                                                                                                                            ;
;  Clock ports destination node(s) list                                                                                                                                              ; altera_edge_detector:pulse_warm_reset|state.CAPT                                                                                                                                                                                                                                                                                                                              ;
;  Clock ports destination node(s) list                                                                                                                                              ; altera_edge_detector:pulse_warm_reset|state.ARM                                                                                                                                                                                                                                                                                                                               ;
;  Clock ports destination node(s) list                                                                                                                                              ; hps_reset:hps_reset_inst|altsource_probe:altsource_probe_component|altsource_probe_body:altsource_probe_body_inst|altsource_probe_impl:\wider_source_gen:wider_source_inst|metastable_l2_reg[1]                                                                                                                                                                               ;
;  Clock ports destination node(s) list                                                                                                                                              ; hps_reset:hps_reset_inst|altsource_probe:altsource_probe_component|altsource_probe_body:altsource_probe_body_inst|altsource_probe_impl:\wider_source_gen:wider_source_inst|metastable_l1_reg[1]                                                                                                                                                                               ;
;  Clock ports destination node(s) list                                                                                                                                              ; soc_system:u0|soc_system_master_non_sec:master_secure|altera_avalon_st_jtag_interface:jtag_phy_embedded_in_jtag_master|altera_jtag_dc_streaming:normal.jtag_dc_streaming|altera_jtag_streaming:jtag_streaming|clock_to_sample_div2                                                                                                                                            ;
;  Clock ports destination node(s) list                                                                                                                                              ; soc_system:u0|soc_system_master_non_sec:master_secure|altera_avalon_st_jtag_interface:jtag_phy_embedded_in_jtag_master|altera_jtag_dc_streaming:normal.jtag_dc_streaming|altera_jtag_streaming:jtag_streaming|clock_sensor                                                                                                                                                    ;
;  Clock ports destination node(s) list                                                                                                                                              ; soc_system:u0|soc_system_master_non_sec:master_secure|altera_avalon_st_jtag_interface:jtag_phy_embedded_in_jtag_master|altera_jtag_dc_streaming:normal.jtag_dc_streaming|altera_jtag_streaming:jtag_streaming|altera_std_synchronizer:clock_sense_reset_n_synchronizer|dreg[6]                                                                                                ;
;  Clock ports destination node(s) list                                                                                                                                              ; soc_system:u0|soc_system_master_non_sec:master_secure|altera_avalon_st_jtag_interface:jtag_phy_embedded_in_jtag_master|altera_jtag_dc_streaming:normal.jtag_dc_streaming|altera_jtag_streaming:jtag_streaming|altera_std_synchronizer:clock_sense_reset_n_synchronizer|dreg[5]                                                                                                ;
;  Non-clock ports destination node(s) list                                                                                                                                          ; soc_system:u0|soc_system_pll_music:pll_music|altera_pll:altera_pll_i|general[0].gpll                                                                                                                                                                                                                                                                                          ;
; Rule C104: Clock signal source should drive only clock input ports                                                                                                                 ; AUD_DACLRCK                                                                                                                                                                                                                                                                                                                                                                   ;
;  Clock ports destination node(s) list                                                                                                                                              ; soc_system:u0|AUDIO_IF:audio_if_0|AUDIO_DAC:DAC_Instance|data_to_dac[3]                                                                                                                                                                                                                                                                                                       ;
;  Clock ports destination node(s) list                                                                                                                                              ; soc_system:u0|AUDIO_IF:audio_if_0|AUDIO_DAC:DAC_Instance|data_to_dac[4]                                                                                                                                                                                                                                                                                                       ;
;  Clock ports destination node(s) list                                                                                                                                              ; soc_system:u0|AUDIO_IF:audio_if_0|AUDIO_DAC:DAC_Instance|data_to_dac[5]                                                                                                                                                                                                                                                                                                       ;
;  Clock ports destination node(s) list                                                                                                                                              ; soc_system:u0|AUDIO_IF:audio_if_0|AUDIO_DAC:DAC_Instance|data_to_dac[6]                                                                                                                                                                                                                                                                                                       ;
;  Clock ports destination node(s) list                                                                                                                                              ; soc_system:u0|AUDIO_IF:audio_if_0|AUDIO_DAC:DAC_Instance|data_to_dac[31]                                                                                                                                                                                                                                                                                                      ;
;  Clock ports destination node(s) list                                                                                                                                              ; soc_system:u0|AUDIO_IF:audio_if_0|AUDIO_DAC:DAC_Instance|data_to_dac[0]                                                                                                                                                                                                                                                                                                       ;
;  Clock ports destination node(s) list                                                                                                                                              ; soc_system:u0|AUDIO_IF:audio_if_0|AUDIO_DAC:DAC_Instance|data_to_dac[1]                                                                                                                                                                                                                                                                                                       ;
;  Clock ports destination node(s) list                                                                                                                                              ; soc_system:u0|AUDIO_IF:audio_if_0|AUDIO_DAC:DAC_Instance|data_to_dac[2]                                                                                                                                                                                                                                                                                                       ;
;  Clock ports destination node(s) list                                                                                                                                              ; soc_system:u0|AUDIO_IF:audio_if_0|AUDIO_DAC:DAC_Instance|data_to_dac[19]                                                                                                                                                                                                                                                                                                      ;
;  Clock ports destination node(s) list                                                                                                                                              ; soc_system:u0|AUDIO_IF:audio_if_0|AUDIO_DAC:DAC_Instance|data_to_dac[22]                                                                                                                                                                                                                                                                                                      ;
;  Non-clock ports destination node(s) list                                                                                                                                          ; soc_system:u0|AUDIO_IF:audio_if_0|AUDIO_DAC:DAC_Instance|dac_is_left                                                                                                                                                                                                                                                                                                          ;
;  Non-clock ports destination node(s) list                                                                                                                                          ; soc_system:u0|AUDIO_IF:audio_if_0|AUDIO_DAC:DAC_Instance|shift_data_to_dac~2                                                                                                                                                                                                                                                                                                  ;
;  Non-clock ports destination node(s) list                                                                                                                                          ; soc_system:u0|AUDIO_IF:audio_if_0|AUDIO_DAC:DAC_Instance|shift_data_to_dac~0                                                                                                                                                                                                                                                                                                  ;
;  Non-clock ports destination node(s) list                                                                                                                                          ; soc_system:u0|AUDIO_IF:audio_if_0|AUDIO_DAC:DAC_Instance|bit_index~3                                                                                                                                                                                                                                                                                                          ;
;  Non-clock ports destination node(s) list                                                                                                                                          ; soc_system:u0|AUDIO_IF:audio_if_0|AUDIO_DAC:DAC_Instance|bit_index~4                                                                                                                                                                                                                                                                                                          ;
;  Non-clock ports destination node(s) list                                                                                                                                          ; soc_system:u0|AUDIO_IF:audio_if_0|AUDIO_DAC:DAC_Instance|request_bit~0                                                                                                                                                                                                                                                                                                        ;
;  Non-clock ports destination node(s) list                                                                                                                                          ; soc_system:u0|AUDIO_IF:audio_if_0|AUDIO_DAC:DAC_Instance|bit_index~2                                                                                                                                                                                                                                                                                                          ;
;  Non-clock ports destination node(s) list                                                                                                                                          ; soc_system:u0|AUDIO_IF:audio_if_0|AUDIO_DAC:DAC_Instance|bit_index~0                                                                                                                                                                                                                                                                                                          ;
;  Non-clock ports destination node(s) list                                                                                                                                          ; soc_system:u0|AUDIO_IF:audio_if_0|AUDIO_DAC:DAC_Instance|shift_data_to_dac~3                                                                                                                                                                                                                                                                                                  ;
;  Non-clock ports destination node(s) list                                                                                                                                          ; soc_system:u0|AUDIO_IF:audio_if_0|AUDIO_DAC:DAC_Instance|shift_data_to_dac~1                                                                                                                                                                                                                                                                                                  ;
; Rule C106: Clock signal source should not drive registers triggered by different clock edges                                                                                       ; soc_system:u0|soc_system_pll_music:pll_music|altera_pll:altera_pll_i|general[0].gpll~FRACTIONAL_PLL_O_VCOPH0                                                                                                                                                                                                                                                                  ;
;  Positive edge destination node(s) list                                                                                                                                            ; soc_system:u0|altera_reset_controller:rst_controller|altera_reset_synchronizer:alt_rst_sync_uq1|altera_reset_synchronizer_int_chain_out                                                                                                                                                                                                                                       ;
;  Positive edge destination node(s) list                                                                                                                                            ; soc_system:u0|soc_system_mm_interconnect_0:mm_interconnect_0|altera_merlin_burst_adapter:audio_if_0_avalon_slave_burst_adapter|altera_merlin_burst_adapter_13_1:altera_merlin_burst_adapter_13_1.burst_adapter|state.ST_COMP_TRANS                                                                                                                                            ;
;  Positive edge destination node(s) list                                                                                                                                            ; soc_system:u0|soc_system_mm_interconnect_0:mm_interconnect_0|altera_merlin_burst_adapter:audio_if_0_avalon_slave_burst_adapter|altera_merlin_burst_adapter_13_1:altera_merlin_burst_adapter_13_1.burst_adapter|in_byteen_reg[2]                                                                                                                                               ;
;  Positive edge destination node(s) list                                                                                                                                            ; soc_system:u0|soc_system_mm_interconnect_0:mm_interconnect_0|altera_avalon_sc_fifo:audio_if_0_avalon_slave_agent_rsp_fifo|mem_used[1]                                                                                                                                                                                                                                         ;
;  Positive edge destination node(s) list                                                                                                                                            ; soc_system:u0|soc_system_mm_interconnect_0:mm_interconnect_0|altera_merlin_burst_adapter:audio_if_0_avalon_slave_burst_adapter|altera_merlin_burst_adapter_13_1:altera_merlin_burst_adapter_13_1.burst_adapter|out_valid_reg                                                                                                                                                  ;
;  Positive edge destination node(s) list                                                                                                                                            ; soc_system:u0|soc_system_mm_interconnect_0:mm_interconnect_0|altera_merlin_burst_adapter:audio_if_0_avalon_slave_burst_adapter|altera_merlin_burst_adapter_13_1:altera_merlin_burst_adapter_13_1.burst_adapter|in_byteen_reg[1]                                                                                                                                               ;
;  Positive edge destination node(s) list                                                                                                                                            ; soc_system:u0|soc_system_mm_interconnect_0:mm_interconnect_0|altera_merlin_burst_adapter:audio_if_0_avalon_slave_burst_adapter|altera_merlin_burst_adapter_13_1:altera_merlin_burst_adapter_13_1.burst_adapter|in_narrow_reg                                                                                                                                                  ;
;  Positive edge destination node(s) list                                                                                                                                            ; soc_system:u0|soc_system_mm_interconnect_0:mm_interconnect_0|altera_merlin_burst_adapter:audio_if_0_avalon_slave_burst_adapter|altera_merlin_burst_adapter_13_1:altera_merlin_burst_adapter_13_1.burst_adapter|in_byteen_reg[0]                                                                                                                                               ;
;  Positive edge destination node(s) list                                                                                                                                            ; soc_system:u0|soc_system_mm_interconnect_0:mm_interconnect_0|altera_merlin_burst_adapter:audio_if_0_avalon_slave_burst_adapter|altera_merlin_burst_adapter_13_1:altera_merlin_burst_adapter_13_1.burst_adapter|in_byteen_reg[3]                                                                                                                                               ;
;  Positive edge destination node(s) list                                                                                                                                            ; soc_system:u0|soc_system_mm_interconnect_0:mm_interconnect_0|altera_merlin_burst_adapter:audio_if_0_avalon_slave_burst_adapter|altera_merlin_burst_adapter_13_1:altera_merlin_burst_adapter_13_1.burst_adapter|in_data_reg[71]                                                                                                                                                ;
;  Negative edge destination node(s) list                                                                                                                                            ; soc_system:u0|AUDIO_IF:audio_if_0|data32_from_adcfifo_2[6]                                                                                                                                                                                                                                                                                                                    ;
;  Negative edge destination node(s) list                                                                                                                                            ; soc_system:u0|AUDIO_IF:audio_if_0|data32_from_adcfifo[6]                                                                                                                                                                                                                                                                                                                      ;
;  Negative edge destination node(s) list                                                                                                                                            ; soc_system:u0|AUDIO_IF:audio_if_0|data32_from_adcfifo_2[22]                                                                                                                                                                                                                                                                                                                   ;
;  Negative edge destination node(s) list                                                                                                                                            ; soc_system:u0|AUDIO_IF:audio_if_0|data32_from_adcfifo[22]                                                                                                                                                                                                                                                                                                                     ;
;  Negative edge destination node(s) list                                                                                                                                            ; soc_system:u0|AUDIO_IF:audio_if_0|data32_from_adcfifo_2[7]                                                                                                                                                                                                                                                                                                                    ;
;  Negative edge destination node(s) list                                                                                                                                            ; soc_system:u0|AUDIO_IF:audio_if_0|data32_from_adcfifo[7]                                                                                                                                                                                                                                                                                                                      ;
;  Negative edge destination node(s) list                                                                                                                                            ; soc_system:u0|AUDIO_IF:audio_if_0|data32_from_adcfifo_2[23]                                                                                                                                                                                                                                                                                                                   ;
;  Negative edge destination node(s) list                                                                                                                                            ; soc_system:u0|AUDIO_IF:audio_if_0|data32_from_adcfifo[23]                                                                                                                                                                                                                                                                                                                     ;
;  Negative edge destination node(s) list                                                                                                                                            ; soc_system:u0|AUDIO_IF:audio_if_0|data32_from_adcfifo_2[5]                                                                                                                                                                                                                                                                                                                    ;
;  Negative edge destination node(s) list                                                                                                                                            ; soc_system:u0|AUDIO_IF:audio_if_0|data32_from_adcfifo[5]                                                                                                                                                                                                                                                                                                                      ;
; Rule C106: Clock signal source should not drive registers triggered by different clock edges                                                                                       ; AUD_DACLRCK                                                                                                                                                                                                                                                                                                                                                                   ;
;  Positive edge destination node(s) list                                                                                                                                            ; soc_system:u0|AUDIO_IF:audio_if_0|AUDIO_DAC:DAC_Instance|data_to_dac[24]                                                                                                                                                                                                                                                                                                      ;
;  Positive edge destination node(s) list                                                                                                                                            ; soc_system:u0|AUDIO_IF:audio_if_0|AUDIO_DAC:DAC_Instance|data_to_dac[25]                                                                                                                                                                                                                                                                                                      ;
;  Positive edge destination node(s) list                                                                                                                                            ; soc_system:u0|AUDIO_IF:audio_if_0|AUDIO_DAC:DAC_Instance|data_to_dac[26]                                                                                                                                                                                                                                                                                                      ;
;  Positive edge destination node(s) list                                                                                                                                            ; soc_system:u0|AUDIO_IF:audio_if_0|AUDIO_DAC:DAC_Instance|data_to_dac[23]                                                                                                                                                                                                                                                                                                      ;
;  Positive edge destination node(s) list                                                                                                                                            ; soc_system:u0|AUDIO_IF:audio_if_0|AUDIO_DAC:DAC_Instance|data_to_dac[29]                                                                                                                                                                                                                                                                                                      ;
;  Positive edge destination node(s) list                                                                                                                                            ; soc_system:u0|AUDIO_IF:audio_if_0|AUDIO_DAC:DAC_Instance|data_to_dac[28]                                                                                                                                                                                                                                                                                                      ;
;  Positive edge destination node(s) list                                                                                                                                            ; soc_system:u0|AUDIO_IF:audio_if_0|AUDIO_DAC:DAC_Instance|data_to_dac[30]                                                                                                                                                                                                                                                                                                      ;
;  Positive edge destination node(s) list                                                                                                                                            ; soc_system:u0|AUDIO_IF:audio_if_0|AUDIO_DAC:DAC_Instance|data_to_dac[27]                                                                                                                                                                                                                                                                                                      ;
;  Positive edge destination node(s) list                                                                                                                                            ; soc_system:u0|AUDIO_IF:audio_if_0|AUDIO_DAC:DAC_Instance|data_to_dac[14]                                                                                                                                                                                                                                                                                                      ;
;  Positive edge destination node(s) list                                                                                                                                            ; soc_system:u0|AUDIO_IF:audio_if_0|AUDIO_DAC:DAC_Instance|data_to_dac[10]                                                                                                                                                                                                                                                                                                      ;
;  Negative edge destination node(s) list                                                                                                                                            ; soc_system:u0|AUDIO_IF:audio_if_0|AUDIO_DAC:DAC_Instance|audio_fifo:dac_fifo|dcfifo:dcfifo_component|dcfifo_bbq1:auto_generated|rdemp_eq_comp_msb_aeb                                                                                                                                                                                                                         ;
;  Negative edge destination node(s) list                                                                                                                                            ; soc_system:u0|AUDIO_IF:audio_if_0|AUDIO_DAC:DAC_Instance|audio_fifo:dac_fifo|dcfifo:dcfifo_component|dcfifo_bbq1:auto_generated|rdemp_eq_comp_lsb_aeb~DUPLICATE                                                                                                                                                                                                               ;
; Rule R105: The reset signal that is generated in one clock domain and used in another clock domain should be synchronized                                                          ; soc_system:u0|soc_system_master_non_sec:master_secure|altera_avalon_st_jtag_interface:jtag_phy_embedded_in_jtag_master|altera_jtag_dc_streaming:normal.jtag_dc_streaming|altera_jtag_streaming:jtag_streaming|clock_sense_reset_n                                                                                                                                             ;
;  Reset signal destination node(s) from clock "CLOCK_50"                                                                                                                            ; soc_system:u0|soc_system_master_non_sec:master_secure|altera_avalon_st_jtag_interface:jtag_phy_embedded_in_jtag_master|altera_jtag_dc_streaming:normal.jtag_dc_streaming|altera_jtag_streaming:jtag_streaming|altera_std_synchronizer:clock_sense_reset_n_synchronizer|dreg[6]                                                                                                ;
;  Reset signal destination node(s) from clock "CLOCK_50"                                                                                                                            ; soc_system:u0|soc_system_master_non_sec:master_secure|altera_avalon_st_jtag_interface:jtag_phy_embedded_in_jtag_master|altera_jtag_dc_streaming:normal.jtag_dc_streaming|altera_jtag_streaming:jtag_streaming|altera_std_synchronizer:clock_sense_reset_n_synchronizer|dreg[5]                                                                                                ;
;  Reset signal destination node(s) from clock "CLOCK_50"                                                                                                                            ; soc_system:u0|soc_system_master_non_sec:master_secure|altera_avalon_st_jtag_interface:jtag_phy_embedded_in_jtag_master|altera_jtag_dc_streaming:normal.jtag_dc_streaming|altera_jtag_streaming:jtag_streaming|altera_std_synchronizer:clock_sense_reset_n_synchronizer|dreg[4]                                                                                                ;
;  Reset signal destination node(s) from clock "CLOCK_50"                                                                                                                            ; soc_system:u0|soc_system_master_non_sec:master_secure|altera_avalon_st_jtag_interface:jtag_phy_embedded_in_jtag_master|altera_jtag_dc_streaming:normal.jtag_dc_streaming|altera_jtag_streaming:jtag_streaming|altera_std_synchronizer:clock_sense_reset_n_synchronizer|dreg[3]                                                                                                ;
;  Reset signal destination node(s) from clock "CLOCK_50"                                                                                                                            ; soc_system:u0|soc_system_master_non_sec:master_secure|altera_avalon_st_jtag_interface:jtag_phy_embedded_in_jtag_master|altera_jtag_dc_streaming:normal.jtag_dc_streaming|altera_jtag_streaming:jtag_streaming|altera_std_synchronizer:clock_sense_reset_n_synchronizer|dreg[2]                                                                                                ;
;  Reset signal destination node(s) from clock "CLOCK_50"                                                                                                                            ; soc_system:u0|soc_system_master_non_sec:master_secure|altera_avalon_st_jtag_interface:jtag_phy_embedded_in_jtag_master|altera_jtag_dc_streaming:normal.jtag_dc_streaming|altera_jtag_streaming:jtag_streaming|altera_std_synchronizer:clock_sense_reset_n_synchronizer|dreg[1]                                                                                                ;
;  Reset signal destination node(s) from clock "CLOCK_50"                                                                                                                            ; soc_system:u0|soc_system_master_non_sec:master_secure|altera_avalon_st_jtag_interface:jtag_phy_embedded_in_jtag_master|altera_jtag_dc_streaming:normal.jtag_dc_streaming|altera_jtag_streaming:jtag_streaming|altera_std_synchronizer:clock_sense_reset_n_synchronizer|dreg[0]                                                                                                ;
;  Reset signal destination node(s) from clock "CLOCK_50"                                                                                                                            ; soc_system:u0|soc_system_master_non_sec:master_secure|altera_avalon_st_jtag_interface:jtag_phy_embedded_in_jtag_master|altera_jtag_dc_streaming:normal.jtag_dc_streaming|altera_jtag_streaming:jtag_streaming|altera_std_synchronizer:clock_sense_reset_n_synchronizer|din_s1                                                                                                 ;
; Rule R105: The reset signal that is generated in one clock domain and used in another clock domain should be synchronized                                                          ; soc_system:u0|soc_system_master_non_sec:master_secure|altera_reset_controller:rst_controller|altera_reset_synchronizer:alt_rst_sync_uq1|altera_reset_synchronizer_int_chain_out                                                                                                                                                                                               ;
;  Reset signal destination node(s) from clock "altera_reserved_tck"                                                                                                                 ; soc_system:u0|soc_system_master_non_sec:master_secure|altera_avalon_st_jtag_interface:jtag_phy_embedded_in_jtag_master|altera_jtag_dc_streaming:normal.jtag_dc_streaming|altera_std_synchronizer:synchronizer|dreg[1]                                                                                                                                                         ;
;  Reset signal destination node(s) from clock "altera_reserved_tck"                                                                                                                 ; soc_system:u0|soc_system_master_non_sec:master_secure|altera_avalon_st_jtag_interface:jtag_phy_embedded_in_jtag_master|altera_jtag_dc_streaming:normal.jtag_dc_streaming|altera_std_synchronizer:synchronizer|dreg[0]                                                                                                                                                         ;
;  Reset signal destination node(s) from clock "altera_reserved_tck"                                                                                                                 ; soc_system:u0|soc_system_master_non_sec:master_secure|altera_avalon_st_jtag_interface:jtag_phy_embedded_in_jtag_master|altera_jtag_dc_streaming:normal.jtag_dc_streaming|altera_std_synchronizer:synchronizer|din_s1                                                                                                                                                          ;
; Rule R105: The reset signal that is generated in one clock domain and used in another clock domain should be synchronized                                                          ; soc_system:u0|soc_system_master_non_sec:master_non_sec|altera_reset_controller:rst_controller|altera_reset_synchronizer:alt_rst_sync_uq1|altera_reset_synchronizer_int_chain_out                                                                                                                                                                                              ;
;  Reset signal destination node(s) from clock "altera_reserved_tck"                                                                                                                 ; soc_system:u0|soc_system_master_non_sec:master_non_sec|altera_avalon_st_jtag_interface:jtag_phy_embedded_in_jtag_master|altera_jtag_dc_streaming:normal.jtag_dc_streaming|altera_std_synchronizer:synchronizer|dreg[1]                                                                                                                                                        ;
;  Reset signal destination node(s) from clock "altera_reserved_tck"                                                                                                                 ; soc_system:u0|soc_system_master_non_sec:master_non_sec|altera_avalon_st_jtag_interface:jtag_phy_embedded_in_jtag_master|altera_jtag_dc_streaming:normal.jtag_dc_streaming|altera_std_synchronizer:synchronizer|dreg[0]                                                                                                                                                        ;
;  Reset signal destination node(s) from clock "altera_reserved_tck"                                                                                                                 ; soc_system:u0|soc_system_master_non_sec:master_non_sec|altera_avalon_st_jtag_interface:jtag_phy_embedded_in_jtag_master|altera_jtag_dc_streaming:normal.jtag_dc_streaming|altera_std_synchronizer:synchronizer|din_s1                                                                                                                                                         ;
; Rule R105: The reset signal that is generated in one clock domain and used in another clock domain should be synchronized                                                          ; soc_system:u0|soc_system_master_non_sec:master_non_sec|altera_avalon_st_jtag_interface:jtag_phy_embedded_in_jtag_master|altera_jtag_dc_streaming:normal.jtag_dc_streaming|altera_jtag_streaming:jtag_streaming|clock_sense_reset_n                                                                                                                                            ;
;  Reset signal destination node(s) from clock "CLOCK_50"                                                                                                                            ; soc_system:u0|soc_system_master_non_sec:master_non_sec|altera_avalon_st_jtag_interface:jtag_phy_embedded_in_jtag_master|altera_jtag_dc_streaming:normal.jtag_dc_streaming|altera_jtag_streaming:jtag_streaming|altera_std_synchronizer:clock_sense_reset_n_synchronizer|dreg[6]                                                                                               ;
;  Reset signal destination node(s) from clock "CLOCK_50"                                                                                                                            ; soc_system:u0|soc_system_master_non_sec:master_non_sec|altera_avalon_st_jtag_interface:jtag_phy_embedded_in_jtag_master|altera_jtag_dc_streaming:normal.jtag_dc_streaming|altera_jtag_streaming:jtag_streaming|altera_std_synchronizer:clock_sense_reset_n_synchronizer|dreg[5]                                                                                               ;
;  Reset signal destination node(s) from clock "CLOCK_50"                                                                                                                            ; soc_system:u0|soc_system_master_non_sec:master_non_sec|altera_avalon_st_jtag_interface:jtag_phy_embedded_in_jtag_master|altera_jtag_dc_streaming:normal.jtag_dc_streaming|altera_jtag_streaming:jtag_streaming|altera_std_synchronizer:clock_sense_reset_n_synchronizer|dreg[4]                                                                                               ;
;  Reset signal destination node(s) from clock "CLOCK_50"                                                                                                                            ; soc_system:u0|soc_system_master_non_sec:master_non_sec|altera_avalon_st_jtag_interface:jtag_phy_embedded_in_jtag_master|altera_jtag_dc_streaming:normal.jtag_dc_streaming|altera_jtag_streaming:jtag_streaming|altera_std_synchronizer:clock_sense_reset_n_synchronizer|dreg[3]                                                                                               ;
;  Reset signal destination node(s) from clock "CLOCK_50"                                                                                                                            ; soc_system:u0|soc_system_master_non_sec:master_non_sec|altera_avalon_st_jtag_interface:jtag_phy_embedded_in_jtag_master|altera_jtag_dc_streaming:normal.jtag_dc_streaming|altera_jtag_streaming:jtag_streaming|altera_std_synchronizer:clock_sense_reset_n_synchronizer|dreg[2]                                                                                               ;
;  Reset signal destination node(s) from clock "CLOCK_50"                                                                                                                            ; soc_system:u0|soc_system_master_non_sec:master_non_sec|altera_avalon_st_jtag_interface:jtag_phy_embedded_in_jtag_master|altera_jtag_dc_streaming:normal.jtag_dc_streaming|altera_jtag_streaming:jtag_streaming|altera_std_synchronizer:clock_sense_reset_n_synchronizer|dreg[1]                                                                                               ;
;  Reset signal destination node(s) from clock "CLOCK_50"                                                                                                                            ; soc_system:u0|soc_system_master_non_sec:master_non_sec|altera_avalon_st_jtag_interface:jtag_phy_embedded_in_jtag_master|altera_jtag_dc_streaming:normal.jtag_dc_streaming|altera_jtag_streaming:jtag_streaming|altera_std_synchronizer:clock_sense_reset_n_synchronizer|dreg[0]                                                                                               ;
;  Reset signal destination node(s) from clock "CLOCK_50"                                                                                                                            ; soc_system:u0|soc_system_master_non_sec:master_non_sec|altera_avalon_st_jtag_interface:jtag_phy_embedded_in_jtag_master|altera_jtag_dc_streaming:normal.jtag_dc_streaming|altera_jtag_streaming:jtag_streaming|altera_std_synchronizer:clock_sense_reset_n_synchronizer|din_s1                                                                                                ;
; Rule D102: Multiple data bits that are transferred across asynchronous clock domains are synchronized, but not all bits may be aligned in the receiving clock domain - Structure 1 ;                                                                                                                                                                                                                                                                                                                                                                               ;
;  Source node(s) from clock "altera_reserved_tck" - (Bus)                                                                                                                           ; hps_reset:hps_reset_inst|altsource_probe:altsource_probe_component|altsource_probe_body:altsource_probe_body_inst|altsource_probe_impl:\wider_source_gen:wider_source_inst|hold_reg                                                                                                                                                                                           ;
;  Synchronizer node(s) from clock "CLOCK_50" - (Bus)                                                                                                                                ; hps_reset:hps_reset_inst|altsource_probe:altsource_probe_component|altsource_probe_body:altsource_probe_body_inst|altsource_probe_impl:\wider_source_gen:wider_source_inst|metastable_l1_reg                                                                                                                                                                                  ;
; Rule D102: Multiple data bits that are transferred across asynchronous clock domains are synchronized, but not all bits may be aligned in the receiving clock domain - Structure 2 ;                                                                                                                                                                                                                                                                                                                                                                               ;
;  Source node(s) from clock "altera_reserved_tck" - (Bus)                                                                                                                           ; soc_system:u0|soc_system_master_non_sec:master_secure|altera_avalon_st_jtag_interface:jtag_phy_embedded_in_jtag_master|altera_jtag_dc_streaming:normal.jtag_dc_streaming|altera_jtag_src_crosser:source_crosser|sink_data_buffer                                                                                                                                              ;
;  Synchronizer node(s) from clock "CLOCK_50" - (Bus)                                                                                                                                ; soc_system:u0|soc_system_master_non_sec:master_secure|altera_avalon_st_jtag_interface:jtag_phy_embedded_in_jtag_master|altera_jtag_dc_streaming:normal.jtag_dc_streaming|altera_jtag_src_crosser:source_crosser|src_data                                                                                                                                                      ;
; Rule D102: Multiple data bits that are transferred across asynchronous clock domains are synchronized, but not all bits may be aligned in the receiving clock domain - Structure 3 ;                                                                                                                                                                                                                                                                                                                                                                               ;
;  Source node(s) from clock "altera_reserved_tck" - (Bus)                                                                                                                           ; soc_system:u0|soc_system_master_non_sec:master_non_sec|altera_avalon_st_jtag_interface:jtag_phy_embedded_in_jtag_master|altera_jtag_dc_streaming:normal.jtag_dc_streaming|altera_jtag_src_crosser:source_crosser|sink_data_buffer                                                                                                                                             ;
;  Synchronizer node(s) from clock "CLOCK_50" - (Bus)                                                                                                                                ; soc_system:u0|soc_system_master_non_sec:master_non_sec|altera_avalon_st_jtag_interface:jtag_phy_embedded_in_jtag_master|altera_jtag_dc_streaming:normal.jtag_dc_streaming|altera_jtag_src_crosser:source_crosser|src_data                                                                                                                                                     ;
+------------------------------------------------------------------------------------------------------------------------------------------------------------------------------------+-------------------------------------------------------------------------------------------------------------------------------------------------------------------------------------------------------------------------------------------------------------------------------------------------------------------------------------------------------------------------------+


+----------------------------------------------------------------------------------------------------------------------------------------------------------------------------------------------------------------------------------------------------------------------------------------------------------------------------------------------------------------------------------------------------------------------------------+
; Information only Violations                                                                                                                                                                                                                                                                                                                                                                                                      ;
+------------------------------------------------------------------+-----------------------------------------------------------------------------------------------------------------------------------------------------------------------------------------------------------------------------------------------------------------------------------------------------------------------------------------------------+---------+
; Rule name                                                        ; Name                                                                                                                                                                                                                                                                                                                                                ; Fan-Out ;
+------------------------------------------------------------------+-----------------------------------------------------------------------------------------------------------------------------------------------------------------------------------------------------------------------------------------------------------------------------------------------------------------------------------------------------+---------+
; Rule T101: Nodes with more than the specified number of fan-outs ; CLOCK_50~inputCLKENA0                                                                                                                                                                                                                                                                                                                               ; 2936    ;
; Rule T101: Nodes with more than the specified number of fan-outs ; soc_system:u0|soc_system_hps_0:hps_0|soc_system_hps_0_fpga_interfaces:fpga_interfaces|h2f_rst_n[0]~CLKENA0                                                                                                                                                                                                                                          ; 106     ;
; Rule T101: Nodes with more than the specified number of fan-outs ; altera_internal_jtag~TMSUTAP                                                                                                                                                                                                                                                                                                                        ; 32      ;
; Rule T101: Nodes with more than the specified number of fan-outs ; altera_internal_jtag~TCKUTAP                                                                                                                                                                                                                                                                                                                        ; 643     ;
; Rule T101: Nodes with more than the specified number of fan-outs ; altera_internal_jtag~TDIUTAP                                                                                                                                                                                                                                                                                                                        ; 33      ;
; Rule T101: Nodes with more than the specified number of fan-outs ; sld_hub:auto_hub|alt_sld_fab_with_jtag_input:\instrumentation_fabric_with_node_gen:fabric_gen_new_way:with_jtag_input_gen:instrumentation_fabric|alt_sld_fab:instrumentation_fabric|alt_sld_fab_alt_sld_fab:alt_sld_fab|alt_sld_fab_alt_sld_fab_sldfabric:sldfabric|sld_jtag_hub:\jtag_hub_gen:real_sld_jtag_hub|clr_reg                            ; 83      ;
; Rule T101: Nodes with more than the specified number of fan-outs ; sld_hub:auto_hub|alt_sld_fab_with_jtag_input:\instrumentation_fabric_with_node_gen:fabric_gen_new_way:with_jtag_input_gen:instrumentation_fabric|alt_sld_fab:instrumentation_fabric|alt_sld_fab_alt_sld_fab:alt_sld_fab|alt_sld_fab_alt_sld_fab_sldfabric:sldfabric|sld_jtag_hub:\jtag_hub_gen:real_sld_jtag_hub|virtual_ir_scan_reg                ; 162     ;
; Rule T101: Nodes with more than the specified number of fan-outs ; sld_hub:auto_hub|alt_sld_fab_with_jtag_input:\instrumentation_fabric_with_node_gen:fabric_gen_new_way:with_jtag_input_gen:instrumentation_fabric|alt_sld_fab:instrumentation_fabric|alt_sld_fab_alt_sld_fab:alt_sld_fab|alt_sld_fab_alt_sld_fab_sldfabric:sldfabric|sld_jtag_hub:\jtag_hub_gen:real_sld_jtag_hub|sld_shadow_jsm:shadow_jsm|state[4] ; 172     ;
; Rule T101: Nodes with more than the specified number of fan-outs ; sld_hub:auto_hub|alt_sld_fab_with_jtag_input:\instrumentation_fabric_with_node_gen:fabric_gen_new_way:with_jtag_input_gen:instrumentation_fabric|alt_sld_fab:instrumentation_fabric|alt_sld_fab_alt_sld_fab:alt_sld_fab|alt_sld_fab_alt_sld_fab_sldfabric:sldfabric|sld_jtag_hub:\jtag_hub_gen:real_sld_jtag_hub|sld_shadow_jsm:shadow_jsm|state[3] ; 65      ;
; Rule T101: Nodes with more than the specified number of fan-outs ; sld_hub:auto_hub|alt_sld_fab_with_jtag_input:\instrumentation_fabric_with_node_gen:fabric_gen_new_way:with_jtag_input_gen:instrumentation_fabric|alt_sld_fab:instrumentation_fabric|alt_sld_fab_alt_sld_fab:alt_sld_fab|splitter_nodes_receive_2[3]                                                                                                 ; 60      ;
; Rule T101: Nodes with more than the specified number of fan-outs ; soc_system:u0|soc_system_master_non_sec:master_secure|altera_reset_controller:rst_controller|altera_reset_synchronizer:alt_rst_sync_uq1|altera_reset_synchronizer_int_chain_out                                                                                                                                                                     ; 249     ;
; Rule T101: Nodes with more than the specified number of fan-outs ; soc_system:u0|soc_system_master_non_sec:master_secure|altera_avalon_st_jtag_interface:jtag_phy_embedded_in_jtag_master|altera_jtag_dc_streaming:normal.jtag_dc_streaming|altera_std_synchronizer:synchronizer|dreg[1]                                                                                                                               ; 43      ;
; Rule T101: Nodes with more than the specified number of fan-outs ; soc_system:u0|altera_reset_controller:rst_controller_001|altera_reset_synchronizer:alt_rst_sync_uq1|altera_reset_synchronizer_int_chain_out                                                                                                                                                                                                         ; 1326    ;
; Rule T101: Nodes with more than the specified number of fan-outs ; soc_system:u0|soc_system_master_non_sec:master_secure|altera_avalon_packets_to_master:transacto|packets_to_master:p2m|state.READ_SEND_WAIT                                                                                                                                                                                                          ; 35      ;
; Rule T101: Nodes with more than the specified number of fan-outs ; soc_system:u0|soc_system_master_non_sec:master_secure|altera_avalon_packets_to_master:transacto|packets_to_master:p2m|out_data~1                                                                                                                                                                                                                    ; 35      ;
; Rule T101: Nodes with more than the specified number of fan-outs ; soc_system:u0|soc_system_mm_interconnect_1:mm_interconnect_1|altera_merlin_axi_slave_ni:hps_0_f2h_axi_slave_agent|write_rp_valid                                                                                                                                                                                                                    ; 35      ;
; Rule T101: Nodes with more than the specified number of fan-outs ; soc_system:u0|altera_reset_controller:rst_controller_002|altera_reset_synchronizer:alt_rst_sync_uq1|altera_reset_synchronizer_int_chain_out                                                                                                                                                                                                         ; 902     ;
; Rule T101: Nodes with more than the specified number of fan-outs ; soc_system:u0|soc_system_master_non_sec:master_secure|altera_avalon_packets_to_master:transacto|packets_to_master:p2m|current_byte[1]                                                                                                                                                                                                               ; 33      ;
; Rule T101: Nodes with more than the specified number of fan-outs ; soc_system:u0|soc_system_master_non_sec:master_secure|altera_avalon_packets_to_master:transacto|packets_to_master:p2m|current_byte[0]                                                                                                                                                                                                               ; 34      ;
; Rule T101: Nodes with more than the specified number of fan-outs ; soc_system:u0|soc_system_hps_0:hps_0|soc_system_hps_0_fpga_interfaces:fpga_interfaces|f2h_RVALID[0]                                                                                                                                                                                                                                                 ; 46      ;
; Rule T101: Nodes with more than the specified number of fan-outs ; soc_system:u0|soc_system_mm_interconnect_1:mm_interconnect_1|altera_merlin_axi_slave_ni:hps_0_f2h_axi_slave_agent|altera_avalon_sc_fifo:write_rsp_fifo|mem_used[7]                                                                                                                                                                                  ; 82      ;
; Rule T101: Nodes with more than the specified number of fan-outs ; soc_system:u0|soc_system_mm_interconnect_1:mm_interconnect_1|altera_merlin_axi_slave_ni:hps_0_f2h_axi_slave_agent|altera_avalon_sc_fifo:write_rsp_fifo|mem_used[6]                                                                                                                                                                                  ; 77      ;
; Rule T101: Nodes with more than the specified number of fan-outs ; soc_system:u0|soc_system_mm_interconnect_1:mm_interconnect_1|altera_merlin_axi_slave_ni:hps_0_f2h_axi_slave_agent|altera_avalon_sc_fifo:write_rsp_fifo|mem_used[5]                                                                                                                                                                                  ; 77      ;
; Rule T101: Nodes with more than the specified number of fan-outs ; soc_system:u0|soc_system_mm_interconnect_1:mm_interconnect_1|altera_merlin_axi_slave_ni:hps_0_f2h_axi_slave_agent|altera_avalon_sc_fifo:write_rsp_fifo|mem_used[4]                                                                                                                                                                                  ; 77      ;
; Rule T101: Nodes with more than the specified number of fan-outs ; soc_system:u0|soc_system_mm_interconnect_1:mm_interconnect_1|altera_merlin_axi_slave_ni:hps_0_f2h_axi_slave_agent|altera_avalon_sc_fifo:write_rsp_fifo|mem_used[3]                                                                                                                                                                                  ; 77      ;
; Rule T101: Nodes with more than the specified number of fan-outs ; soc_system:u0|soc_system_mm_interconnect_1:mm_interconnect_1|altera_merlin_axi_slave_ni:hps_0_f2h_axi_slave_agent|altera_avalon_sc_fifo:write_rsp_fifo|mem_used[2]                                                                                                                                                                                  ; 77      ;
; Rule T101: Nodes with more than the specified number of fan-outs ; soc_system:u0|soc_system_mm_interconnect_1:mm_interconnect_1|altera_merlin_axi_slave_ni:hps_0_f2h_axi_slave_agent|altera_avalon_sc_fifo:write_rsp_fifo|mem_used[1]                                                                                                                                                                                  ; 80      ;
; Rule T101: Nodes with more than the specified number of fan-outs ; soc_system:u0|soc_system_jtag_uart:jtag_uart|alt_jtag_atlantic:soc_system_jtag_uart_alt_jtag_atlantic|rst1                                                                                                                                                                                                                                          ; 40      ;
; Rule T101: Nodes with more than the specified number of fan-outs ; soc_system:u0|soc_system_master_non_sec:master_secure|altera_avalon_packets_to_master:transacto|packets_to_master:p2m|address[2]                                                                                                                                                                                                                    ; 75      ;
; Rule T101: Nodes with more than the specified number of fan-outs ; soc_system:u0|soc_system_mm_interconnect_1:mm_interconnect_1|altera_merlin_axi_slave_ni:hps_0_f2h_axi_slave_agent|altera_avalon_sc_fifo:write_rsp_fifo|always0~0                                                                                                                                                                                    ; 77      ;
; Rule T101: Nodes with more than the specified number of fan-outs ; soc_system:u0|soc_system_mm_interconnect_1:mm_interconnect_1|altera_merlin_axi_slave_ni:hps_0_f2h_axi_slave_agent|altera_avalon_sc_fifo:write_rsp_fifo|always1~0                                                                                                                                                                                    ; 74      ;
; Rule T101: Nodes with more than the specified number of fan-outs ; soc_system:u0|soc_system_mm_interconnect_1:mm_interconnect_1|altera_merlin_axi_slave_ni:hps_0_f2h_axi_slave_agent|altera_avalon_sc_fifo:write_rsp_fifo|always2~0                                                                                                                                                                                    ; 74      ;
; Rule T101: Nodes with more than the specified number of fan-outs ; soc_system:u0|soc_system_mm_interconnect_1:mm_interconnect_1|altera_merlin_axi_slave_ni:hps_0_f2h_axi_slave_agent|altera_avalon_sc_fifo:write_rsp_fifo|always3~0                                                                                                                                                                                    ; 74      ;
; Rule T101: Nodes with more than the specified number of fan-outs ; soc_system:u0|soc_system_mm_interconnect_1:mm_interconnect_1|altera_merlin_axi_slave_ni:hps_0_f2h_axi_slave_agent|altera_avalon_sc_fifo:write_rsp_fifo|always4~0                                                                                                                                                                                    ; 74      ;
; Rule T101: Nodes with more than the specified number of fan-outs ; soc_system:u0|soc_system_mm_interconnect_1:mm_interconnect_1|altera_merlin_axi_slave_ni:hps_0_f2h_axi_slave_agent|altera_avalon_sc_fifo:write_rsp_fifo|always5~0                                                                                                                                                                                    ; 74      ;
; Rule T101: Nodes with more than the specified number of fan-outs ; soc_system:u0|soc_system_mm_interconnect_1:mm_interconnect_1|altera_merlin_axi_slave_ni:hps_0_f2h_axi_slave_agent|altera_avalon_sc_fifo:write_rsp_fifo|always6~0                                                                                                                                                                                    ; 74      ;
; Rule T101: Nodes with more than the specified number of fan-outs ; sld_hub:auto_hub|alt_sld_fab_with_jtag_input:\instrumentation_fabric_with_node_gen:fabric_gen_new_way:with_jtag_input_gen:instrumentation_fabric|alt_sld_fab:instrumentation_fabric|alt_sld_fab_alt_sld_fab:alt_sld_fab|splitter_nodes_receive_1[3]                                                                                                 ; 60      ;
; Rule T101: Nodes with more than the specified number of fan-outs ; soc_system:u0|soc_system_master_non_sec:master_non_sec|altera_reset_controller:rst_controller|altera_reset_synchronizer:alt_rst_sync_uq1|altera_reset_synchronizer_int_chain_out                                                                                                                                                                    ; 220     ;
; Rule T101: Nodes with more than the specified number of fan-outs ; soc_system:u0|soc_system_master_non_sec:master_non_sec|altera_avalon_st_jtag_interface:jtag_phy_embedded_in_jtag_master|altera_jtag_dc_streaming:normal.jtag_dc_streaming|altera_std_synchronizer:synchronizer|dreg[1]                                                                                                                              ; 43      ;
; Rule T101: Nodes with more than the specified number of fan-outs ; soc_system:u0|soc_system_master_non_sec:master_non_sec|altera_avalon_packets_to_master:transacto|packets_to_master:p2m|current_byte[0]                                                                                                                                                                                                              ; 36      ;
; Rule T101: Nodes with more than the specified number of fan-outs ; soc_system:u0|soc_system_master_non_sec:master_non_sec|altera_avalon_packets_to_master:transacto|packets_to_master:p2m|state.READ_SEND_WAIT                                                                                                                                                                                                         ; 43      ;
; Rule T101: Nodes with more than the specified number of fan-outs ; soc_system:u0|soc_system_mm_interconnect_0:mm_interconnect_0|soc_system_mm_interconnect_0_cmd_mux:cmd_mux_004|saved_grant[2]                                                                                                                                                                                                                        ; 33      ;
; Rule T101: Nodes with more than the specified number of fan-outs ; soc_system:u0|soc_system_mm_interconnect_0:mm_interconnect_0|soc_system_mm_interconnect_0_rsp_demux:rsp_demux_006|src0_valid~0                                                                                                                                                                                                                      ; 31      ;
; Rule T101: Nodes with more than the specified number of fan-outs ; soc_system:u0|soc_system_mm_interconnect_0:mm_interconnect_0|altera_merlin_burst_adapter:button_pio_s1_burst_adapter|altera_merlin_burst_adapter_13_1:altera_merlin_burst_adapter_13_1.burst_adapter|NON_PIPELINED_INPUTS.load_next_cmd                                                                                                             ; 37      ;
; Rule T101: Nodes with more than the specified number of fan-outs ; soc_system:u0|soc_system_pll_music:pll_music|altera_pll:altera_pll_i|outclk_wire[0]~CLKENA0                                                                                                                                                                                                                                                         ; 585     ;
; Rule T101: Nodes with more than the specified number of fan-outs ; soc_system:u0|altera_reset_controller:rst_controller|altera_reset_synchronizer:alt_rst_sync_uq1|altera_reset_synchronizer_int_chain_out                                                                                                                                                                                                             ; 398     ;
; Rule T101: Nodes with more than the specified number of fan-outs ; soc_system:u0|soc_system_mm_interconnect_0:mm_interconnect_0|altera_avalon_st_handshake_clock_crosser:crosser_001|altera_avalon_st_clock_crosser:clock_xer|take_in_data~0                                                                                                                                                                           ; 38      ;
; Rule T101: Nodes with more than the specified number of fan-outs ; soc_system:u0|soc_system_mm_interconnect_0:mm_interconnect_0|altera_merlin_burst_adapter:audio_if_0_avalon_slave_burst_adapter|altera_merlin_burst_adapter_13_1:altera_merlin_burst_adapter_13_1.burst_adapter|load_next_out_cmd                                                                                                                    ; 34      ;
; Rule T101: Nodes with more than the specified number of fan-outs ; soc_system:u0|soc_system_mm_interconnect_0:mm_interconnect_0|altera_merlin_burst_adapter:audio_if_0_avalon_slave_burst_adapter|altera_merlin_burst_adapter_13_1:altera_merlin_burst_adapter_13_1.burst_adapter|NON_PIPELINED_INPUTS.load_next_cmd                                                                                                   ; 52      ;
; Rule T101: Nodes with more than the specified number of fan-outs ; soc_system:u0|soc_system_mm_interconnect_0:mm_interconnect_0|altera_avalon_st_handshake_clock_crosser:crosser|altera_avalon_st_clock_crosser:clock_xer|take_in_data~1                                                                                                                                                                               ; 53      ;
; Rule T101: Nodes with more than the specified number of fan-outs ; soc_system:u0|soc_system_mm_interconnect_0:mm_interconnect_0|soc_system_mm_interconnect_0_cmd_mux_001:cmd_mux_001|saved_grant[0]~DUPLICATE                                                                                                                                                                                                          ; 51      ;
; Rule T101: Nodes with more than the specified number of fan-outs ; soc_system:u0|soc_system_mm_interconnect_0:mm_interconnect_0|soc_system_mm_interconnect_0_cmd_mux_001:cmd_mux_001|saved_grant[1]                                                                                                                                                                                                                    ; 42      ;
; Rule T101: Nodes with more than the specified number of fan-outs ; soc_system:u0|soc_system_mm_interconnect_0:mm_interconnect_0|soc_system_mm_interconnect_0_cmd_mux_001:cmd_mux_002|saved_grant[0]                                                                                                                                                                                                                    ; 58      ;
; Rule T101: Nodes with more than the specified number of fan-outs ; soc_system:u0|soc_system_mm_interconnect_0:mm_interconnect_0|soc_system_mm_interconnect_0_cmd_mux_001:cmd_mux_002|saved_grant[1]                                                                                                                                                                                                                    ; 48      ;
; Rule T101: Nodes with more than the specified number of fan-outs ; soc_system:u0|soc_system_mm_interconnect_0:mm_interconnect_0|altera_merlin_traffic_limiter:hps_0_h2f_lw_axi_master_wr_limiter|nonposted_cmd_accepted~1                                                                                                                                                                                              ; 34      ;
; Rule T101: Nodes with more than the specified number of fan-outs ; soc_system:u0|soc_system_mm_interconnect_0:mm_interconnect_0|altera_merlin_axi_master_ni:hps_0_h2f_lw_axi_master_agent|sop_enable                                                                                                                                                                                                                   ; 55      ;
; Rule T101: Nodes with more than the specified number of fan-outs ; soc_system:u0|soc_system_mm_interconnect_0:mm_interconnect_0|altera_merlin_burst_adapter:dipsw_pio_s1_burst_adapter|altera_merlin_burst_adapter_13_1:altera_merlin_burst_adapter_13_1.burst_adapter|load_next_out_cmd                                                                                                                               ; 34      ;
; Rule T101: Nodes with more than the specified number of fan-outs ; soc_system:u0|soc_system_mm_interconnect_0:mm_interconnect_0|altera_merlin_burst_adapter:dipsw_pio_s1_burst_adapter|altera_merlin_burst_adapter_13_1:altera_merlin_burst_adapter_13_1.burst_adapter|NON_PIPELINED_INPUTS.load_next_cmd                                                                                                              ; 45      ;
; Rule T101: Nodes with more than the specified number of fan-outs ; soc_system:u0|soc_system_mm_interconnect_0:mm_interconnect_0|altera_merlin_burst_adapter:button_pio_s1_burst_adapter|altera_merlin_burst_adapter_13_1:altera_merlin_burst_adapter_13_1.burst_adapter|in_ready_hold                                                                                                                                  ; 41      ;
; Rule T101: Nodes with more than the specified number of fan-outs ; soc_system:u0|soc_system_mm_interconnect_0:mm_interconnect_0|soc_system_mm_interconnect_0_cmd_mux:cmd_mux_005|saved_grant[1]                                                                                                                                                                                                                        ; 47      ;
; Rule T101: Nodes with more than the specified number of fan-outs ; soc_system:u0|soc_system_mm_interconnect_0:mm_interconnect_0|soc_system_mm_interconnect_0_cmd_mux:cmd_mux_005|saved_grant[2]                                                                                                                                                                                                                        ; 33      ;
; Rule T101: Nodes with more than the specified number of fan-outs ; soc_system:u0|soc_system_mm_interconnect_0:mm_interconnect_0|soc_system_mm_interconnect_0_rsp_demux:rsp_demux_005|src0_valid~0                                                                                                                                                                                                                      ; 31      ;
; Rule T101: Nodes with more than the specified number of fan-outs ; soc_system:u0|soc_system_mm_interconnect_0:mm_interconnect_0|soc_system_mm_interconnect_0_cmd_mux:cmd_mux_005|saved_grant[0]                                                                                                                                                                                                                        ; 51      ;
; Rule T101: Nodes with more than the specified number of fan-outs ; soc_system:u0|soc_system_master_non_sec:master_non_sec|altera_avalon_packets_to_master:transacto|packets_to_master:p2m|state.GET_WRITE_DATA~DUPLICATE                                                                                                                                                                                               ; 32      ;
; Rule T101: Nodes with more than the specified number of fan-outs ; soc_system:u0|soc_system_mm_interconnect_0:mm_interconnect_0|soc_system_mm_interconnect_0_cmd_mux:cmd_mux_003|saved_grant[1]                                                                                                                                                                                                                        ; 41      ;
; Rule T101: Nodes with more than the specified number of fan-outs ; soc_system:u0|soc_system_mm_interconnect_0:mm_interconnect_0|altera_merlin_burst_adapter:led_pio_s1_burst_adapter|altera_merlin_burst_adapter_13_1:altera_merlin_burst_adapter_13_1.burst_adapter|NON_PIPELINED_INPUTS.load_next_cmd                                                                                                                ; 45      ;
; Rule T101: Nodes with more than the specified number of fan-outs ; soc_system:u0|soc_system_mm_interconnect_0:mm_interconnect_0|soc_system_mm_interconnect_0_cmd_mux:cmd_mux_004|saved_grant[0]                                                                                                                                                                                                                        ; 51      ;
; Rule T101: Nodes with more than the specified number of fan-outs ; soc_system:u0|soc_system_mm_interconnect_0:mm_interconnect_0|soc_system_mm_interconnect_0_cmd_mux:cmd_mux_004|saved_grant[1]                                                                                                                                                                                                                        ; 47      ;
; Rule T101: Nodes with more than the specified number of fan-outs ; soc_system:u0|soc_system_mm_interconnect_0:mm_interconnect_0|altera_merlin_burst_adapter:led_pio_s1_burst_adapter|altera_merlin_burst_adapter_13_1:altera_merlin_burst_adapter_13_1.burst_adapter|load_next_out_cmd                                                                                                                                 ; 31      ;
; Rule T101: Nodes with more than the specified number of fan-outs ; soc_system:u0|soc_system_mm_interconnect_0:mm_interconnect_0|soc_system_mm_interconnect_0_rsp_demux:rsp_demux_004|src0_valid~0                                                                                                                                                                                                                      ; 31      ;
; Rule T101: Nodes with more than the specified number of fan-outs ; soc_system:u0|soc_system_mm_interconnect_0:mm_interconnect_0|altera_merlin_burst_adapter:jtag_uart_avalon_jtag_slave_burst_adapter|altera_merlin_burst_adapter_13_1:altera_merlin_burst_adapter_13_1.burst_adapter|NON_PIPELINED_INPUTS.load_next_cmd                                                                                               ; 41      ;
; Rule T101: Nodes with more than the specified number of fan-outs ; soc_system:u0|soc_system_mm_interconnect_0:mm_interconnect_0|altera_avalon_sc_fifo:jtag_uart_avalon_jtag_slave_agent_rsp_fifo|mem_used[1]                                                                                                                                                                                                           ; 33      ;
; Rule T101: Nodes with more than the specified number of fan-outs ; soc_system:u0|soc_system_mm_interconnect_0:mm_interconnect_0|soc_system_mm_interconnect_0_cmd_mux:cmd_mux|saved_grant[1]                                                                                                                                                                                                                            ; 43      ;
; Rule T101: Nodes with more than the specified number of fan-outs ; soc_system:u0|soc_system_mm_interconnect_0:mm_interconnect_0|soc_system_mm_interconnect_0_cmd_mux:cmd_mux|saved_grant[0]                                                                                                                                                                                                                            ; 46      ;
; Rule T101: Nodes with more than the specified number of fan-outs ; soc_system:u0|soc_system_mm_interconnect_0:mm_interconnect_0|soc_system_mm_interconnect_0_rsp_demux:rsp_demux|src0_valid~0                                                                                                                                                                                                                          ; 39      ;
; Rule T101: Nodes with more than the specified number of fan-outs ; soc_system:u0|soc_system_mm_interconnect_0:mm_interconnect_0|altera_merlin_burst_adapter:button_pio_s1_burst_adapter|altera_merlin_burst_adapter_13_1:altera_merlin_burst_adapter_13_1.burst_adapter|load_next_out_cmd                                                                                                                              ; 33      ;
; Rule T101: Nodes with more than the specified number of fan-outs ; soc_system:u0|soc_system_mm_interconnect_0:mm_interconnect_0|soc_system_mm_interconnect_0_cmd_mux:cmd_mux_006|saved_grant[1]                                                                                                                                                                                                                        ; 46      ;
; Rule T101: Nodes with more than the specified number of fan-outs ; soc_system:u0|soc_system_mm_interconnect_0:mm_interconnect_0|soc_system_mm_interconnect_0_cmd_mux:cmd_mux_006|saved_grant[0]                                                                                                                                                                                                                        ; 42      ;
; Rule T101: Nodes with more than the specified number of fan-outs ; soc_system:u0|soc_system_mm_interconnect_0:mm_interconnect_0|altera_merlin_burst_adapter:oc_i2c_master_0_avalon_slave_0_burst_adapter|altera_merlin_burst_adapter_13_1:altera_merlin_burst_adapter_13_1.burst_adapter|load_next_out_cmd                                                                                                             ; 36      ;
; Rule T101: Nodes with more than the specified number of fan-outs ; soc_system:u0|soc_system_mm_interconnect_0:mm_interconnect_0|altera_merlin_burst_adapter:oc_i2c_master_0_avalon_slave_0_burst_adapter|altera_merlin_burst_adapter_13_1:altera_merlin_burst_adapter_13_1.burst_adapter|NON_PIPELINED_INPUTS.load_next_cmd                                                                                            ; 42      ;
; Rule T101: Nodes with more than the specified number of fan-outs ; soc_system:u0|soc_system_mm_interconnect_0:mm_interconnect_0|altera_avalon_sc_fifo:audio_if_0_avalon_slave_agent_rsp_fifo|mem_used[1]                                                                                                                                                                                                               ; 44      ;
; Rule T101: Nodes with more than the specified number of fan-outs ; soc_system:u0|soc_system_mm_interconnect_0:mm_interconnect_0|soc_system_mm_interconnect_0_rsp_demux:rsp_demux|src1_valid~0                                                                                                                                                                                                                          ; 38      ;
; Rule T101: Nodes with more than the specified number of fan-outs ; soc_system:u0|soc_system_mm_interconnect_0:mm_interconnect_0|altera_avalon_sc_fifo:jtag_uart_avalon_jtag_slave_agent_rdata_fifo|always4~0                                                                                                                                                                                                           ; 36      ;
; Rule T101: Nodes with more than the specified number of fan-outs ; soc_system:u0|AUDIO_IF:audio_if_0|fifo_clear                                                                                                                                                                                                                                                                                                        ; 108     ;
; Rule T101: Nodes with more than the specified number of fan-outs ; soc_system:u0|AUDIO_IF:audio_if_0|data32_from_adcfifo[27]~0                                                                                                                                                                                                                                                                                         ; 32      ;
; Rule T101: Nodes with more than the specified number of fan-outs ; soc_system:u0|AUDIO_IF:audio_if_0|data32_from_adcfifo_2[10]~0                                                                                                                                                                                                                                                                                       ; 32      ;
; Rule T101: Nodes with more than the specified number of fan-outs ; AUD_BCLK~inputCLKENA0                                                                                                                                                                                                                                                                                                                               ; 167     ;
; Rule T101: Nodes with more than the specified number of fan-outs ; soc_system:u0|AUDIO_IF:audio_if_0|AUDIO_ADC:ADC_Instance|audio_fifo:adc_fifo|dcfifo:dcfifo_component|dcfifo_bbq1:auto_generated|dffpipe_3dc:wraclr|dffe16a[0]                                                                                                                                                                                       ; 55      ;
; Rule T101: Nodes with more than the specified number of fan-outs ; soc_system:u0|AUDIO_IF:audio_if_0|AUDIO_DAC:DAC_Instance|always1~0                                                                                                                                                                                                                                                                                  ; 80      ;
; Rule T101: Nodes with more than the specified number of fan-outs ; soc_system:u0|AUDIO_IF:audio_if_0|AUDIO_ADC:ADC_Instance|adcfifo_writedata[0]~3                                                                                                                                                                                                                                                                     ; 32      ;
; Rule T101: Nodes with more than the specified number of fan-outs ; soc_system:u0|AUDIO_IF:audio_if_0|AUDIO_ADC:ADC_Instance|adcfifo_writedata[0]~2                                                                                                                                                                                                                                                                     ; 33      ;
; Rule T101: Nodes with more than the specified number of fan-outs ; soc_system:u0|AUDIO_IF:audio_if_0|AUDIO_DAC:DAC_Instance|audio_fifo:dac_fifo|dcfifo:dcfifo_component|dcfifo_bbq1:auto_generated|dffpipe_3dc:wraclr|dffe16a[0]                                                                                                                                                                                       ; 61      ;
; Rule T101: Nodes with more than the specified number of fan-outs ; AUD_DACLRCK~inputCLKENA0                                                                                                                                                                                                                                                                                                                            ; 81      ;
; Rule T101: Nodes with more than the specified number of fan-outs ; soc_system:u0|AUDIO_IF:audio_if_0|AUDIO_DAC:DAC_Instance|audio_fifo:dac_fifo|dcfifo:dcfifo_component|dcfifo_bbq1:auto_generated|int_rdempty                                                                                                                                                                                                         ; 49      ;
; Rule T101: Nodes with more than the specified number of fan-outs ; soc_system:u0|oc_i2c_master:oc_i2c_master_0|i2c_master_top:i2c_top_inst|i2c_master_byte_ctrl:byte_controller|always2~0                                                                                                                                                                                                                              ; 39      ;
; Rule T101: Nodes with more than the specified number of fan-outs ; altera_edge_detector:pulse_debug_reset|reset_qual_n                                                                                                                                                                                                                                                                                                 ; 34      ;
; Rule T101: Nodes with more than the specified number of fan-outs ; soc_system:u0|AUDIO_IF:audio_if_0|AUDIO_DAC:DAC_Instance|dac_is_left                                                                                                                                                                                                                                                                                ; 38      ;
; Rule T101: Nodes with more than the specified number of fan-outs ; soc_system:u0|soc_system_hps_0:hps_0|soc_system_hps_0_hps_io:hps_io|soc_system_hps_0_hps_io_border:border|hps_sdram:hps_sdram_inst|hps_sdram_pll:pll|afi_clk                                                                                                                                                                                        ; 198     ;
; Rule T102: Top nodes with the highest number of fan-outs         ; CLOCK_50~inputCLKENA0                                                                                                                                                                                                                                                                                                                               ; 2936    ;
; Rule T102: Top nodes with the highest number of fan-outs         ; soc_system:u0|altera_reset_controller:rst_controller_001|altera_reset_synchronizer:alt_rst_sync_uq1|altera_reset_synchronizer_int_chain_out                                                                                                                                                                                                         ; 1326    ;
; Rule T102: Top nodes with the highest number of fan-outs         ; soc_system:u0|altera_reset_controller:rst_controller_002|altera_reset_synchronizer:alt_rst_sync_uq1|altera_reset_synchronizer_int_chain_out                                                                                                                                                                                                         ; 902     ;
; Rule T102: Top nodes with the highest number of fan-outs         ; altera_internal_jtag~TCKUTAP                                                                                                                                                                                                                                                                                                                        ; 643     ;
; Rule T102: Top nodes with the highest number of fan-outs         ; soc_system:u0|soc_system_pll_music:pll_music|altera_pll:altera_pll_i|outclk_wire[0]~CLKENA0                                                                                                                                                                                                                                                         ; 585     ;
; Rule T102: Top nodes with the highest number of fan-outs         ; soc_system:u0|altera_reset_controller:rst_controller|altera_reset_synchronizer:alt_rst_sync_uq1|altera_reset_synchronizer_int_chain_out                                                                                                                                                                                                             ; 398     ;
; Rule T102: Top nodes with the highest number of fan-outs         ; soc_system:u0|soc_system_master_non_sec:master_secure|altera_reset_controller:rst_controller|altera_reset_synchronizer:alt_rst_sync_uq1|altera_reset_synchronizer_int_chain_out                                                                                                                                                                     ; 249     ;
; Rule T102: Top nodes with the highest number of fan-outs         ; soc_system:u0|soc_system_master_non_sec:master_non_sec|altera_reset_controller:rst_controller|altera_reset_synchronizer:alt_rst_sync_uq1|altera_reset_synchronizer_int_chain_out                                                                                                                                                                    ; 220     ;
; Rule T102: Top nodes with the highest number of fan-outs         ; soc_system:u0|soc_system_hps_0:hps_0|soc_system_hps_0_hps_io:hps_io|soc_system_hps_0_hps_io_border:border|hps_sdram:hps_sdram_inst|hps_sdram_pll:pll|afi_clk                                                                                                                                                                                        ; 198     ;
; Rule T102: Top nodes with the highest number of fan-outs         ; sld_hub:auto_hub|alt_sld_fab_with_jtag_input:\instrumentation_fabric_with_node_gen:fabric_gen_new_way:with_jtag_input_gen:instrumentation_fabric|alt_sld_fab:instrumentation_fabric|alt_sld_fab_alt_sld_fab:alt_sld_fab|alt_sld_fab_alt_sld_fab_sldfabric:sldfabric|sld_jtag_hub:\jtag_hub_gen:real_sld_jtag_hub|sld_shadow_jsm:shadow_jsm|state[4] ; 172     ;
; Rule T102: Top nodes with the highest number of fan-outs         ; AUD_BCLK~inputCLKENA0                                                                                                                                                                                                                                                                                                                               ; 167     ;
; Rule T102: Top nodes with the highest number of fan-outs         ; sld_hub:auto_hub|alt_sld_fab_with_jtag_input:\instrumentation_fabric_with_node_gen:fabric_gen_new_way:with_jtag_input_gen:instrumentation_fabric|alt_sld_fab:instrumentation_fabric|alt_sld_fab_alt_sld_fab:alt_sld_fab|alt_sld_fab_alt_sld_fab_sldfabric:sldfabric|sld_jtag_hub:\jtag_hub_gen:real_sld_jtag_hub|virtual_ir_scan_reg                ; 162     ;
; Rule T102: Top nodes with the highest number of fan-outs         ; soc_system:u0|AUDIO_IF:audio_if_0|fifo_clear                                                                                                                                                                                                                                                                                                        ; 108     ;
; Rule T102: Top nodes with the highest number of fan-outs         ; soc_system:u0|soc_system_hps_0:hps_0|soc_system_hps_0_fpga_interfaces:fpga_interfaces|h2f_rst_n[0]~CLKENA0                                                                                                                                                                                                                                          ; 106     ;
; Rule T102: Top nodes with the highest number of fan-outs         ; sld_hub:auto_hub|alt_sld_fab_with_jtag_input:\instrumentation_fabric_with_node_gen:fabric_gen_new_way:with_jtag_input_gen:instrumentation_fabric|alt_sld_fab:instrumentation_fabric|alt_sld_fab_alt_sld_fab:alt_sld_fab|alt_sld_fab_alt_sld_fab_sldfabric:sldfabric|sld_jtag_hub:\jtag_hub_gen:real_sld_jtag_hub|clr_reg                            ; 83      ;
; Rule T102: Top nodes with the highest number of fan-outs         ; soc_system:u0|soc_system_mm_interconnect_1:mm_interconnect_1|altera_merlin_axi_slave_ni:hps_0_f2h_axi_slave_agent|altera_avalon_sc_fifo:write_rsp_fifo|mem_used[7]                                                                                                                                                                                  ; 82      ;
; Rule T102: Top nodes with the highest number of fan-outs         ; AUD_DACLRCK~inputCLKENA0                                                                                                                                                                                                                                                                                                                            ; 81      ;
; Rule T102: Top nodes with the highest number of fan-outs         ; soc_system:u0|AUDIO_IF:audio_if_0|AUDIO_DAC:DAC_Instance|always1~0                                                                                                                                                                                                                                                                                  ; 80      ;
; Rule T102: Top nodes with the highest number of fan-outs         ; soc_system:u0|soc_system_mm_interconnect_1:mm_interconnect_1|altera_merlin_axi_slave_ni:hps_0_f2h_axi_slave_agent|altera_avalon_sc_fifo:write_rsp_fifo|mem_used[1]                                                                                                                                                                                  ; 80      ;
; Rule T102: Top nodes with the highest number of fan-outs         ; soc_system:u0|soc_system_mm_interconnect_1:mm_interconnect_1|altera_merlin_axi_slave_ni:hps_0_f2h_axi_slave_agent|altera_avalon_sc_fifo:write_rsp_fifo|mem_used[6]                                                                                                                                                                                  ; 77      ;
; Rule T102: Top nodes with the highest number of fan-outs         ; soc_system:u0|soc_system_mm_interconnect_1:mm_interconnect_1|altera_merlin_axi_slave_ni:hps_0_f2h_axi_slave_agent|altera_avalon_sc_fifo:write_rsp_fifo|mem_used[3]                                                                                                                                                                                  ; 77      ;
; Rule T102: Top nodes with the highest number of fan-outs         ; soc_system:u0|soc_system_mm_interconnect_1:mm_interconnect_1|altera_merlin_axi_slave_ni:hps_0_f2h_axi_slave_agent|altera_avalon_sc_fifo:write_rsp_fifo|mem_used[5]                                                                                                                                                                                  ; 77      ;
; Rule T102: Top nodes with the highest number of fan-outs         ; soc_system:u0|soc_system_mm_interconnect_1:mm_interconnect_1|altera_merlin_axi_slave_ni:hps_0_f2h_axi_slave_agent|altera_avalon_sc_fifo:write_rsp_fifo|always0~0                                                                                                                                                                                    ; 77      ;
; Rule T102: Top nodes with the highest number of fan-outs         ; soc_system:u0|soc_system_mm_interconnect_1:mm_interconnect_1|altera_merlin_axi_slave_ni:hps_0_f2h_axi_slave_agent|altera_avalon_sc_fifo:write_rsp_fifo|mem_used[4]                                                                                                                                                                                  ; 77      ;
; Rule T102: Top nodes with the highest number of fan-outs         ; soc_system:u0|soc_system_mm_interconnect_1:mm_interconnect_1|altera_merlin_axi_slave_ni:hps_0_f2h_axi_slave_agent|altera_avalon_sc_fifo:write_rsp_fifo|mem_used[2]                                                                                                                                                                                  ; 77      ;
; Rule T102: Top nodes with the highest number of fan-outs         ; soc_system:u0|soc_system_master_non_sec:master_secure|altera_avalon_packets_to_master:transacto|packets_to_master:p2m|address[2]                                                                                                                                                                                                                    ; 75      ;
; Rule T102: Top nodes with the highest number of fan-outs         ; soc_system:u0|soc_system_mm_interconnect_1:mm_interconnect_1|altera_merlin_axi_slave_ni:hps_0_f2h_axi_slave_agent|altera_avalon_sc_fifo:write_rsp_fifo|always3~0                                                                                                                                                                                    ; 74      ;
; Rule T102: Top nodes with the highest number of fan-outs         ; soc_system:u0|soc_system_mm_interconnect_1:mm_interconnect_1|altera_merlin_axi_slave_ni:hps_0_f2h_axi_slave_agent|altera_avalon_sc_fifo:write_rsp_fifo|always5~0                                                                                                                                                                                    ; 74      ;
; Rule T102: Top nodes with the highest number of fan-outs         ; soc_system:u0|soc_system_mm_interconnect_1:mm_interconnect_1|altera_merlin_axi_slave_ni:hps_0_f2h_axi_slave_agent|altera_avalon_sc_fifo:write_rsp_fifo|always2~0                                                                                                                                                                                    ; 74      ;
; Rule T102: Top nodes with the highest number of fan-outs         ; soc_system:u0|soc_system_mm_interconnect_1:mm_interconnect_1|altera_merlin_axi_slave_ni:hps_0_f2h_axi_slave_agent|altera_avalon_sc_fifo:write_rsp_fifo|always4~0                                                                                                                                                                                    ; 74      ;
; Rule T102: Top nodes with the highest number of fan-outs         ; soc_system:u0|soc_system_mm_interconnect_1:mm_interconnect_1|altera_merlin_axi_slave_ni:hps_0_f2h_axi_slave_agent|altera_avalon_sc_fifo:write_rsp_fifo|always1~0                                                                                                                                                                                    ; 74      ;
; Rule T102: Top nodes with the highest number of fan-outs         ; soc_system:u0|soc_system_mm_interconnect_1:mm_interconnect_1|altera_merlin_axi_slave_ni:hps_0_f2h_axi_slave_agent|altera_avalon_sc_fifo:write_rsp_fifo|always6~0                                                                                                                                                                                    ; 74      ;
; Rule T102: Top nodes with the highest number of fan-outs         ; sld_hub:auto_hub|alt_sld_fab_with_jtag_input:\instrumentation_fabric_with_node_gen:fabric_gen_new_way:with_jtag_input_gen:instrumentation_fabric|alt_sld_fab:instrumentation_fabric|alt_sld_fab_alt_sld_fab:alt_sld_fab|alt_sld_fab_alt_sld_fab_sldfabric:sldfabric|sld_jtag_hub:\jtag_hub_gen:real_sld_jtag_hub|sld_shadow_jsm:shadow_jsm|state[3] ; 65      ;
; Rule T102: Top nodes with the highest number of fan-outs         ; soc_system:u0|AUDIO_IF:audio_if_0|AUDIO_DAC:DAC_Instance|audio_fifo:dac_fifo|dcfifo:dcfifo_component|dcfifo_bbq1:auto_generated|dffpipe_3dc:wraclr|dffe16a[0]                                                                                                                                                                                       ; 61      ;
; Rule T102: Top nodes with the highest number of fan-outs         ; sld_hub:auto_hub|alt_sld_fab_with_jtag_input:\instrumentation_fabric_with_node_gen:fabric_gen_new_way:with_jtag_input_gen:instrumentation_fabric|alt_sld_fab:instrumentation_fabric|alt_sld_fab_alt_sld_fab:alt_sld_fab|splitter_nodes_receive_1[3]                                                                                                 ; 60      ;
; Rule T102: Top nodes with the highest number of fan-outs         ; sld_hub:auto_hub|alt_sld_fab_with_jtag_input:\instrumentation_fabric_with_node_gen:fabric_gen_new_way:with_jtag_input_gen:instrumentation_fabric|alt_sld_fab:instrumentation_fabric|alt_sld_fab_alt_sld_fab:alt_sld_fab|splitter_nodes_receive_2[3]                                                                                                 ; 60      ;
; Rule T102: Top nodes with the highest number of fan-outs         ; soc_system:u0|soc_system_mm_interconnect_0:mm_interconnect_0|soc_system_mm_interconnect_0_cmd_mux_001:cmd_mux_002|saved_grant[0]                                                                                                                                                                                                                    ; 58      ;
; Rule T102: Top nodes with the highest number of fan-outs         ; soc_system:u0|AUDIO_IF:audio_if_0|AUDIO_ADC:ADC_Instance|audio_fifo:adc_fifo|dcfifo:dcfifo_component|dcfifo_bbq1:auto_generated|dffpipe_3dc:wraclr|dffe16a[0]                                                                                                                                                                                       ; 55      ;
; Rule T102: Top nodes with the highest number of fan-outs         ; soc_system:u0|soc_system_mm_interconnect_0:mm_interconnect_0|altera_merlin_axi_master_ni:hps_0_h2f_lw_axi_master_agent|sop_enable                                                                                                                                                                                                                   ; 55      ;
; Rule T102: Top nodes with the highest number of fan-outs         ; soc_system:u0|soc_system_mm_interconnect_0:mm_interconnect_0|altera_avalon_st_handshake_clock_crosser:crosser|altera_avalon_st_clock_crosser:clock_xer|take_in_data~1                                                                                                                                                                               ; 53      ;
; Rule T102: Top nodes with the highest number of fan-outs         ; soc_system:u0|soc_system_mm_interconnect_0:mm_interconnect_0|altera_merlin_burst_adapter:audio_if_0_avalon_slave_burst_adapter|altera_merlin_burst_adapter_13_1:altera_merlin_burst_adapter_13_1.burst_adapter|NON_PIPELINED_INPUTS.load_next_cmd                                                                                                   ; 52      ;
; Rule T102: Top nodes with the highest number of fan-outs         ; soc_system:u0|soc_system_mm_interconnect_0:mm_interconnect_0|soc_system_mm_interconnect_0_cmd_mux_001:cmd_mux_001|saved_grant[0]~DUPLICATE                                                                                                                                                                                                          ; 51      ;
; Rule T102: Top nodes with the highest number of fan-outs         ; soc_system:u0|soc_system_mm_interconnect_0:mm_interconnect_0|soc_system_mm_interconnect_0_cmd_mux:cmd_mux_004|saved_grant[0]                                                                                                                                                                                                                        ; 51      ;
; Rule T102: Top nodes with the highest number of fan-outs         ; soc_system:u0|soc_system_mm_interconnect_0:mm_interconnect_0|soc_system_mm_interconnect_0_cmd_mux:cmd_mux_005|saved_grant[0]                                                                                                                                                                                                                        ; 51      ;
; Rule T102: Top nodes with the highest number of fan-outs         ; soc_system:u0|AUDIO_IF:audio_if_0|AUDIO_DAC:DAC_Instance|audio_fifo:dac_fifo|dcfifo:dcfifo_component|dcfifo_bbq1:auto_generated|int_rdempty                                                                                                                                                                                                         ; 49      ;
; Rule T102: Top nodes with the highest number of fan-outs         ; soc_system:u0|soc_system_mm_interconnect_0:mm_interconnect_0|soc_system_mm_interconnect_0_cmd_mux_001:cmd_mux_002|saved_grant[1]                                                                                                                                                                                                                    ; 48      ;
; Rule T102: Top nodes with the highest number of fan-outs         ; soc_system:u0|soc_system_mm_interconnect_0:mm_interconnect_0|soc_system_mm_interconnect_0_cmd_mux:cmd_mux_004|saved_grant[1]                                                                                                                                                                                                                        ; 47      ;
; Rule T102: Top nodes with the highest number of fan-outs         ; soc_system:u0|soc_system_mm_interconnect_0:mm_interconnect_0|soc_system_mm_interconnect_0_cmd_mux:cmd_mux_005|saved_grant[1]                                                                                                                                                                                                                        ; 47      ;
; Rule T102: Top nodes with the highest number of fan-outs         ; soc_system:u0|soc_system_hps_0:hps_0|soc_system_hps_0_fpga_interfaces:fpga_interfaces|f2h_RVALID[0]                                                                                                                                                                                                                                                 ; 46      ;
; Rule T102: Top nodes with the highest number of fan-outs         ; soc_system:u0|soc_system_mm_interconnect_0:mm_interconnect_0|soc_system_mm_interconnect_0_cmd_mux:cmd_mux_006|saved_grant[1]                                                                                                                                                                                                                        ; 46      ;
+------------------------------------------------------------------+-----------------------------------------------------------------------------------------------------------------------------------------------------------------------------------------------------------------------------------------------------------------------------------------------------------------------------------------------------+---------+


+---------------------------+
; Design Assistant Messages ;
+---------------------------+
Info: *******************************************************************
Info: Running Quartus Prime Design Assistant
    Info: Version 18.1.0 Build 625 09/12/2018 SJ Lite Edition
    Info: Processing started: Sat May 30 12:57:12 2026
Info: Command: quartus_drc soc_system -c soc_system
Warning (18236): Number of processors has not been specified which may cause overloading on shared machines.  Set the global assignment NUM_PARALLEL_PROCESSORS in your QSF to an appropriate value for best performance.
Info (332164): Evaluating HDL-embedded SDC commands
    Info (332165): Entity alt_jtag_atlantic
        Info (332166): set_false_path -from [get_registers {*|alt_jtag_atlantic:*|jupdate}] -to [get_registers {*|alt_jtag_atlantic:*|jupdate1*}] 
        Info (332166): set_false_path -from [get_registers {*|alt_jtag_atlantic:*|rdata[*]}] -to [get_registers {*|alt_jtag_atlantic*|td_shift[*]}]
        Info (332166): set_false_path -from [get_registers {*|alt_jtag_atlantic:*|rdata[*]}] -to [get_registers {*|alt_jtag_atlantic*|td_shift[*]}]
        Info (332166): set_false_path -from [get_registers {*|alt_jtag_atlantic:*|rdata[*]}] -to [get_registers {*|alt_jtag_atlantic*|td_shift[*]}]
        Info (332166): set_false_path -from [get_registers {*|alt_jtag_atlantic:*|rdata[*]}] -to [get_registers {*|alt_jtag_atlantic*|td_shift[*]}]
        Info (332166): set_false_path -from [get_registers {*|alt_jtag_atlantic:*|rdata[*]}] -to [get_registers {*|alt_jtag_atlantic*|td_shift[*]}]
        Info (332166): set_false_path -from [get_registers {*|alt_jtag_atlantic:*|rdata[*]}] -to [get_registers {*|alt_jtag_atlantic*|td_shift[*]}]
        Info (332166): set_false_path -from [get_registers {*|alt_jtag_atlantic:*|rdata[*]}] -to [get_registers {*|alt_jtag_atlantic*|td_shift[*]}]
        Info (332166): set_false_path -from [get_registers {*|alt_jtag_atlantic:*|rdata[*]}] -to [get_registers {*|alt_jtag_atlantic*|td_shift[*]}]
        Info (332166): set_false_path -from [get_registers {*|alt_jtag_atlantic:*|read}] -to [get_registers {*|alt_jtag_atlantic:*|read1*}] 
        Info (332166): set_false_path -from [get_registers {*|alt_jtag_atlantic:*|read_req}]
        Info (332166): set_false_path -from [get_registers {*|alt_jtag_atlantic:*|rvalid}] -to [get_registers {*|alt_jtag_atlantic*|td_shift[*]}]
        Info (332166): set_false_path -from [get_registers {*|t_dav}] -to [get_registers {*|alt_jtag_atlantic:*|tck_t_dav}]
        Info (332166): set_false_path -from [get_registers {*|alt_jtag_atlantic:*|user_saw_rvalid}] -to [get_registers {*|alt_jtag_atlantic:*|rvalid0*}]
        Info (332166): set_false_path -from [get_registers {*|alt_jtag_atlantic:*|wdata[*]}] -to [get_registers {*}]
        Info (332166): set_false_path -from [get_registers {*|alt_jtag_atlantic:*|wdata[*]}] -to [get_registers {*}]
        Info (332166): set_false_path -from [get_registers {*|alt_jtag_atlantic:*|wdata[*]}] -to [get_registers {*}]
        Info (332166): set_false_path -from [get_registers {*|alt_jtag_atlantic:*|wdata[*]}] -to [get_registers {*}]
        Info (332166): set_false_path -from [get_registers {*|alt_jtag_atlantic:*|wdata[*]}] -to [get_registers {*}]
        Info (332166): set_false_path -from [get_registers {*|alt_jtag_atlantic:*|wdata[*]}] -to [get_registers {*}]
        Info (332166): set_false_path -from [get_registers {*|alt_jtag_atlantic:*|wdata[*]}] -to [get_registers {*}]
        Info (332166): set_false_path -from [get_registers {*|alt_jtag_atlantic:*|wdata[*]}] -to [get_registers {*}]
        Info (332166): set_false_path -from [get_registers {*|alt_jtag_atlantic:*|write}] -to [get_registers {*|alt_jtag_atlantic:*|write1*}] 
        Info (332166): set_false_path -from [get_registers {*|alt_jtag_atlantic:*|write_stalled}] -to [get_registers {*|alt_jtag_atlantic:*|t_ena*}]
        Info (332166): set_false_path -from [get_registers {*|alt_jtag_atlantic:*|write_stalled}] -to [get_registers {*|alt_jtag_atlantic:*|t_pause*}]
        Info (332166): set_false_path -from [get_registers {*|alt_jtag_atlantic:*|write_valid}]
    Info (332165): Entity altera_std_synchronizer
        Info (332166): set_false_path -to [get_keepers {*altera_std_synchronizer:*|din_s1}]
    Info (332165): Entity dcfifo_bbq1
        Info (332166): set_false_path -from *rdptr_g* -to *ws_dgrp|dffpipe_id9:dffpipe17|dffe18a* 
        Info (332166): set_false_path -from *delayed_wrptr_g* -to *rs_dgwp|dffpipe_hd9:dffpipe12|dffe13a* 
    Info (332165): Entity sld_hub
        Info (332166): create_clock -name altera_reserved_tck [get_ports {altera_reserved_tck}] -period 30MHz   
        Info (332166): if { [string equal quartus_fit $::TimeQuestInfo(nameofexecutable)] } { set_max_delay -to [get_ports { altera_reserved_tdo } ] 0 }
        Info (332166): set_clock_groups -asynchronous -group {altera_reserved_tck}
Info (332104): Reading SDC File: 'soc_system/synthesis/submodules/altera_reset_controller.sdc'
Info (332104): Reading SDC File: 'soc_system/synthesis/submodules/altera_avalon_st_handshake_clock_crosser.sdc'
Info (332104): Reading SDC File: 'soc_system/synthesis/submodules/altera_avalon_st_jtag_interface.sdc'
Info (332104): Reading SDC File: 'soc_system/synthesis/submodules/hps_sdram_p0.sdc'
Info (332151): Clock uncertainty is not calculated until you update the timing netlist.
Info: Initializing DDR database for CORE hps_sdram_p0
Info: Finding port-to-pin mapping for CORE: hps_sdram_p0 INSTANCE: u0|hps_0|hps_io|border|hps_sdram_inst
Warning (332174): Ignored filter at hps_sdram_p0.sdc(551): *:u0|*:hps_0|*:hps_io|*:border|*:hps_sdram_inst|*s0|* could not be matched with a clock or keeper or register or port or pin or cell or partition File: C:/fpga/DE1-SoC-MyPlayer-master/soc_system/synthesis/submodules/hps_sdram_p0.sdc Line: 551
Warning (332049): Ignored set_false_path at hps_sdram_p0.sdc(551): Argument <from> is not an object ID File: C:/fpga/DE1-SoC-MyPlayer-master/soc_system/synthesis/submodules/hps_sdram_p0.sdc Line: 551
    Info (332050): set_false_path -from ${prefix}|*s0|* -to [get_clocks $local_pll_write_clk] File: C:/fpga/DE1-SoC-MyPlayer-master/soc_system/synthesis/submodules/hps_sdram_p0.sdc Line: 551
Warning (332174): Ignored filter at hps_sdram_p0.sdc(552): *:u0|*:hps_0|*:hps_io|*:border|*:hps_sdram_inst|*s0|*hphy_bridge_s0_translator|av_readdata_pre[*] could not be matched with a clock or keeper or register or port or pin or cell or partition File: C:/fpga/DE1-SoC-MyPlayer-master/soc_system/synthesis/submodules/hps_sdram_p0.sdc Line: 552
Warning (332049): Ignored set_false_path at hps_sdram_p0.sdc(552): Argument <to> is not an object ID File: C:/fpga/DE1-SoC-MyPlayer-master/soc_system/synthesis/submodules/hps_sdram_p0.sdc Line: 552
    Info (332050): set_false_path -from [get_clocks $local_pll_write_clk] -to ${prefix}|*s0|*hphy_bridge_s0_translator|av_readdata_pre[*] File: C:/fpga/DE1-SoC-MyPlayer-master/soc_system/synthesis/submodules/hps_sdram_p0.sdc Line: 552
Info: Setting DQS clocks as inactive; use Report DDR to timing analyze DQS clocks
Info (332104): Reading SDC File: 'soc_system/synthesis/submodules/soc_system_hps_0_hps_io_border.sdc'
Warning (332174): Ignored filter at soc_system_hps_0_hps_io_border.sdc(1): hps_io_hps_io_emac1_inst_TX_CLK could not be matched with a port File: C:/fpga/DE1-SoC-MyPlayer-master/soc_system/synthesis/submodules/soc_system_hps_0_hps_io_border.sdc Line: 1
Warning (332049): Ignored set_false_path at soc_system_hps_0_hps_io_border.sdc(1): Argument <to> is an empty collection File: C:/fpga/DE1-SoC-MyPlayer-master/soc_system/synthesis/submodules/soc_system_hps_0_hps_io_border.sdc Line: 1
    Info (332050): set_false_path -from * -to [get_ports hps_io_hps_io_emac1_inst_TX_CLK] File: C:/fpga/DE1-SoC-MyPlayer-master/soc_system/synthesis/submodules/soc_system_hps_0_hps_io_border.sdc Line: 1
Warning (332174): Ignored filter at soc_system_hps_0_hps_io_border.sdc(2): hps_io_hps_io_emac1_inst_TXD0 could not be matched with a port File: C:/fpga/DE1-SoC-MyPlayer-master/soc_system/synthesis/submodules/soc_system_hps_0_hps_io_border.sdc Line: 2
Warning (332049): Ignored set_false_path at soc_system_hps_0_hps_io_border.sdc(2): Argument <to> is an empty collection File: C:/fpga/DE1-SoC-MyPlayer-master/soc_system/synthesis/submodules/soc_system_hps_0_hps_io_border.sdc Line: 2
    Info (332050): set_false_path -from * -to [get_ports hps_io_hps_io_emac1_inst_TXD0] File: C:/fpga/DE1-SoC-MyPlayer-master/soc_system/synthesis/submodules/soc_system_hps_0_hps_io_border.sdc Line: 2
Warning (332174): Ignored filter at soc_system_hps_0_hps_io_border.sdc(3): hps_io_hps_io_emac1_inst_TXD1 could not be matched with a port File: C:/fpga/DE1-SoC-MyPlayer-master/soc_system/synthesis/submodules/soc_system_hps_0_hps_io_border.sdc Line: 3
Warning (332049): Ignored set_false_path at soc_system_hps_0_hps_io_border.sdc(3): Argument <to> is an empty collection File: C:/fpga/DE1-SoC-MyPlayer-master/soc_system/synthesis/submodules/soc_system_hps_0_hps_io_border.sdc Line: 3
    Info (332050): set_false_path -from * -to [get_ports hps_io_hps_io_emac1_inst_TXD1] File: C:/fpga/DE1-SoC-MyPlayer-master/soc_system/synthesis/submodules/soc_system_hps_0_hps_io_border.sdc Line: 3
Warning (332174): Ignored filter at soc_system_hps_0_hps_io_border.sdc(4): hps_io_hps_io_emac1_inst_TXD2 could not be matched with a port File: C:/fpga/DE1-SoC-MyPlayer-master/soc_system/synthesis/submodules/soc_system_hps_0_hps_io_border.sdc Line: 4
Warning (332049): Ignored set_false_path at soc_system_hps_0_hps_io_border.sdc(4): Argument <to> is an empty collection File: C:/fpga/DE1-SoC-MyPlayer-master/soc_system/synthesis/submodules/soc_system_hps_0_hps_io_border.sdc Line: 4
    Info (332050): set_false_path -from * -to [get_ports hps_io_hps_io_emac1_inst_TXD2] File: C:/fpga/DE1-SoC-MyPlayer-master/soc_system/synthesis/submodules/soc_system_hps_0_hps_io_border.sdc Line: 4
Warning (332174): Ignored filter at soc_system_hps_0_hps_io_border.sdc(5): hps_io_hps_io_emac1_inst_TXD3 could not be matched with a port File: C:/fpga/DE1-SoC-MyPlayer-master/soc_system/synthesis/submodules/soc_system_hps_0_hps_io_border.sdc Line: 5
Warning (332049): Ignored set_false_path at soc_system_hps_0_hps_io_border.sdc(5): Argument <to> is an empty collection File: C:/fpga/DE1-SoC-MyPlayer-master/soc_system/synthesis/submodules/soc_system_hps_0_hps_io_border.sdc Line: 5
    Info (332050): set_false_path -from * -to [get_ports hps_io_hps_io_emac1_inst_TXD3] File: C:/fpga/DE1-SoC-MyPlayer-master/soc_system/synthesis/submodules/soc_system_hps_0_hps_io_border.sdc Line: 5
Warning (332174): Ignored filter at soc_system_hps_0_hps_io_border.sdc(6): hps_io_hps_io_emac1_inst_RXD0 could not be matched with a port File: C:/fpga/DE1-SoC-MyPlayer-master/soc_system/synthesis/submodules/soc_system_hps_0_hps_io_border.sdc Line: 6
Warning (332049): Ignored set_false_path at soc_system_hps_0_hps_io_border.sdc(6): Argument <from> is an empty collection File: C:/fpga/DE1-SoC-MyPlayer-master/soc_system/synthesis/submodules/soc_system_hps_0_hps_io_border.sdc Line: 6
    Info (332050): set_false_path -from [get_ports hps_io_hps_io_emac1_inst_RXD0] -to * File: C:/fpga/DE1-SoC-MyPlayer-master/soc_system/synthesis/submodules/soc_system_hps_0_hps_io_border.sdc Line: 6
Warning (332174): Ignored filter at soc_system_hps_0_hps_io_border.sdc(7): hps_io_hps_io_emac1_inst_MDIO could not be matched with a port File: C:/fpga/DE1-SoC-MyPlayer-master/soc_system/synthesis/submodules/soc_system_hps_0_hps_io_border.sdc Line: 7
Warning (332049): Ignored set_false_path at soc_system_hps_0_hps_io_border.sdc(7): Argument <from> is an empty collection File: C:/fpga/DE1-SoC-MyPlayer-master/soc_system/synthesis/submodules/soc_system_hps_0_hps_io_border.sdc Line: 7
    Info (332050): set_false_path -from [get_ports hps_io_hps_io_emac1_inst_MDIO] -to * File: C:/fpga/DE1-SoC-MyPlayer-master/soc_system/synthesis/submodules/soc_system_hps_0_hps_io_border.sdc Line: 7
Warning (332049): Ignored set_false_path at soc_system_hps_0_hps_io_border.sdc(8): Argument <to> is an empty collection File: C:/fpga/DE1-SoC-MyPlayer-master/soc_system/synthesis/submodules/soc_system_hps_0_hps_io_border.sdc Line: 8
    Info (332050): set_false_path -from * -to [get_ports hps_io_hps_io_emac1_inst_MDIO] File: C:/fpga/DE1-SoC-MyPlayer-master/soc_system/synthesis/submodules/soc_system_hps_0_hps_io_border.sdc Line: 8
Warning (332174): Ignored filter at soc_system_hps_0_hps_io_border.sdc(9): hps_io_hps_io_emac1_inst_MDC could not be matched with a port File: C:/fpga/DE1-SoC-MyPlayer-master/soc_system/synthesis/submodules/soc_system_hps_0_hps_io_border.sdc Line: 9
Warning (332049): Ignored set_false_path at soc_system_hps_0_hps_io_border.sdc(9): Argument <to> is an empty collection File: C:/fpga/DE1-SoC-MyPlayer-master/soc_system/synthesis/submodules/soc_system_hps_0_hps_io_border.sdc Line: 9
    Info (332050): set_false_path -from * -to [get_ports hps_io_hps_io_emac1_inst_MDC] File: C:/fpga/DE1-SoC-MyPlayer-master/soc_system/synthesis/submodules/soc_system_hps_0_hps_io_border.sdc Line: 9
Warning (332174): Ignored filter at soc_system_hps_0_hps_io_border.sdc(10): hps_io_hps_io_emac1_inst_RX_CTL could not be matched with a port File: C:/fpga/DE1-SoC-MyPlayer-master/soc_system/synthesis/submodules/soc_system_hps_0_hps_io_border.sdc Line: 10
Warning (332049): Ignored set_false_path at soc_system_hps_0_hps_io_border.sdc(10): Argument <from> is an empty collection File: C:/fpga/DE1-SoC-MyPlayer-master/soc_system/synthesis/submodules/soc_system_hps_0_hps_io_border.sdc Line: 10
    Info (332050): set_false_path -from [get_ports hps_io_hps_io_emac1_inst_RX_CTL] -to * File: C:/fpga/DE1-SoC-MyPlayer-master/soc_system/synthesis/submodules/soc_system_hps_0_hps_io_border.sdc Line: 10
Warning (332174): Ignored filter at soc_system_hps_0_hps_io_border.sdc(11): hps_io_hps_io_emac1_inst_TX_CTL could not be matched with a port File: C:/fpga/DE1-SoC-MyPlayer-master/soc_system/synthesis/submodules/soc_system_hps_0_hps_io_border.sdc Line: 11
Warning (332049): Ignored set_false_path at soc_system_hps_0_hps_io_border.sdc(11): Argument <to> is an empty collection File: C:/fpga/DE1-SoC-MyPlayer-master/soc_system/synthesis/submodules/soc_system_hps_0_hps_io_border.sdc Line: 11
    Info (332050): set_false_path -from * -to [get_ports hps_io_hps_io_emac1_inst_TX_CTL] File: C:/fpga/DE1-SoC-MyPlayer-master/soc_system/synthesis/submodules/soc_system_hps_0_hps_io_border.sdc Line: 11
Warning (332174): Ignored filter at soc_system_hps_0_hps_io_border.sdc(12): hps_io_hps_io_emac1_inst_RX_CLK could not be matched with a port File: C:/fpga/DE1-SoC-MyPlayer-master/soc_system/synthesis/submodules/soc_system_hps_0_hps_io_border.sdc Line: 12
Warning (332049): Ignored set_false_path at soc_system_hps_0_hps_io_border.sdc(12): Argument <from> is an empty collection File: C:/fpga/DE1-SoC-MyPlayer-master/soc_system/synthesis/submodules/soc_system_hps_0_hps_io_border.sdc Line: 12
    Info (332050): set_false_path -from [get_ports hps_io_hps_io_emac1_inst_RX_CLK] -to * File: C:/fpga/DE1-SoC-MyPlayer-master/soc_system/synthesis/submodules/soc_system_hps_0_hps_io_border.sdc Line: 12
Warning (332174): Ignored filter at soc_system_hps_0_hps_io_border.sdc(13): hps_io_hps_io_emac1_inst_RXD1 could not be matched with a port File: C:/fpga/DE1-SoC-MyPlayer-master/soc_system/synthesis/submodules/soc_system_hps_0_hps_io_border.sdc Line: 13
Warning (332049): Ignored set_false_path at soc_system_hps_0_hps_io_border.sdc(13): Argument <from> is an empty collection File: C:/fpga/DE1-SoC-MyPlayer-master/soc_system/synthesis/submodules/soc_system_hps_0_hps_io_border.sdc Line: 13
    Info (332050): set_false_path -from [get_ports hps_io_hps_io_emac1_inst_RXD1] -to * File: C:/fpga/DE1-SoC-MyPlayer-master/soc_system/synthesis/submodules/soc_system_hps_0_hps_io_border.sdc Line: 13
Warning (332174): Ignored filter at soc_system_hps_0_hps_io_border.sdc(14): hps_io_hps_io_emac1_inst_RXD2 could not be matched with a port File: C:/fpga/DE1-SoC-MyPlayer-master/soc_system/synthesis/submodules/soc_system_hps_0_hps_io_border.sdc Line: 14
Warning (332049): Ignored set_false_path at soc_system_hps_0_hps_io_border.sdc(14): Argument <from> is an empty collection File: C:/fpga/DE1-SoC-MyPlayer-master/soc_system/synthesis/submodules/soc_system_hps_0_hps_io_border.sdc Line: 14
    Info (332050): set_false_path -from [get_ports hps_io_hps_io_emac1_inst_RXD2] -to * File: C:/fpga/DE1-SoC-MyPlayer-master/soc_system/synthesis/submodules/soc_system_hps_0_hps_io_border.sdc Line: 14
Warning (332174): Ignored filter at soc_system_hps_0_hps_io_border.sdc(15): hps_io_hps_io_emac1_inst_RXD3 could not be matched with a port File: C:/fpga/DE1-SoC-MyPlayer-master/soc_system/synthesis/submodules/soc_system_hps_0_hps_io_border.sdc Line: 15
Warning (332049): Ignored set_false_path at soc_system_hps_0_hps_io_border.sdc(15): Argument <from> is an empty collection File: C:/fpga/DE1-SoC-MyPlayer-master/soc_system/synthesis/submodules/soc_system_hps_0_hps_io_border.sdc Line: 15
    Info (332050): set_false_path -from [get_ports hps_io_hps_io_emac1_inst_RXD3] -to * File: C:/fpga/DE1-SoC-MyPlayer-master/soc_system/synthesis/submodules/soc_system_hps_0_hps_io_border.sdc Line: 15
Warning (332174): Ignored filter at soc_system_hps_0_hps_io_border.sdc(16): hps_io_hps_io_qspi_inst_IO0 could not be matched with a port File: C:/fpga/DE1-SoC-MyPlayer-master/soc_system/synthesis/submodules/soc_system_hps_0_hps_io_border.sdc Line: 16
Warning (332049): Ignored set_false_path at soc_system_hps_0_hps_io_border.sdc(16): Argument <from> is an empty collection File: C:/fpga/DE1-SoC-MyPlayer-master/soc_system/synthesis/submodules/soc_system_hps_0_hps_io_border.sdc Line: 16
    Info (332050): set_false_path -from [get_ports hps_io_hps_io_qspi_inst_IO0] -to * File: C:/fpga/DE1-SoC-MyPlayer-master/soc_system/synthesis/submodules/soc_system_hps_0_hps_io_border.sdc Line: 16
Warning (332049): Ignored set_false_path at soc_system_hps_0_hps_io_border.sdc(17): Argument <to> is an empty collection File: C:/fpga/DE1-SoC-MyPlayer-master/soc_system/synthesis/submodules/soc_system_hps_0_hps_io_border.sdc Line: 17
    Info (332050): set_false_path -from * -to [get_ports hps_io_hps_io_qspi_inst_IO0] File: C:/fpga/DE1-SoC-MyPlayer-master/soc_system/synthesis/submodules/soc_system_hps_0_hps_io_border.sdc Line: 17
Warning (332174): Ignored filter at soc_system_hps_0_hps_io_border.sdc(18): hps_io_hps_io_qspi_inst_IO1 could not be matched with a port File: C:/fpga/DE1-SoC-MyPlayer-master/soc_system/synthesis/submodules/soc_system_hps_0_hps_io_border.sdc Line: 18
Warning (332049): Ignored set_false_path at soc_system_hps_0_hps_io_border.sdc(18): Argument <from> is an empty collection File: C:/fpga/DE1-SoC-MyPlayer-master/soc_system/synthesis/submodules/soc_system_hps_0_hps_io_border.sdc Line: 18
    Info (332050): set_false_path -from [get_ports hps_io_hps_io_qspi_inst_IO1] -to * File: C:/fpga/DE1-SoC-MyPlayer-master/soc_system/synthesis/submodules/soc_system_hps_0_hps_io_border.sdc Line: 18
Warning (332049): Ignored set_false_path at soc_system_hps_0_hps_io_border.sdc(19): Argument <to> is an empty collection File: C:/fpga/DE1-SoC-MyPlayer-master/soc_system/synthesis/submodules/soc_system_hps_0_hps_io_border.sdc Line: 19
    Info (332050): set_false_path -from * -to [get_ports hps_io_hps_io_qspi_inst_IO1] File: C:/fpga/DE1-SoC-MyPlayer-master/soc_system/synthesis/submodules/soc_system_hps_0_hps_io_border.sdc Line: 19
Warning (332174): Ignored filter at soc_system_hps_0_hps_io_border.sdc(20): hps_io_hps_io_qspi_inst_IO2 could not be matched with a port File: C:/fpga/DE1-SoC-MyPlayer-master/soc_system/synthesis/submodules/soc_system_hps_0_hps_io_border.sdc Line: 20
Warning (332049): Ignored set_false_path at soc_system_hps_0_hps_io_border.sdc(20): Argument <from> is an empty collection File: C:/fpga/DE1-SoC-MyPlayer-master/soc_system/synthesis/submodules/soc_system_hps_0_hps_io_border.sdc Line: 20
    Info (332050): set_false_path -from [get_ports hps_io_hps_io_qspi_inst_IO2] -to * File: C:/fpga/DE1-SoC-MyPlayer-master/soc_system/synthesis/submodules/soc_system_hps_0_hps_io_border.sdc Line: 20
Warning (332049): Ignored set_false_path at soc_system_hps_0_hps_io_border.sdc(21): Argument <to> is an empty collection File: C:/fpga/DE1-SoC-MyPlayer-master/soc_system/synthesis/submodules/soc_system_hps_0_hps_io_border.sdc Line: 21
    Info (332050): set_false_path -from * -to [get_ports hps_io_hps_io_qspi_inst_IO2] File: C:/fpga/DE1-SoC-MyPlayer-master/soc_system/synthesis/submodules/soc_system_hps_0_hps_io_border.sdc Line: 21
Warning (332174): Ignored filter at soc_system_hps_0_hps_io_border.sdc(22): hps_io_hps_io_qspi_inst_IO3 could not be matched with a port File: C:/fpga/DE1-SoC-MyPlayer-master/soc_system/synthesis/submodules/soc_system_hps_0_hps_io_border.sdc Line: 22
Warning (332049): Ignored set_false_path at soc_system_hps_0_hps_io_border.sdc(22): Argument <from> is an empty collection File: C:/fpga/DE1-SoC-MyPlayer-master/soc_system/synthesis/submodules/soc_system_hps_0_hps_io_border.sdc Line: 22
    Info (332050): set_false_path -from [get_ports hps_io_hps_io_qspi_inst_IO3] -to * File: C:/fpga/DE1-SoC-MyPlayer-master/soc_system/synthesis/submodules/soc_system_hps_0_hps_io_border.sdc Line: 22
Warning (332049): Ignored set_false_path at soc_system_hps_0_hps_io_border.sdc(23): Argument <to> is an empty collection File: C:/fpga/DE1-SoC-MyPlayer-master/soc_system/synthesis/submodules/soc_system_hps_0_hps_io_border.sdc Line: 23
    Info (332050): set_false_path -from * -to [get_ports hps_io_hps_io_qspi_inst_IO3] File: C:/fpga/DE1-SoC-MyPlayer-master/soc_system/synthesis/submodules/soc_system_hps_0_hps_io_border.sdc Line: 23
Warning (332174): Ignored filter at soc_system_hps_0_hps_io_border.sdc(24): hps_io_hps_io_qspi_inst_SS0 could not be matched with a port File: C:/fpga/DE1-SoC-MyPlayer-master/soc_system/synthesis/submodules/soc_system_hps_0_hps_io_border.sdc Line: 24
Warning (332049): Ignored set_false_path at soc_system_hps_0_hps_io_border.sdc(24): Argument <to> is an empty collection File: C:/fpga/DE1-SoC-MyPlayer-master/soc_system/synthesis/submodules/soc_system_hps_0_hps_io_border.sdc Line: 24
    Info (332050): set_false_path -from * -to [get_ports hps_io_hps_io_qspi_inst_SS0] File: C:/fpga/DE1-SoC-MyPlayer-master/soc_system/synthesis/submodules/soc_system_hps_0_hps_io_border.sdc Line: 24
Warning (332174): Ignored filter at soc_system_hps_0_hps_io_border.sdc(25): hps_io_hps_io_qspi_inst_CLK could not be matched with a port File: C:/fpga/DE1-SoC-MyPlayer-master/soc_system/synthesis/submodules/soc_system_hps_0_hps_io_border.sdc Line: 25
Warning (332049): Ignored set_false_path at soc_system_hps_0_hps_io_border.sdc(25): Argument <to> is an empty collection File: C:/fpga/DE1-SoC-MyPlayer-master/soc_system/synthesis/submodules/soc_system_hps_0_hps_io_border.sdc Line: 25
    Info (332050): set_false_path -from * -to [get_ports hps_io_hps_io_qspi_inst_CLK] File: C:/fpga/DE1-SoC-MyPlayer-master/soc_system/synthesis/submodules/soc_system_hps_0_hps_io_border.sdc Line: 25
Warning (332174): Ignored filter at soc_system_hps_0_hps_io_border.sdc(26): hps_io_hps_io_sdio_inst_CMD could not be matched with a port File: C:/fpga/DE1-SoC-MyPlayer-master/soc_system/synthesis/submodules/soc_system_hps_0_hps_io_border.sdc Line: 26
Warning (332049): Ignored set_false_path at soc_system_hps_0_hps_io_border.sdc(26): Argument <from> is an empty collection File: C:/fpga/DE1-SoC-MyPlayer-master/soc_system/synthesis/submodules/soc_system_hps_0_hps_io_border.sdc Line: 26
    Info (332050): set_false_path -from [get_ports hps_io_hps_io_sdio_inst_CMD] -to * File: C:/fpga/DE1-SoC-MyPlayer-master/soc_system/synthesis/submodules/soc_system_hps_0_hps_io_border.sdc Line: 26
Warning (332049): Ignored set_false_path at soc_system_hps_0_hps_io_border.sdc(27): Argument <to> is an empty collection File: C:/fpga/DE1-SoC-MyPlayer-master/soc_system/synthesis/submodules/soc_system_hps_0_hps_io_border.sdc Line: 27
    Info (332050): set_false_path -from * -to [get_ports hps_io_hps_io_sdio_inst_CMD] File: C:/fpga/DE1-SoC-MyPlayer-master/soc_system/synthesis/submodules/soc_system_hps_0_hps_io_border.sdc Line: 27
Warning (332174): Ignored filter at soc_system_hps_0_hps_io_border.sdc(28): hps_io_hps_io_sdio_inst_D0 could not be matched with a port File: C:/fpga/DE1-SoC-MyPlayer-master/soc_system/synthesis/submodules/soc_system_hps_0_hps_io_border.sdc Line: 28
Warning (332049): Ignored set_false_path at soc_system_hps_0_hps_io_border.sdc(28): Argument <from> is an empty collection File: C:/fpga/DE1-SoC-MyPlayer-master/soc_system/synthesis/submodules/soc_system_hps_0_hps_io_border.sdc Line: 28
    Info (332050): set_false_path -from [get_ports hps_io_hps_io_sdio_inst_D0] -to * File: C:/fpga/DE1-SoC-MyPlayer-master/soc_system/synthesis/submodules/soc_system_hps_0_hps_io_border.sdc Line: 28
Warning (332049): Ignored set_false_path at soc_system_hps_0_hps_io_border.sdc(29): Argument <to> is an empty collection File: C:/fpga/DE1-SoC-MyPlayer-master/soc_system/synthesis/submodules/soc_system_hps_0_hps_io_border.sdc Line: 29
    Info (332050): set_false_path -from * -to [get_ports hps_io_hps_io_sdio_inst_D0] File: C:/fpga/DE1-SoC-MyPlayer-master/soc_system/synthesis/submodules/soc_system_hps_0_hps_io_border.sdc Line: 29
Warning (332174): Ignored filter at soc_system_hps_0_hps_io_border.sdc(30): hps_io_hps_io_sdio_inst_D1 could not be matched with a port File: C:/fpga/DE1-SoC-MyPlayer-master/soc_system/synthesis/submodules/soc_system_hps_0_hps_io_border.sdc Line: 30
Warning (332049): Ignored set_false_path at soc_system_hps_0_hps_io_border.sdc(30): Argument <from> is an empty collection File: C:/fpga/DE1-SoC-MyPlayer-master/soc_system/synthesis/submodules/soc_system_hps_0_hps_io_border.sdc Line: 30
    Info (332050): set_false_path -from [get_ports hps_io_hps_io_sdio_inst_D1] -to * File: C:/fpga/DE1-SoC-MyPlayer-master/soc_system/synthesis/submodules/soc_system_hps_0_hps_io_border.sdc Line: 30
Warning (332049): Ignored set_false_path at soc_system_hps_0_hps_io_border.sdc(31): Argument <to> is an empty collection File: C:/fpga/DE1-SoC-MyPlayer-master/soc_system/synthesis/submodules/soc_system_hps_0_hps_io_border.sdc Line: 31
    Info (332050): set_false_path -from * -to [get_ports hps_io_hps_io_sdio_inst_D1] File: C:/fpga/DE1-SoC-MyPlayer-master/soc_system/synthesis/submodules/soc_system_hps_0_hps_io_border.sdc Line: 31
Warning (332174): Ignored filter at soc_system_hps_0_hps_io_border.sdc(32): hps_io_hps_io_sdio_inst_CLK could not be matched with a port File: C:/fpga/DE1-SoC-MyPlayer-master/soc_system/synthesis/submodules/soc_system_hps_0_hps_io_border.sdc Line: 32
Warning (332049): Ignored set_false_path at soc_system_hps_0_hps_io_border.sdc(32): Argument <to> is an empty collection File: C:/fpga/DE1-SoC-MyPlayer-master/soc_system/synthesis/submodules/soc_system_hps_0_hps_io_border.sdc Line: 32
    Info (332050): set_false_path -from * -to [get_ports hps_io_hps_io_sdio_inst_CLK] File: C:/fpga/DE1-SoC-MyPlayer-master/soc_system/synthesis/submodules/soc_system_hps_0_hps_io_border.sdc Line: 32
Warning (332174): Ignored filter at soc_system_hps_0_hps_io_border.sdc(33): hps_io_hps_io_sdio_inst_D2 could not be matched with a port File: C:/fpga/DE1-SoC-MyPlayer-master/soc_system/synthesis/submodules/soc_system_hps_0_hps_io_border.sdc Line: 33
Warning (332049): Ignored set_false_path at soc_system_hps_0_hps_io_border.sdc(33): Argument <from> is an empty collection File: C:/fpga/DE1-SoC-MyPlayer-master/soc_system/synthesis/submodules/soc_system_hps_0_hps_io_border.sdc Line: 33
    Info (332050): set_false_path -from [get_ports hps_io_hps_io_sdio_inst_D2] -to * File: C:/fpga/DE1-SoC-MyPlayer-master/soc_system/synthesis/submodules/soc_system_hps_0_hps_io_border.sdc Line: 33
Warning (332049): Ignored set_false_path at soc_system_hps_0_hps_io_border.sdc(34): Argument <to> is an empty collection File: C:/fpga/DE1-SoC-MyPlayer-master/soc_system/synthesis/submodules/soc_system_hps_0_hps_io_border.sdc Line: 34
    Info (332050): set_false_path -from * -to [get_ports hps_io_hps_io_sdio_inst_D2] File: C:/fpga/DE1-SoC-MyPlayer-master/soc_system/synthesis/submodules/soc_system_hps_0_hps_io_border.sdc Line: 34
Warning (332174): Ignored filter at soc_system_hps_0_hps_io_border.sdc(35): hps_io_hps_io_sdio_inst_D3 could not be matched with a port File: C:/fpga/DE1-SoC-MyPlayer-master/soc_system/synthesis/submodules/soc_system_hps_0_hps_io_border.sdc Line: 35
Warning (332049): Ignored set_false_path at soc_system_hps_0_hps_io_border.sdc(35): Argument <from> is an empty collection File: C:/fpga/DE1-SoC-MyPlayer-master/soc_system/synthesis/submodules/soc_system_hps_0_hps_io_border.sdc Line: 35
    Info (332050): set_false_path -from [get_ports hps_io_hps_io_sdio_inst_D3] -to * File: C:/fpga/DE1-SoC-MyPlayer-master/soc_system/synthesis/submodules/soc_system_hps_0_hps_io_border.sdc Line: 35
Warning (332049): Ignored set_false_path at soc_system_hps_0_hps_io_border.sdc(36): Argument <to> is an empty collection File: C:/fpga/DE1-SoC-MyPlayer-master/soc_system/synthesis/submodules/soc_system_hps_0_hps_io_border.sdc Line: 36
    Info (332050): set_false_path -from * -to [get_ports hps_io_hps_io_sdio_inst_D3] File: C:/fpga/DE1-SoC-MyPlayer-master/soc_system/synthesis/submodules/soc_system_hps_0_hps_io_border.sdc Line: 36
Warning (332174): Ignored filter at soc_system_hps_0_hps_io_border.sdc(37): hps_io_hps_io_usb1_inst_D0 could not be matched with a port File: C:/fpga/DE1-SoC-MyPlayer-master/soc_system/synthesis/submodules/soc_system_hps_0_hps_io_border.sdc Line: 37
Warning (332049): Ignored set_false_path at soc_system_hps_0_hps_io_border.sdc(37): Argument <from> is an empty collection File: C:/fpga/DE1-SoC-MyPlayer-master/soc_system/synthesis/submodules/soc_system_hps_0_hps_io_border.sdc Line: 37
    Info (332050): set_false_path -from [get_ports hps_io_hps_io_usb1_inst_D0] -to * File: C:/fpga/DE1-SoC-MyPlayer-master/soc_system/synthesis/submodules/soc_system_hps_0_hps_io_border.sdc Line: 37
Warning (332049): Ignored set_false_path at soc_system_hps_0_hps_io_border.sdc(38): Argument <to> is an empty collection File: C:/fpga/DE1-SoC-MyPlayer-master/soc_system/synthesis/submodules/soc_system_hps_0_hps_io_border.sdc Line: 38
    Info (332050): set_false_path -from * -to [get_ports hps_io_hps_io_usb1_inst_D0] File: C:/fpga/DE1-SoC-MyPlayer-master/soc_system/synthesis/submodules/soc_system_hps_0_hps_io_border.sdc Line: 38
Warning (332174): Ignored filter at soc_system_hps_0_hps_io_border.sdc(39): hps_io_hps_io_usb1_inst_D1 could not be matched with a port File: C:/fpga/DE1-SoC-MyPlayer-master/soc_system/synthesis/submodules/soc_system_hps_0_hps_io_border.sdc Line: 39
Warning (332049): Ignored set_false_path at soc_system_hps_0_hps_io_border.sdc(39): Argument <from> is an empty collection File: C:/fpga/DE1-SoC-MyPlayer-master/soc_system/synthesis/submodules/soc_system_hps_0_hps_io_border.sdc Line: 39
    Info (332050): set_false_path -from [get_ports hps_io_hps_io_usb1_inst_D1] -to * File: C:/fpga/DE1-SoC-MyPlayer-master/soc_system/synthesis/submodules/soc_system_hps_0_hps_io_border.sdc Line: 39
Warning (332049): Ignored set_false_path at soc_system_hps_0_hps_io_border.sdc(40): Argument <to> is an empty collection File: C:/fpga/DE1-SoC-MyPlayer-master/soc_system/synthesis/submodules/soc_system_hps_0_hps_io_border.sdc Line: 40
    Info (332050): set_false_path -from * -to [get_ports hps_io_hps_io_usb1_inst_D1] File: C:/fpga/DE1-SoC-MyPlayer-master/soc_system/synthesis/submodules/soc_system_hps_0_hps_io_border.sdc Line: 40
Warning (332174): Ignored filter at soc_system_hps_0_hps_io_border.sdc(41): hps_io_hps_io_usb1_inst_D2 could not be matched with a port File: C:/fpga/DE1-SoC-MyPlayer-master/soc_system/synthesis/submodules/soc_system_hps_0_hps_io_border.sdc Line: 41
Warning (332049): Ignored set_false_path at soc_system_hps_0_hps_io_border.sdc(41): Argument <from> is an empty collection File: C:/fpga/DE1-SoC-MyPlayer-master/soc_system/synthesis/submodules/soc_system_hps_0_hps_io_border.sdc Line: 41
    Info (332050): set_false_path -from [get_ports hps_io_hps_io_usb1_inst_D2] -to * File: C:/fpga/DE1-SoC-MyPlayer-master/soc_system/synthesis/submodules/soc_system_hps_0_hps_io_border.sdc Line: 41
Warning (332049): Ignored set_false_path at soc_system_hps_0_hps_io_border.sdc(42): Argument <to> is an empty collection File: C:/fpga/DE1-SoC-MyPlayer-master/soc_system/synthesis/submodules/soc_system_hps_0_hps_io_border.sdc Line: 42
    Info (332050): set_false_path -from * -to [get_ports hps_io_hps_io_usb1_inst_D2] File: C:/fpga/DE1-SoC-MyPlayer-master/soc_system/synthesis/submodules/soc_system_hps_0_hps_io_border.sdc Line: 42
Warning (332174): Ignored filter at soc_system_hps_0_hps_io_border.sdc(43): hps_io_hps_io_usb1_inst_D3 could not be matched with a port File: C:/fpga/DE1-SoC-MyPlayer-master/soc_system/synthesis/submodules/soc_system_hps_0_hps_io_border.sdc Line: 43
Warning (332049): Ignored set_false_path at soc_system_hps_0_hps_io_border.sdc(43): Argument <from> is an empty collection File: C:/fpga/DE1-SoC-MyPlayer-master/soc_system/synthesis/submodules/soc_system_hps_0_hps_io_border.sdc Line: 43
    Info (332050): set_false_path -from [get_ports hps_io_hps_io_usb1_inst_D3] -to * File: C:/fpga/DE1-SoC-MyPlayer-master/soc_system/synthesis/submodules/soc_system_hps_0_hps_io_border.sdc Line: 43
Warning (332049): Ignored set_false_path at soc_system_hps_0_hps_io_border.sdc(44): Argument <to> is an empty collection File: C:/fpga/DE1-SoC-MyPlayer-master/soc_system/synthesis/submodules/soc_system_hps_0_hps_io_border.sdc Line: 44
    Info (332050): set_false_path -from * -to [get_ports hps_io_hps_io_usb1_inst_D3] File: C:/fpga/DE1-SoC-MyPlayer-master/soc_system/synthesis/submodules/soc_system_hps_0_hps_io_border.sdc Line: 44
Warning (332174): Ignored filter at soc_system_hps_0_hps_io_border.sdc(45): hps_io_hps_io_usb1_inst_D4 could not be matched with a port File: C:/fpga/DE1-SoC-MyPlayer-master/soc_system/synthesis/submodules/soc_system_hps_0_hps_io_border.sdc Line: 45
Warning (332049): Ignored set_false_path at soc_system_hps_0_hps_io_border.sdc(45): Argument <from> is an empty collection File: C:/fpga/DE1-SoC-MyPlayer-master/soc_system/synthesis/submodules/soc_system_hps_0_hps_io_border.sdc Line: 45
    Info (332050): set_false_path -from [get_ports hps_io_hps_io_usb1_inst_D4] -to * File: C:/fpga/DE1-SoC-MyPlayer-master/soc_system/synthesis/submodules/soc_system_hps_0_hps_io_border.sdc Line: 45
Warning (332049): Ignored set_false_path at soc_system_hps_0_hps_io_border.sdc(46): Argument <to> is an empty collection File: C:/fpga/DE1-SoC-MyPlayer-master/soc_system/synthesis/submodules/soc_system_hps_0_hps_io_border.sdc Line: 46
    Info (332050): set_false_path -from * -to [get_ports hps_io_hps_io_usb1_inst_D4] File: C:/fpga/DE1-SoC-MyPlayer-master/soc_system/synthesis/submodules/soc_system_hps_0_hps_io_border.sdc Line: 46
Warning (332174): Ignored filter at soc_system_hps_0_hps_io_border.sdc(47): hps_io_hps_io_usb1_inst_D5 could not be matched with a port File: C:/fpga/DE1-SoC-MyPlayer-master/soc_system/synthesis/submodules/soc_system_hps_0_hps_io_border.sdc Line: 47
Warning (332049): Ignored set_false_path at soc_system_hps_0_hps_io_border.sdc(47): Argument <from> is an empty collection File: C:/fpga/DE1-SoC-MyPlayer-master/soc_system/synthesis/submodules/soc_system_hps_0_hps_io_border.sdc Line: 47
    Info (332050): set_false_path -from [get_ports hps_io_hps_io_usb1_inst_D5] -to * File: C:/fpga/DE1-SoC-MyPlayer-master/soc_system/synthesis/submodules/soc_system_hps_0_hps_io_border.sdc Line: 47
Warning (332049): Ignored set_false_path at soc_system_hps_0_hps_io_border.sdc(48): Argument <to> is an empty collection File: C:/fpga/DE1-SoC-MyPlayer-master/soc_system/synthesis/submodules/soc_system_hps_0_hps_io_border.sdc Line: 48
    Info (332050): set_false_path -from * -to [get_ports hps_io_hps_io_usb1_inst_D5] File: C:/fpga/DE1-SoC-MyPlayer-master/soc_system/synthesis/submodules/soc_system_hps_0_hps_io_border.sdc Line: 48
Warning (332174): Ignored filter at soc_system_hps_0_hps_io_border.sdc(49): hps_io_hps_io_usb1_inst_D6 could not be matched with a port File: C:/fpga/DE1-SoC-MyPlayer-master/soc_system/synthesis/submodules/soc_system_hps_0_hps_io_border.sdc Line: 49
Warning (332049): Ignored set_false_path at soc_system_hps_0_hps_io_border.sdc(49): Argument <from> is an empty collection File: C:/fpga/DE1-SoC-MyPlayer-master/soc_system/synthesis/submodules/soc_system_hps_0_hps_io_border.sdc Line: 49
    Info (332050): set_false_path -from [get_ports hps_io_hps_io_usb1_inst_D6] -to * File: C:/fpga/DE1-SoC-MyPlayer-master/soc_system/synthesis/submodules/soc_system_hps_0_hps_io_border.sdc Line: 49
Warning (332049): Ignored set_false_path at soc_system_hps_0_hps_io_border.sdc(50): Argument <to> is an empty collection File: C:/fpga/DE1-SoC-MyPlayer-master/soc_system/synthesis/submodules/soc_system_hps_0_hps_io_border.sdc Line: 50
    Info (332050): set_false_path -from * -to [get_ports hps_io_hps_io_usb1_inst_D6] File: C:/fpga/DE1-SoC-MyPlayer-master/soc_system/synthesis/submodules/soc_system_hps_0_hps_io_border.sdc Line: 50
Warning (332174): Ignored filter at soc_system_hps_0_hps_io_border.sdc(51): hps_io_hps_io_usb1_inst_D7 could not be matched with a port File: C:/fpga/DE1-SoC-MyPlayer-master/soc_system/synthesis/submodules/soc_system_hps_0_hps_io_border.sdc Line: 51
Warning (332049): Ignored set_false_path at soc_system_hps_0_hps_io_border.sdc(51): Argument <from> is an empty collection File: C:/fpga/DE1-SoC-MyPlayer-master/soc_system/synthesis/submodules/soc_system_hps_0_hps_io_border.sdc Line: 51
    Info (332050): set_false_path -from [get_ports hps_io_hps_io_usb1_inst_D7] -to * File: C:/fpga/DE1-SoC-MyPlayer-master/soc_system/synthesis/submodules/soc_system_hps_0_hps_io_border.sdc Line: 51
Warning (332049): Ignored set_false_path at soc_system_hps_0_hps_io_border.sdc(52): Argument <to> is an empty collection File: C:/fpga/DE1-SoC-MyPlayer-master/soc_system/synthesis/submodules/soc_system_hps_0_hps_io_border.sdc Line: 52
    Info (332050): set_false_path -from * -to [get_ports hps_io_hps_io_usb1_inst_D7] File: C:/fpga/DE1-SoC-MyPlayer-master/soc_system/synthesis/submodules/soc_system_hps_0_hps_io_border.sdc Line: 52
Warning (332174): Ignored filter at soc_system_hps_0_hps_io_border.sdc(53): hps_io_hps_io_usb1_inst_CLK could not be matched with a port File: C:/fpga/DE1-SoC-MyPlayer-master/soc_system/synthesis/submodules/soc_system_hps_0_hps_io_border.sdc Line: 53
Warning (332049): Ignored set_false_path at soc_system_hps_0_hps_io_border.sdc(53): Argument <from> is an empty collection File: C:/fpga/DE1-SoC-MyPlayer-master/soc_system/synthesis/submodules/soc_system_hps_0_hps_io_border.sdc Line: 53
    Info (332050): set_false_path -from [get_ports hps_io_hps_io_usb1_inst_CLK] -to * File: C:/fpga/DE1-SoC-MyPlayer-master/soc_system/synthesis/submodules/soc_system_hps_0_hps_io_border.sdc Line: 53
Warning (332174): Ignored filter at soc_system_hps_0_hps_io_border.sdc(54): hps_io_hps_io_usb1_inst_STP could not be matched with a port File: C:/fpga/DE1-SoC-MyPlayer-master/soc_system/synthesis/submodules/soc_system_hps_0_hps_io_border.sdc Line: 54
Warning (332049): Ignored set_false_path at soc_system_hps_0_hps_io_border.sdc(54): Argument <to> is an empty collection File: C:/fpga/DE1-SoC-MyPlayer-master/soc_system/synthesis/submodules/soc_system_hps_0_hps_io_border.sdc Line: 54
    Info (332050): set_false_path -from * -to [get_ports hps_io_hps_io_usb1_inst_STP] File: C:/fpga/DE1-SoC-MyPlayer-master/soc_system/synthesis/submodules/soc_system_hps_0_hps_io_border.sdc Line: 54
Warning (332174): Ignored filter at soc_system_hps_0_hps_io_border.sdc(55): hps_io_hps_io_usb1_inst_DIR could not be matched with a port File: C:/fpga/DE1-SoC-MyPlayer-master/soc_system/synthesis/submodules/soc_system_hps_0_hps_io_border.sdc Line: 55
Warning (332049): Ignored set_false_path at soc_system_hps_0_hps_io_border.sdc(55): Argument <from> is an empty collection File: C:/fpga/DE1-SoC-MyPlayer-master/soc_system/synthesis/submodules/soc_system_hps_0_hps_io_border.sdc Line: 55
    Info (332050): set_false_path -from [get_ports hps_io_hps_io_usb1_inst_DIR] -to * File: C:/fpga/DE1-SoC-MyPlayer-master/soc_system/synthesis/submodules/soc_system_hps_0_hps_io_border.sdc Line: 55
Warning (332174): Ignored filter at soc_system_hps_0_hps_io_border.sdc(56): hps_io_hps_io_usb1_inst_NXT could not be matched with a port File: C:/fpga/DE1-SoC-MyPlayer-master/soc_system/synthesis/submodules/soc_system_hps_0_hps_io_border.sdc Line: 56
Warning (332049): Ignored set_false_path at soc_system_hps_0_hps_io_border.sdc(56): Argument <from> is an empty collection File: C:/fpga/DE1-SoC-MyPlayer-master/soc_system/synthesis/submodules/soc_system_hps_0_hps_io_border.sdc Line: 56
    Info (332050): set_false_path -from [get_ports hps_io_hps_io_usb1_inst_NXT] -to * File: C:/fpga/DE1-SoC-MyPlayer-master/soc_system/synthesis/submodules/soc_system_hps_0_hps_io_border.sdc Line: 56
Warning (332174): Ignored filter at soc_system_hps_0_hps_io_border.sdc(57): hps_io_hps_io_spim1_inst_CLK could not be matched with a port File: C:/fpga/DE1-SoC-MyPlayer-master/soc_system/synthesis/submodules/soc_system_hps_0_hps_io_border.sdc Line: 57
Warning (332049): Ignored set_false_path at soc_system_hps_0_hps_io_border.sdc(57): Argument <to> is an empty collection File: C:/fpga/DE1-SoC-MyPlayer-master/soc_system/synthesis/submodules/soc_system_hps_0_hps_io_border.sdc Line: 57
    Info (332050): set_false_path -from * -to [get_ports hps_io_hps_io_spim1_inst_CLK] File: C:/fpga/DE1-SoC-MyPlayer-master/soc_system/synthesis/submodules/soc_system_hps_0_hps_io_border.sdc Line: 57
Warning (332174): Ignored filter at soc_system_hps_0_hps_io_border.sdc(58): hps_io_hps_io_spim1_inst_MOSI could not be matched with a port File: C:/fpga/DE1-SoC-MyPlayer-master/soc_system/synthesis/submodules/soc_system_hps_0_hps_io_border.sdc Line: 58
Warning (332049): Ignored set_false_path at soc_system_hps_0_hps_io_border.sdc(58): Argument <to> is an empty collection File: C:/fpga/DE1-SoC-MyPlayer-master/soc_system/synthesis/submodules/soc_system_hps_0_hps_io_border.sdc Line: 58
    Info (332050): set_false_path -from * -to [get_ports hps_io_hps_io_spim1_inst_MOSI] File: C:/fpga/DE1-SoC-MyPlayer-master/soc_system/synthesis/submodules/soc_system_hps_0_hps_io_border.sdc Line: 58
Warning (332174): Ignored filter at soc_system_hps_0_hps_io_border.sdc(59): hps_io_hps_io_spim1_inst_MISO could not be matched with a port File: C:/fpga/DE1-SoC-MyPlayer-master/soc_system/synthesis/submodules/soc_system_hps_0_hps_io_border.sdc Line: 59
Warning (332049): Ignored set_false_path at soc_system_hps_0_hps_io_border.sdc(59): Argument <from> is an empty collection File: C:/fpga/DE1-SoC-MyPlayer-master/soc_system/synthesis/submodules/soc_system_hps_0_hps_io_border.sdc Line: 59
    Info (332050): set_false_path -from [get_ports hps_io_hps_io_spim1_inst_MISO] -to * File: C:/fpga/DE1-SoC-MyPlayer-master/soc_system/synthesis/submodules/soc_system_hps_0_hps_io_border.sdc Line: 59
Warning (332174): Ignored filter at soc_system_hps_0_hps_io_border.sdc(60): hps_io_hps_io_spim1_inst_SS0 could not be matched with a port File: C:/fpga/DE1-SoC-MyPlayer-master/soc_system/synthesis/submodules/soc_system_hps_0_hps_io_border.sdc Line: 60
Warning (332049): Ignored set_false_path at soc_system_hps_0_hps_io_border.sdc(60): Argument <to> is an empty collection File: C:/fpga/DE1-SoC-MyPlayer-master/soc_system/synthesis/submodules/soc_system_hps_0_hps_io_border.sdc Line: 60
    Info (332050): set_false_path -from * -to [get_ports hps_io_hps_io_spim1_inst_SS0] File: C:/fpga/DE1-SoC-MyPlayer-master/soc_system/synthesis/submodules/soc_system_hps_0_hps_io_border.sdc Line: 60
Warning (332174): Ignored filter at soc_system_hps_0_hps_io_border.sdc(61): hps_io_hps_io_uart0_inst_RX could not be matched with a port File: C:/fpga/DE1-SoC-MyPlayer-master/soc_system/synthesis/submodules/soc_system_hps_0_hps_io_border.sdc Line: 61
Warning (332049): Ignored set_false_path at soc_system_hps_0_hps_io_border.sdc(61): Argument <from> is an empty collection File: C:/fpga/DE1-SoC-MyPlayer-master/soc_system/synthesis/submodules/soc_system_hps_0_hps_io_border.sdc Line: 61
    Info (332050): set_false_path -from [get_ports hps_io_hps_io_uart0_inst_RX] -to * File: C:/fpga/DE1-SoC-MyPlayer-master/soc_system/synthesis/submodules/soc_system_hps_0_hps_io_border.sdc Line: 61
Warning (332174): Ignored filter at soc_system_hps_0_hps_io_border.sdc(62): hps_io_hps_io_uart0_inst_TX could not be matched with a port File: C:/fpga/DE1-SoC-MyPlayer-master/soc_system/synthesis/submodules/soc_system_hps_0_hps_io_border.sdc Line: 62
Warning (332049): Ignored set_false_path at soc_system_hps_0_hps_io_border.sdc(62): Argument <to> is an empty collection File: C:/fpga/DE1-SoC-MyPlayer-master/soc_system/synthesis/submodules/soc_system_hps_0_hps_io_border.sdc Line: 62
    Info (332050): set_false_path -from * -to [get_ports hps_io_hps_io_uart0_inst_TX] File: C:/fpga/DE1-SoC-MyPlayer-master/soc_system/synthesis/submodules/soc_system_hps_0_hps_io_border.sdc Line: 62
Warning (332174): Ignored filter at soc_system_hps_0_hps_io_border.sdc(63): hps_io_hps_io_i2c0_inst_SDA could not be matched with a port File: C:/fpga/DE1-SoC-MyPlayer-master/soc_system/synthesis/submodules/soc_system_hps_0_hps_io_border.sdc Line: 63
Warning (332049): Ignored set_false_path at soc_system_hps_0_hps_io_border.sdc(63): Argument <from> is an empty collection File: C:/fpga/DE1-SoC-MyPlayer-master/soc_system/synthesis/submodules/soc_system_hps_0_hps_io_border.sdc Line: 63
    Info (332050): set_false_path -from [get_ports hps_io_hps_io_i2c0_inst_SDA] -to * File: C:/fpga/DE1-SoC-MyPlayer-master/soc_system/synthesis/submodules/soc_system_hps_0_hps_io_border.sdc Line: 63
Warning (332049): Ignored set_false_path at soc_system_hps_0_hps_io_border.sdc(64): Argument <to> is an empty collection File: C:/fpga/DE1-SoC-MyPlayer-master/soc_system/synthesis/submodules/soc_system_hps_0_hps_io_border.sdc Line: 64
    Info (332050): set_false_path -from * -to [get_ports hps_io_hps_io_i2c0_inst_SDA] File: C:/fpga/DE1-SoC-MyPlayer-master/soc_system/synthesis/submodules/soc_system_hps_0_hps_io_border.sdc Line: 64
Warning (332174): Ignored filter at soc_system_hps_0_hps_io_border.sdc(65): hps_io_hps_io_i2c0_inst_SCL could not be matched with a port File: C:/fpga/DE1-SoC-MyPlayer-master/soc_system/synthesis/submodules/soc_system_hps_0_hps_io_border.sdc Line: 65
Warning (332049): Ignored set_false_path at soc_system_hps_0_hps_io_border.sdc(65): Argument <from> is an empty collection File: C:/fpga/DE1-SoC-MyPlayer-master/soc_system/synthesis/submodules/soc_system_hps_0_hps_io_border.sdc Line: 65
    Info (332050): set_false_path -from [get_ports hps_io_hps_io_i2c0_inst_SCL] -to * File: C:/fpga/DE1-SoC-MyPlayer-master/soc_system/synthesis/submodules/soc_system_hps_0_hps_io_border.sdc Line: 65
Warning (332049): Ignored set_false_path at soc_system_hps_0_hps_io_border.sdc(66): Argument <to> is an empty collection File: C:/fpga/DE1-SoC-MyPlayer-master/soc_system/synthesis/submodules/soc_system_hps_0_hps_io_border.sdc Line: 66
    Info (332050): set_false_path -from * -to [get_ports hps_io_hps_io_i2c0_inst_SCL] File: C:/fpga/DE1-SoC-MyPlayer-master/soc_system/synthesis/submodules/soc_system_hps_0_hps_io_border.sdc Line: 66
Warning (332174): Ignored filter at soc_system_hps_0_hps_io_border.sdc(67): hps_io_hps_io_i2c1_inst_SDA could not be matched with a port File: C:/fpga/DE1-SoC-MyPlayer-master/soc_system/synthesis/submodules/soc_system_hps_0_hps_io_border.sdc Line: 67
Warning (332049): Ignored set_false_path at soc_system_hps_0_hps_io_border.sdc(67): Argument <from> is an empty collection File: C:/fpga/DE1-SoC-MyPlayer-master/soc_system/synthesis/submodules/soc_system_hps_0_hps_io_border.sdc Line: 67
    Info (332050): set_false_path -from [get_ports hps_io_hps_io_i2c1_inst_SDA] -to * File: C:/fpga/DE1-SoC-MyPlayer-master/soc_system/synthesis/submodules/soc_system_hps_0_hps_io_border.sdc Line: 67
Warning (332049): Ignored set_false_path at soc_system_hps_0_hps_io_border.sdc(68): Argument <to> is an empty collection File: C:/fpga/DE1-SoC-MyPlayer-master/soc_system/synthesis/submodules/soc_system_hps_0_hps_io_border.sdc Line: 68
    Info (332050): set_false_path -from * -to [get_ports hps_io_hps_io_i2c1_inst_SDA] File: C:/fpga/DE1-SoC-MyPlayer-master/soc_system/synthesis/submodules/soc_system_hps_0_hps_io_border.sdc Line: 68
Warning (332174): Ignored filter at soc_system_hps_0_hps_io_border.sdc(69): hps_io_hps_io_i2c1_inst_SCL could not be matched with a port File: C:/fpga/DE1-SoC-MyPlayer-master/soc_system/synthesis/submodules/soc_system_hps_0_hps_io_border.sdc Line: 69
Warning (332049): Ignored set_false_path at soc_system_hps_0_hps_io_border.sdc(69): Argument <from> is an empty collection File: C:/fpga/DE1-SoC-MyPlayer-master/soc_system/synthesis/submodules/soc_system_hps_0_hps_io_border.sdc Line: 69
    Info (332050): set_false_path -from [get_ports hps_io_hps_io_i2c1_inst_SCL] -to * File: C:/fpga/DE1-SoC-MyPlayer-master/soc_system/synthesis/submodules/soc_system_hps_0_hps_io_border.sdc Line: 69
Warning (332049): Ignored set_false_path at soc_system_hps_0_hps_io_border.sdc(70): Argument <to> is an empty collection File: C:/fpga/DE1-SoC-MyPlayer-master/soc_system/synthesis/submodules/soc_system_hps_0_hps_io_border.sdc Line: 70
    Info (332050): set_false_path -from * -to [get_ports hps_io_hps_io_i2c1_inst_SCL] File: C:/fpga/DE1-SoC-MyPlayer-master/soc_system/synthesis/submodules/soc_system_hps_0_hps_io_border.sdc Line: 70
Warning (332174): Ignored filter at soc_system_hps_0_hps_io_border.sdc(71): hps_io_hps_io_gpio_inst_GPIO09 could not be matched with a port File: C:/fpga/DE1-SoC-MyPlayer-master/soc_system/synthesis/submodules/soc_system_hps_0_hps_io_border.sdc Line: 71
Warning (332049): Ignored set_false_path at soc_system_hps_0_hps_io_border.sdc(71): Argument <from> is an empty collection File: C:/fpga/DE1-SoC-MyPlayer-master/soc_system/synthesis/submodules/soc_system_hps_0_hps_io_border.sdc Line: 71
    Info (332050): set_false_path -from [get_ports hps_io_hps_io_gpio_inst_GPIO09] -to * File: C:/fpga/DE1-SoC-MyPlayer-master/soc_system/synthesis/submodules/soc_system_hps_0_hps_io_border.sdc Line: 71
Warning (332049): Ignored set_false_path at soc_system_hps_0_hps_io_border.sdc(72): Argument <to> is an empty collection File: C:/fpga/DE1-SoC-MyPlayer-master/soc_system/synthesis/submodules/soc_system_hps_0_hps_io_border.sdc Line: 72
    Info (332050): set_false_path -from * -to [get_ports hps_io_hps_io_gpio_inst_GPIO09] File: C:/fpga/DE1-SoC-MyPlayer-master/soc_system/synthesis/submodules/soc_system_hps_0_hps_io_border.sdc Line: 72
Warning (332174): Ignored filter at soc_system_hps_0_hps_io_border.sdc(73): hps_io_hps_io_gpio_inst_GPIO35 could not be matched with a port File: C:/fpga/DE1-SoC-MyPlayer-master/soc_system/synthesis/submodules/soc_system_hps_0_hps_io_border.sdc Line: 73
Warning (332049): Ignored set_false_path at soc_system_hps_0_hps_io_border.sdc(73): Argument <from> is an empty collection File: C:/fpga/DE1-SoC-MyPlayer-master/soc_system/synthesis/submodules/soc_system_hps_0_hps_io_border.sdc Line: 73
    Info (332050): set_false_path -from [get_ports hps_io_hps_io_gpio_inst_GPIO35] -to * File: C:/fpga/DE1-SoC-MyPlayer-master/soc_system/synthesis/submodules/soc_system_hps_0_hps_io_border.sdc Line: 73
Warning (332049): Ignored set_false_path at soc_system_hps_0_hps_io_border.sdc(74): Argument <to> is an empty collection File: C:/fpga/DE1-SoC-MyPlayer-master/soc_system/synthesis/submodules/soc_system_hps_0_hps_io_border.sdc Line: 74
    Info (332050): set_false_path -from * -to [get_ports hps_io_hps_io_gpio_inst_GPIO35] File: C:/fpga/DE1-SoC-MyPlayer-master/soc_system/synthesis/submodules/soc_system_hps_0_hps_io_border.sdc Line: 74
Warning (332174): Ignored filter at soc_system_hps_0_hps_io_border.sdc(75): hps_io_hps_io_gpio_inst_GPIO40 could not be matched with a port File: C:/fpga/DE1-SoC-MyPlayer-master/soc_system/synthesis/submodules/soc_system_hps_0_hps_io_border.sdc Line: 75
Warning (332049): Ignored set_false_path at soc_system_hps_0_hps_io_border.sdc(75): Argument <from> is an empty collection File: C:/fpga/DE1-SoC-MyPlayer-master/soc_system/synthesis/submodules/soc_system_hps_0_hps_io_border.sdc Line: 75
    Info (332050): set_false_path -from [get_ports hps_io_hps_io_gpio_inst_GPIO40] -to * File: C:/fpga/DE1-SoC-MyPlayer-master/soc_system/synthesis/submodules/soc_system_hps_0_hps_io_border.sdc Line: 75
Warning (332049): Ignored set_false_path at soc_system_hps_0_hps_io_border.sdc(76): Argument <to> is an empty collection File: C:/fpga/DE1-SoC-MyPlayer-master/soc_system/synthesis/submodules/soc_system_hps_0_hps_io_border.sdc Line: 76
    Info (332050): set_false_path -from * -to [get_ports hps_io_hps_io_gpio_inst_GPIO40] File: C:/fpga/DE1-SoC-MyPlayer-master/soc_system/synthesis/submodules/soc_system_hps_0_hps_io_border.sdc Line: 76
Warning (332174): Ignored filter at soc_system_hps_0_hps_io_border.sdc(77): hps_io_hps_io_gpio_inst_GPIO48 could not be matched with a port File: C:/fpga/DE1-SoC-MyPlayer-master/soc_system/synthesis/submodules/soc_system_hps_0_hps_io_border.sdc Line: 77
Warning (332049): Ignored set_false_path at soc_system_hps_0_hps_io_border.sdc(77): Argument <from> is an empty collection File: C:/fpga/DE1-SoC-MyPlayer-master/soc_system/synthesis/submodules/soc_system_hps_0_hps_io_border.sdc Line: 77
    Info (332050): set_false_path -from [get_ports hps_io_hps_io_gpio_inst_GPIO48] -to * File: C:/fpga/DE1-SoC-MyPlayer-master/soc_system/synthesis/submodules/soc_system_hps_0_hps_io_border.sdc Line: 77
Warning (332049): Ignored set_false_path at soc_system_hps_0_hps_io_border.sdc(78): Argument <to> is an empty collection File: C:/fpga/DE1-SoC-MyPlayer-master/soc_system/synthesis/submodules/soc_system_hps_0_hps_io_border.sdc Line: 78
    Info (332050): set_false_path -from * -to [get_ports hps_io_hps_io_gpio_inst_GPIO48] File: C:/fpga/DE1-SoC-MyPlayer-master/soc_system/synthesis/submodules/soc_system_hps_0_hps_io_border.sdc Line: 78
Warning (332174): Ignored filter at soc_system_hps_0_hps_io_border.sdc(79): hps_io_hps_io_gpio_inst_GPIO53 could not be matched with a port File: C:/fpga/DE1-SoC-MyPlayer-master/soc_system/synthesis/submodules/soc_system_hps_0_hps_io_border.sdc Line: 79
Warning (332049): Ignored set_false_path at soc_system_hps_0_hps_io_border.sdc(79): Argument <from> is an empty collection File: C:/fpga/DE1-SoC-MyPlayer-master/soc_system/synthesis/submodules/soc_system_hps_0_hps_io_border.sdc Line: 79
    Info (332050): set_false_path -from [get_ports hps_io_hps_io_gpio_inst_GPIO53] -to * File: C:/fpga/DE1-SoC-MyPlayer-master/soc_system/synthesis/submodules/soc_system_hps_0_hps_io_border.sdc Line: 79
Warning (332049): Ignored set_false_path at soc_system_hps_0_hps_io_border.sdc(80): Argument <to> is an empty collection File: C:/fpga/DE1-SoC-MyPlayer-master/soc_system/synthesis/submodules/soc_system_hps_0_hps_io_border.sdc Line: 80
    Info (332050): set_false_path -from * -to [get_ports hps_io_hps_io_gpio_inst_GPIO53] File: C:/fpga/DE1-SoC-MyPlayer-master/soc_system/synthesis/submodules/soc_system_hps_0_hps_io_border.sdc Line: 80
Warning (332174): Ignored filter at soc_system_hps_0_hps_io_border.sdc(81): hps_io_hps_io_gpio_inst_GPIO54 could not be matched with a port File: C:/fpga/DE1-SoC-MyPlayer-master/soc_system/synthesis/submodules/soc_system_hps_0_hps_io_border.sdc Line: 81
Warning (332049): Ignored set_false_path at soc_system_hps_0_hps_io_border.sdc(81): Argument <from> is an empty collection File: C:/fpga/DE1-SoC-MyPlayer-master/soc_system/synthesis/submodules/soc_system_hps_0_hps_io_border.sdc Line: 81
    Info (332050): set_false_path -from [get_ports hps_io_hps_io_gpio_inst_GPIO54] -to * File: C:/fpga/DE1-SoC-MyPlayer-master/soc_system/synthesis/submodules/soc_system_hps_0_hps_io_border.sdc Line: 81
Warning (332049): Ignored set_false_path at soc_system_hps_0_hps_io_border.sdc(82): Argument <to> is an empty collection File: C:/fpga/DE1-SoC-MyPlayer-master/soc_system/synthesis/submodules/soc_system_hps_0_hps_io_border.sdc Line: 82
    Info (332050): set_false_path -from * -to [get_ports hps_io_hps_io_gpio_inst_GPIO54] File: C:/fpga/DE1-SoC-MyPlayer-master/soc_system/synthesis/submodules/soc_system_hps_0_hps_io_border.sdc Line: 82
Warning (332174): Ignored filter at soc_system_hps_0_hps_io_border.sdc(83): hps_io_hps_io_gpio_inst_GPIO61 could not be matched with a port File: C:/fpga/DE1-SoC-MyPlayer-master/soc_system/synthesis/submodules/soc_system_hps_0_hps_io_border.sdc Line: 83
Warning (332049): Ignored set_false_path at soc_system_hps_0_hps_io_border.sdc(83): Argument <from> is an empty collection File: C:/fpga/DE1-SoC-MyPlayer-master/soc_system/synthesis/submodules/soc_system_hps_0_hps_io_border.sdc Line: 83
    Info (332050): set_false_path -from [get_ports hps_io_hps_io_gpio_inst_GPIO61] -to * File: C:/fpga/DE1-SoC-MyPlayer-master/soc_system/synthesis/submodules/soc_system_hps_0_hps_io_border.sdc Line: 83
Warning (332049): Ignored set_false_path at soc_system_hps_0_hps_io_border.sdc(84): Argument <to> is an empty collection File: C:/fpga/DE1-SoC-MyPlayer-master/soc_system/synthesis/submodules/soc_system_hps_0_hps_io_border.sdc Line: 84
    Info (332050): set_false_path -from * -to [get_ports hps_io_hps_io_gpio_inst_GPIO61] File: C:/fpga/DE1-SoC-MyPlayer-master/soc_system/synthesis/submodules/soc_system_hps_0_hps_io_border.sdc Line: 84
Info (332104): Reading SDC File: 'soc_system_timing.sdc'
Info (332110): Deriving PLL clocks
    Info (332110): create_generated_clock -source {u0|pll_music|altera_pll_i|general[0].gpll~FRACTIONAL_PLL|refclkin} -divide_by 64 -multiply_by 519 -duty_cycle 50.00 -name {u0|pll_music|altera_pll_i|general[0].gpll~FRACTIONAL_PLL|vcoph[0]} {u0|pll_music|altera_pll_i|general[0].gpll~FRACTIONAL_PLL|vcoph[0]}
    Info (332110): create_generated_clock -source {u0|pll_music|altera_pll_i|general[0].gpll~PLL_OUTPUT_COUNTER|vco0ph[0]} -divide_by 22 -duty_cycle 50.00 -name {u0|pll_music|altera_pll_i|general[0].gpll~PLL_OUTPUT_COUNTER|divclk} {u0|pll_music|altera_pll_i|general[0].gpll~PLL_OUTPUT_COUNTER|divclk}
Info (332151): Clock uncertainty is not calculated until you update the timing netlist.
Warning (332060): Node: AUD_BCLK was determined to be a clock but was found without an associated clock assignment.
    Info (13166): Register soc_system:u0|AUDIO_IF:audio_if_0|AUDIO_ADC:ADC_Instance|audio_fifo:adc_fifo|dcfifo:dcfifo_component|dcfifo_bbq1:auto_generated|delayed_wrptr_g[5] is being clocked by AUD_BCLK
Warning (332060): Node: AUD_DACLRCK was determined to be a clock but was found without an associated clock assignment.
    Info (13166): Register soc_system:u0|AUDIO_IF:audio_if_0|AUDIO_DAC:DAC_Instance|audio_fifo:dac_fifo|dcfifo:dcfifo_component|dcfifo_bbq1:auto_generated|rdptr_g[0] is being clocked by AUD_DACLRCK
Warning (332060): Node: HPS_USB_CLKOUT was determined to be a clock but was found without an associated clock assignment.
    Info (13166): Register soc_system:u0|soc_system_hps_0:hps_0|soc_system_hps_0_hps_io:hps_io|soc_system_hps_0_hps_io_border:border|usb1_inst~FF_3474 is being clocked by HPS_USB_CLKOUT
Warning (332060): Node: HPS_I2C1_SCLK was determined to be a clock but was found without an associated clock assignment.
    Info (13166): Register soc_system:u0|soc_system_hps_0:hps_0|soc_system_hps_0_hps_io:hps_io|soc_system_hps_0_hps_io_border:border|i2c0_inst~FF_3393 is being clocked by HPS_I2C1_SCLK
Warning (332060): Node: HPS_I2C2_SCLK was determined to be a clock but was found without an associated clock assignment.
    Info (13166): Register soc_system:u0|soc_system_hps_0:hps_0|soc_system_hps_0_hps_io:hps_io|soc_system_hps_0_hps_io_border:border|i2c1_inst~FF_3393 is being clocked by HPS_I2C2_SCLK
Info (332097): The following timing edges are non-unate.  The Timing Analyzer will assume pos-unate behavior for these edges in the clock network.
    Info (332098): From: u0|hps_0|fpga_interfaces|fpga2hps|clk  to: soc_system:u0|soc_system_hps_0:hps_0|soc_system_hps_0_fpga_interfaces:fpga_interfaces|fpga2hps~FF_692
    Info (332098): From: u0|hps_0|fpga_interfaces|hps2fpga_light_weight|clk  to: soc_system:u0|soc_system_hps_0:hps_0|soc_system_hps_0_fpga_interfaces:fpga_interfaces|hps2fpga_light_weight~FF_3425
    Info (332098): Cell: u0|hps_0|hps_io|border|hps_sdram_inst|p0|umemphy|uio_pads|dq_ddio[0].ubidir_dq_dqs|altdq_dqs2_inst|dqs_delay_chain  from: dqsin  to: dqsbusout
    Info (332098): Cell: u0|hps_0|hps_io|border|hps_sdram_inst|p0|umemphy|uio_pads|dq_ddio[0].ubidir_dq_dqs|altdq_dqs2_inst|dqs_in_delay_1  from: datain  to: dataout
    Info (332098): Cell: u0|hps_0|hps_io|border|hps_sdram_inst|p0|umemphy|uio_pads|dq_ddio[0].ubidir_dq_dqs|altdq_dqs2_inst|dqs_out_delay_1  from: datain  to: dataout
    Info (332098): Cell: u0|hps_0|hps_io|border|hps_sdram_inst|p0|umemphy|uio_pads|dq_ddio[0].ubidir_dq_dqs|altdq_dqs2_inst|phase_align_os  from: muxsel  to: dataout
    Info (332098): Cell: u0|hps_0|hps_io|border|hps_sdram_inst|p0|umemphy|uio_pads|dq_ddio[1].ubidir_dq_dqs|altdq_dqs2_inst|dqs_delay_chain  from: dqsin  to: dqsbusout
    Info (332098): Cell: u0|hps_0|hps_io|border|hps_sdram_inst|p0|umemphy|uio_pads|dq_ddio[1].ubidir_dq_dqs|altdq_dqs2_inst|dqs_in_delay_1  from: datain  to: dataout
    Info (332098): Cell: u0|hps_0|hps_io|border|hps_sdram_inst|p0|umemphy|uio_pads|dq_ddio[1].ubidir_dq_dqs|altdq_dqs2_inst|dqs_out_delay_1  from: datain  to: dataout
    Info (332098): Cell: u0|hps_0|hps_io|border|hps_sdram_inst|p0|umemphy|uio_pads|dq_ddio[1].ubidir_dq_dqs|altdq_dqs2_inst|phase_align_os  from: muxsel  to: dataout
    Info (332098): Cell: u0|hps_0|hps_io|border|hps_sdram_inst|p0|umemphy|uio_pads|dq_ddio[2].ubidir_dq_dqs|altdq_dqs2_inst|dqs_delay_chain  from: dqsin  to: dqsbusout
    Info (332098): Cell: u0|hps_0|hps_io|border|hps_sdram_inst|p0|umemphy|uio_pads|dq_ddio[2].ubidir_dq_dqs|altdq_dqs2_inst|dqs_in_delay_1  from: datain  to: dataout
    Info (332098): Cell: u0|hps_0|hps_io|border|hps_sdram_inst|p0|umemphy|uio_pads|dq_ddio[2].ubidir_dq_dqs|altdq_dqs2_inst|dqs_out_delay_1  from: datain  to: dataout
    Info (332098): Cell: u0|hps_0|hps_io|border|hps_sdram_inst|p0|umemphy|uio_pads|dq_ddio[2].ubidir_dq_dqs|altdq_dqs2_inst|phase_align_os  from: muxsel  to: dataout
    Info (332098): Cell: u0|hps_0|hps_io|border|hps_sdram_inst|p0|umemphy|uio_pads|dq_ddio[3].ubidir_dq_dqs|altdq_dqs2_inst|dqs_delay_chain  from: dqsin  to: dqsbusout
    Info (332098): Cell: u0|hps_0|hps_io|border|hps_sdram_inst|p0|umemphy|uio_pads|dq_ddio[3].ubidir_dq_dqs|altdq_dqs2_inst|dqs_in_delay_1  from: datain  to: dataout
    Info (332098): Cell: u0|hps_0|hps_io|border|hps_sdram_inst|p0|umemphy|uio_pads|dq_ddio[3].ubidir_dq_dqs|altdq_dqs2_inst|dqs_out_delay_1  from: datain  to: dataout
    Info (332098): Cell: u0|hps_0|hps_io|border|hps_sdram_inst|p0|umemphy|uio_pads|dq_ddio[3].ubidir_dq_dqs|altdq_dqs2_inst|phase_align_os  from: muxsel  to: dataout
    Info (332098): Cell: u0|hps_0|hps_io|border|hps_sdram_inst|p0|umemphy|uio_pads|uaddr_cmd_pads|clock_gen[0].umem_ck_pad|auto_generated|ddio_outa[0]  from: muxsel  to: dataout
    Info (332098): Cell: u0|pll_music|altera_pll_i|general[0].gpll~FRACTIONAL_PLL  from: refclkin  to: fbclk
    Info (332098): Cell: u0|pll_music|altera_pll_i|general[0].gpll~PLL_OUTPUT_COUNTER  from: vco0ph[0]  to: divclk
    Info (332098): Cell: u0|pll_music|altera_pll_i|general[0].gpll~PLL_REFCLK_SELECT  from: clkin[0]  to: clkout
Info (332123): Deriving Clock Uncertainty. Please refer to report_sdc in the Timing Analyzer to see clock uncertainties.
Info (332152): The following assignments are ignored by the derive_clock_uncertainty command
Info (332171): The following clock uncertainty values are less than the recommended values that would be applied by the derive_clock_uncertainty command
    Info (332172): Setup clock transfer from HPS_DDR3_DQS_P[0]_IN (Rise) to HPS_DDR3_DQS_P[0]_IN (Rise) has uncertainty 0.000 that is less than the recommended uncertainty 0.160
    Info (332172): Setup clock transfer from HPS_DDR3_DQS_P[0]_IN (Rise) to HPS_DDR3_DQS_P[0]_IN (Fall) has uncertainty 0.000 that is less than the recommended uncertainty 0.160
    Info (332172): Setup clock transfer from HPS_DDR3_DQS_P[1]_IN (Rise) to HPS_DDR3_DQS_P[1]_IN (Rise) has uncertainty 0.000 that is less than the recommended uncertainty 0.160
    Info (332172): Setup clock transfer from HPS_DDR3_DQS_P[1]_IN (Rise) to HPS_DDR3_DQS_P[1]_IN (Fall) has uncertainty 0.000 that is less than the recommended uncertainty 0.160
    Info (332172): Setup clock transfer from HPS_DDR3_DQS_P[2]_IN (Rise) to HPS_DDR3_DQS_P[2]_IN (Rise) has uncertainty 0.000 that is less than the recommended uncertainty 0.160
    Info (332172): Setup clock transfer from HPS_DDR3_DQS_P[2]_IN (Rise) to HPS_DDR3_DQS_P[2]_IN (Fall) has uncertainty 0.000 that is less than the recommended uncertainty 0.160
    Info (332172): Setup clock transfer from HPS_DDR3_DQS_P[3]_IN (Rise) to HPS_DDR3_DQS_P[3]_IN (Rise) has uncertainty 0.000 that is less than the recommended uncertainty 0.160
    Info (332172): Setup clock transfer from HPS_DDR3_DQS_P[3]_IN (Rise) to HPS_DDR3_DQS_P[3]_IN (Fall) has uncertainty 0.000 that is less than the recommended uncertainty 0.160
    Info (332172): Setup clock transfer from soc_system:u0|soc_system_hps_0:hps_0|soc_system_hps_0_hps_io:hps_io|soc_system_hps_0_hps_io_border:border|hps_sdram:hps_sdram_inst|hps_sdram_pll:pll|pll_write_clk_dq_write_clk (Rise) to HPS_DDR3_DQS_P[0]_OUT (Rise) has uncertainty 0.000 that is less than the recommended uncertainty 0.230
    Info (332172): Hold clock transfer from soc_system:u0|soc_system_hps_0:hps_0|soc_system_hps_0_hps_io:hps_io|soc_system_hps_0_hps_io_border:border|hps_sdram:hps_sdram_inst|hps_sdram_pll:pll|pll_write_clk_dq_write_clk (Rise) to HPS_DDR3_DQS_P[0]_OUT (Rise) has uncertainty 0.000 that is less than the recommended uncertainty 0.230
    Info (332172): Setup clock transfer from soc_system:u0|soc_system_hps_0:hps_0|soc_system_hps_0_hps_io:hps_io|soc_system_hps_0_hps_io_border:border|hps_sdram:hps_sdram_inst|hps_sdram_pll:pll|pll_write_clk_dq_write_clk (Fall) to HPS_DDR3_DQS_P[0]_OUT (Rise) has uncertainty 0.000 that is less than the recommended uncertainty 0.230
    Info (332172): Hold clock transfer from soc_system:u0|soc_system_hps_0:hps_0|soc_system_hps_0_hps_io:hps_io|soc_system_hps_0_hps_io_border:border|hps_sdram:hps_sdram_inst|hps_sdram_pll:pll|pll_write_clk_dq_write_clk (Fall) to HPS_DDR3_DQS_P[0]_OUT (Rise) has uncertainty 0.000 that is less than the recommended uncertainty 0.230
    Info (332172): Setup clock transfer from soc_system:u0|soc_system_hps_0:hps_0|soc_system_hps_0_hps_io:hps_io|soc_system_hps_0_hps_io_border:border|hps_sdram:hps_sdram_inst|hps_sdram_pll:pll|afi_clk_write_clk (Rise) to HPS_DDR3_DQS_P[0]_OUT (Fall) has uncertainty 0.000 that is less than the recommended uncertainty 0.230
    Info (332172): Hold clock transfer from soc_system:u0|soc_system_hps_0:hps_0|soc_system_hps_0_hps_io:hps_io|soc_system_hps_0_hps_io_border:border|hps_sdram:hps_sdram_inst|hps_sdram_pll:pll|afi_clk_write_clk (Rise) to HPS_DDR3_DQS_P[0]_OUT (Fall) has uncertainty 0.000 that is less than the recommended uncertainty 0.230
    Info (332172): Setup clock transfer from u0|hps_0|hps_io|border|hps_sdram_inst|hps_sdram_p0_sampling_clock (Rise) to HPS_DDR3_DQS_P[0]_OUT (Fall) has uncertainty 0.000 that is less than the recommended uncertainty 0.380
    Info (332172): Hold clock transfer from u0|hps_0|hps_io|border|hps_sdram_inst|hps_sdram_p0_sampling_clock (Rise) to HPS_DDR3_DQS_P[0]_OUT (Fall) has uncertainty 0.000 that is less than the recommended uncertainty 0.380
    Info (332172): Setup clock transfer from u0|hps_0|hps_io|border|hps_sdram_inst|hps_sdram_p0_sampling_clock (Fall) to HPS_DDR3_DQS_P[0]_OUT (Fall) has uncertainty 0.000 that is less than the recommended uncertainty 0.380
    Info (332172): Hold clock transfer from u0|hps_0|hps_io|border|hps_sdram_inst|hps_sdram_p0_sampling_clock (Fall) to HPS_DDR3_DQS_P[0]_OUT (Fall) has uncertainty 0.000 that is less than the recommended uncertainty 0.380
    Info (332172): Setup clock transfer from soc_system:u0|soc_system_hps_0:hps_0|soc_system_hps_0_hps_io:hps_io|soc_system_hps_0_hps_io_border:border|hps_sdram:hps_sdram_inst|hps_sdram_pll:pll|pll_write_clk_dq_write_clk (Rise) to HPS_DDR3_DQS_P[1]_OUT (Rise) has uncertainty 0.000 that is less than the recommended uncertainty 0.230
    Info (332172): Hold clock transfer from soc_system:u0|soc_system_hps_0:hps_0|soc_system_hps_0_hps_io:hps_io|soc_system_hps_0_hps_io_border:border|hps_sdram:hps_sdram_inst|hps_sdram_pll:pll|pll_write_clk_dq_write_clk (Rise) to HPS_DDR3_DQS_P[1]_OUT (Rise) has uncertainty 0.000 that is less than the recommended uncertainty 0.230
    Info (332172): Setup clock transfer from soc_system:u0|soc_system_hps_0:hps_0|soc_system_hps_0_hps_io:hps_io|soc_system_hps_0_hps_io_border:border|hps_sdram:hps_sdram_inst|hps_sdram_pll:pll|pll_write_clk_dq_write_clk (Fall) to HPS_DDR3_DQS_P[1]_OUT (Rise) has uncertainty 0.000 that is less than the recommended uncertainty 0.230
    Info (332172): Hold clock transfer from soc_system:u0|soc_system_hps_0:hps_0|soc_system_hps_0_hps_io:hps_io|soc_system_hps_0_hps_io_border:border|hps_sdram:hps_sdram_inst|hps_sdram_pll:pll|pll_write_clk_dq_write_clk (Fall) to HPS_DDR3_DQS_P[1]_OUT (Rise) has uncertainty 0.000 that is less than the recommended uncertainty 0.230
    Info (332172): Setup clock transfer from soc_system:u0|soc_system_hps_0:hps_0|soc_system_hps_0_hps_io:hps_io|soc_system_hps_0_hps_io_border:border|hps_sdram:hps_sdram_inst|hps_sdram_pll:pll|afi_clk_write_clk (Rise) to HPS_DDR3_DQS_P[1]_OUT (Fall) has uncertainty 0.000 that is less than the recommended uncertainty 0.230
    Info (332172): Hold clock transfer from soc_system:u0|soc_system_hps_0:hps_0|soc_system_hps_0_hps_io:hps_io|soc_system_hps_0_hps_io_border:border|hps_sdram:hps_sdram_inst|hps_sdram_pll:pll|afi_clk_write_clk (Rise) to HPS_DDR3_DQS_P[1]_OUT (Fall) has uncertainty 0.000 that is less than the recommended uncertainty 0.230
    Info (332172): Setup clock transfer from u0|hps_0|hps_io|border|hps_sdram_inst|hps_sdram_p0_sampling_clock (Rise) to HPS_DDR3_DQS_P[1]_OUT (Fall) has uncertainty 0.000 that is less than the recommended uncertainty 0.380
    Info (332172): Hold clock transfer from u0|hps_0|hps_io|border|hps_sdram_inst|hps_sdram_p0_sampling_clock (Rise) to HPS_DDR3_DQS_P[1]_OUT (Fall) has uncertainty 0.000 that is less than the recommended uncertainty 0.380
    Info (332172): Setup clock transfer from u0|hps_0|hps_io|border|hps_sdram_inst|hps_sdram_p0_sampling_clock (Fall) to HPS_DDR3_DQS_P[1]_OUT (Fall) has uncertainty 0.000 that is less than the recommended uncertainty 0.380
    Info (332172): Hold clock transfer from u0|hps_0|hps_io|border|hps_sdram_inst|hps_sdram_p0_sampling_clock (Fall) to HPS_DDR3_DQS_P[1]_OUT (Fall) has uncertainty 0.000 that is less than the recommended uncertainty 0.380
    Info (332172): Setup clock transfer from soc_system:u0|soc_system_hps_0:hps_0|soc_system_hps_0_hps_io:hps_io|soc_system_hps_0_hps_io_border:border|hps_sdram:hps_sdram_inst|hps_sdram_pll:pll|pll_write_clk_dq_write_clk (Rise) to HPS_DDR3_DQS_P[2]_OUT (Rise) has uncertainty 0.000 that is less than the recommended uncertainty 0.230
    Info (332172): Hold clock transfer from soc_system:u0|soc_system_hps_0:hps_0|soc_system_hps_0_hps_io:hps_io|soc_system_hps_0_hps_io_border:border|hps_sdram:hps_sdram_inst|hps_sdram_pll:pll|pll_write_clk_dq_write_clk (Rise) to HPS_DDR3_DQS_P[2]_OUT (Rise) has uncertainty 0.000 that is less than the recommended uncertainty 0.230
    Info (332172): Setup clock transfer from soc_system:u0|soc_system_hps_0:hps_0|soc_system_hps_0_hps_io:hps_io|soc_system_hps_0_hps_io_border:border|hps_sdram:hps_sdram_inst|hps_sdram_pll:pll|pll_write_clk_dq_write_clk (Fall) to HPS_DDR3_DQS_P[2]_OUT (Rise) has uncertainty 0.000 that is less than the recommended uncertainty 0.230
    Info (332172): Hold clock transfer from soc_system:u0|soc_system_hps_0:hps_0|soc_system_hps_0_hps_io:hps_io|soc_system_hps_0_hps_io_border:border|hps_sdram:hps_sdram_inst|hps_sdram_pll:pll|pll_write_clk_dq_write_clk (Fall) to HPS_DDR3_DQS_P[2]_OUT (Rise) has uncertainty 0.000 that is less than the recommended uncertainty 0.230
    Info (332172): Setup clock transfer from soc_system:u0|soc_system_hps_0:hps_0|soc_system_hps_0_hps_io:hps_io|soc_system_hps_0_hps_io_border:border|hps_sdram:hps_sdram_inst|hps_sdram_pll:pll|afi_clk_write_clk (Rise) to HPS_DDR3_DQS_P[2]_OUT (Fall) has uncertainty 0.000 that is less than the recommended uncertainty 0.230
    Info (332172): Hold clock transfer from soc_system:u0|soc_system_hps_0:hps_0|soc_system_hps_0_hps_io:hps_io|soc_system_hps_0_hps_io_border:border|hps_sdram:hps_sdram_inst|hps_sdram_pll:pll|afi_clk_write_clk (Rise) to HPS_DDR3_DQS_P[2]_OUT (Fall) has uncertainty 0.000 that is less than the recommended uncertainty 0.230
    Info (332172): Setup clock transfer from u0|hps_0|hps_io|border|hps_sdram_inst|hps_sdram_p0_sampling_clock (Rise) to HPS_DDR3_DQS_P[2]_OUT (Fall) has uncertainty 0.000 that is less than the recommended uncertainty 0.380
    Info (332172): Hold clock transfer from u0|hps_0|hps_io|border|hps_sdram_inst|hps_sdram_p0_sampling_clock (Rise) to HPS_DDR3_DQS_P[2]_OUT (Fall) has uncertainty 0.000 that is less than the recommended uncertainty 0.260
    Info (332172): Setup clock transfer from u0|hps_0|hps_io|border|hps_sdram_inst|hps_sdram_p0_sampling_clock (Fall) to HPS_DDR3_DQS_P[2]_OUT (Fall) has uncertainty 0.000 that is less than the recommended uncertainty 0.380
    Info (332172): Hold clock transfer from u0|hps_0|hps_io|border|hps_sdram_inst|hps_sdram_p0_sampling_clock (Fall) to HPS_DDR3_DQS_P[2]_OUT (Fall) has uncertainty 0.000 that is less than the recommended uncertainty 0.260
    Info (332172): Setup clock transfer from soc_system:u0|soc_system_hps_0:hps_0|soc_system_hps_0_hps_io:hps_io|soc_system_hps_0_hps_io_border:border|hps_sdram:hps_sdram_inst|hps_sdram_pll:pll|pll_write_clk_dq_write_clk (Rise) to HPS_DDR3_DQS_P[3]_OUT (Rise) has uncertainty 0.000 that is less than the recommended uncertainty 0.230
    Info (332172): Hold clock transfer from soc_system:u0|soc_system_hps_0:hps_0|soc_system_hps_0_hps_io:hps_io|soc_system_hps_0_hps_io_border:border|hps_sdram:hps_sdram_inst|hps_sdram_pll:pll|pll_write_clk_dq_write_clk (Rise) to HPS_DDR3_DQS_P[3]_OUT (Rise) has uncertainty 0.000 that is less than the recommended uncertainty 0.230
    Info (332172): Setup clock transfer from soc_system:u0|soc_system_hps_0:hps_0|soc_system_hps_0_hps_io:hps_io|soc_system_hps_0_hps_io_border:border|hps_sdram:hps_sdram_inst|hps_sdram_pll:pll|pll_write_clk_dq_write_clk (Fall) to HPS_DDR3_DQS_P[3]_OUT (Rise) has uncertainty 0.000 that is less than the recommended uncertainty 0.230
    Info (332172): Hold clock transfer from soc_system:u0|soc_system_hps_0:hps_0|soc_system_hps_0_hps_io:hps_io|soc_system_hps_0_hps_io_border:border|hps_sdram:hps_sdram_inst|hps_sdram_pll:pll|pll_write_clk_dq_write_clk (Fall) to HPS_DDR3_DQS_P[3]_OUT (Rise) has uncertainty 0.000 that is less than the recommended uncertainty 0.230
    Info (332172): Setup clock transfer from soc_system:u0|soc_system_hps_0:hps_0|soc_system_hps_0_hps_io:hps_io|soc_system_hps_0_hps_io_border:border|hps_sdram:hps_sdram_inst|hps_sdram_pll:pll|afi_clk_write_clk (Rise) to HPS_DDR3_DQS_P[3]_OUT (Fall) has uncertainty 0.000 that is less than the recommended uncertainty 0.230
    Info (332172): Hold clock transfer from soc_system:u0|soc_system_hps_0:hps_0|soc_system_hps_0_hps_io:hps_io|soc_system_hps_0_hps_io_border:border|hps_sdram:hps_sdram_inst|hps_sdram_pll:pll|afi_clk_write_clk (Rise) to HPS_DDR3_DQS_P[3]_OUT (Fall) has uncertainty 0.000 that is less than the recommended uncertainty 0.230
    Info (332172): Setup clock transfer from u0|hps_0|hps_io|border|hps_sdram_inst|hps_sdram_p0_sampling_clock (Rise) to HPS_DDR3_DQS_P[3]_OUT (Fall) has uncertainty 0.000 that is less than the recommended uncertainty 0.380
    Info (332172): Hold clock transfer from u0|hps_0|hps_io|border|hps_sdram_inst|hps_sdram_p0_sampling_clock (Rise) to HPS_DDR3_DQS_P[3]_OUT (Fall) has uncertainty 0.000 that is less than the recommended uncertainty 0.380
    Info (332172): Setup clock transfer from u0|hps_0|hps_io|border|hps_sdram_inst|hps_sdram_p0_sampling_clock (Fall) to HPS_DDR3_DQS_P[3]_OUT (Fall) has uncertainty 0.000 that is less than the recommended uncertainty 0.380
    Info (332172): Hold clock transfer from u0|hps_0|hps_io|border|hps_sdram_inst|hps_sdram_p0_sampling_clock (Fall) to HPS_DDR3_DQS_P[3]_OUT (Fall) has uncertainty 0.000 that is less than the recommended uncertainty 0.380
    Info (332172): Setup clock transfer from soc_system:u0|soc_system_hps_0:hps_0|soc_system_hps_0_hps_io:hps_io|soc_system_hps_0_hps_io_border:border|hps_sdram:hps_sdram_inst|hps_sdram_pll:pll|pll_write_clk_dq_write_clk (Rise) to HPS_DDR3_DQS_N[0]_OUT (Rise) has uncertainty 0.000 that is less than the recommended uncertainty 0.210
    Info (332172): Hold clock transfer from soc_system:u0|soc_system_hps_0:hps_0|soc_system_hps_0_hps_io:hps_io|soc_system_hps_0_hps_io_border:border|hps_sdram:hps_sdram_inst|hps_sdram_pll:pll|pll_write_clk_dq_write_clk (Rise) to HPS_DDR3_DQS_N[0]_OUT (Rise) has uncertainty 0.000 that is less than the recommended uncertainty 0.210
    Info (332172): Setup clock transfer from soc_system:u0|soc_system_hps_0:hps_0|soc_system_hps_0_hps_io:hps_io|soc_system_hps_0_hps_io_border:border|hps_sdram:hps_sdram_inst|hps_sdram_pll:pll|pll_write_clk_dq_write_clk (Fall) to HPS_DDR3_DQS_N[0]_OUT (Rise) has uncertainty 0.000 that is less than the recommended uncertainty 0.210
    Info (332172): Hold clock transfer from soc_system:u0|soc_system_hps_0:hps_0|soc_system_hps_0_hps_io:hps_io|soc_system_hps_0_hps_io_border:border|hps_sdram:hps_sdram_inst|hps_sdram_pll:pll|pll_write_clk_dq_write_clk (Fall) to HPS_DDR3_DQS_N[0]_OUT (Rise) has uncertainty 0.000 that is less than the recommended uncertainty 0.210
    Info (332172): Setup clock transfer from soc_system:u0|soc_system_hps_0:hps_0|soc_system_hps_0_hps_io:hps_io|soc_system_hps_0_hps_io_border:border|hps_sdram:hps_sdram_inst|hps_sdram_pll:pll|pll_write_clk_dq_write_clk (Rise) to HPS_DDR3_DQS_N[1]_OUT (Rise) has uncertainty 0.000 that is less than the recommended uncertainty 0.210
    Info (332172): Hold clock transfer from soc_system:u0|soc_system_hps_0:hps_0|soc_system_hps_0_hps_io:hps_io|soc_system_hps_0_hps_io_border:border|hps_sdram:hps_sdram_inst|hps_sdram_pll:pll|pll_write_clk_dq_write_clk (Rise) to HPS_DDR3_DQS_N[1]_OUT (Rise) has uncertainty 0.000 that is less than the recommended uncertainty 0.210
    Info (332172): Setup clock transfer from soc_system:u0|soc_system_hps_0:hps_0|soc_system_hps_0_hps_io:hps_io|soc_system_hps_0_hps_io_border:border|hps_sdram:hps_sdram_inst|hps_sdram_pll:pll|pll_write_clk_dq_write_clk (Fall) to HPS_DDR3_DQS_N[1]_OUT (Rise) has uncertainty 0.000 that is less than the recommended uncertainty 0.210
    Info (332172): Hold clock transfer from soc_system:u0|soc_system_hps_0:hps_0|soc_system_hps_0_hps_io:hps_io|soc_system_hps_0_hps_io_border:border|hps_sdram:hps_sdram_inst|hps_sdram_pll:pll|pll_write_clk_dq_write_clk (Fall) to HPS_DDR3_DQS_N[1]_OUT (Rise) has uncertainty 0.000 that is less than the recommended uncertainty 0.210
    Info (332172): Setup clock transfer from soc_system:u0|soc_system_hps_0:hps_0|soc_system_hps_0_hps_io:hps_io|soc_system_hps_0_hps_io_border:border|hps_sdram:hps_sdram_inst|hps_sdram_pll:pll|pll_write_clk_dq_write_clk (Rise) to HPS_DDR3_DQS_N[2]_OUT (Rise) has uncertainty 0.000 that is less than the recommended uncertainty 0.210
    Info (332172): Hold clock transfer from soc_system:u0|soc_system_hps_0:hps_0|soc_system_hps_0_hps_io:hps_io|soc_system_hps_0_hps_io_border:border|hps_sdram:hps_sdram_inst|hps_sdram_pll:pll|pll_write_clk_dq_write_clk (Rise) to HPS_DDR3_DQS_N[2]_OUT (Rise) has uncertainty 0.000 that is less than the recommended uncertainty 0.210
    Info (332172): Setup clock transfer from soc_system:u0|soc_system_hps_0:hps_0|soc_system_hps_0_hps_io:hps_io|soc_system_hps_0_hps_io_border:border|hps_sdram:hps_sdram_inst|hps_sdram_pll:pll|pll_write_clk_dq_write_clk (Fall) to HPS_DDR3_DQS_N[2]_OUT (Rise) has uncertainty 0.000 that is less than the recommended uncertainty 0.210
    Info (332172): Hold clock transfer from soc_system:u0|soc_system_hps_0:hps_0|soc_system_hps_0_hps_io:hps_io|soc_system_hps_0_hps_io_border:border|hps_sdram:hps_sdram_inst|hps_sdram_pll:pll|pll_write_clk_dq_write_clk (Fall) to HPS_DDR3_DQS_N[2]_OUT (Rise) has uncertainty 0.000 that is less than the recommended uncertainty 0.210
    Info (332172): Setup clock transfer from soc_system:u0|soc_system_hps_0:hps_0|soc_system_hps_0_hps_io:hps_io|soc_system_hps_0_hps_io_border:border|hps_sdram:hps_sdram_inst|hps_sdram_pll:pll|pll_write_clk_dq_write_clk (Rise) to HPS_DDR3_DQS_N[3]_OUT (Rise) has uncertainty 0.000 that is less than the recommended uncertainty 0.210
    Info (332172): Hold clock transfer from soc_system:u0|soc_system_hps_0:hps_0|soc_system_hps_0_hps_io:hps_io|soc_system_hps_0_hps_io_border:border|hps_sdram:hps_sdram_inst|hps_sdram_pll:pll|pll_write_clk_dq_write_clk (Rise) to HPS_DDR3_DQS_N[3]_OUT (Rise) has uncertainty 0.000 that is less than the recommended uncertainty 0.210
    Info (332172): Setup clock transfer from soc_system:u0|soc_system_hps_0:hps_0|soc_system_hps_0_hps_io:hps_io|soc_system_hps_0_hps_io_border:border|hps_sdram:hps_sdram_inst|hps_sdram_pll:pll|pll_write_clk_dq_write_clk (Fall) to HPS_DDR3_DQS_N[3]_OUT (Rise) has uncertainty 0.000 that is less than the recommended uncertainty 0.210
    Info (332172): Hold clock transfer from soc_system:u0|soc_system_hps_0:hps_0|soc_system_hps_0_hps_io:hps_io|soc_system_hps_0_hps_io_border:border|hps_sdram:hps_sdram_inst|hps_sdram_pll:pll|pll_write_clk_dq_write_clk (Fall) to HPS_DDR3_DQS_N[3]_OUT (Rise) has uncertainty 0.000 that is less than the recommended uncertainty 0.210
Critical Warning (308033): (Critical) Rule A102: Register output should not drive its own control signal directly or through combinational logic. Found 3 combinational loops related to this rule.
    Critical Warning (308012): Node  "altera_edge_detector:pulse_warm_reset|WideOr0" File: C:/fpga/DE1-SoC-MyPlayer-master/ip/edge_detect/altera_edge_detector.v Line: 37
    Critical Warning (308012): Node  "altera_edge_detector:pulse_cold_reset|WideOr0" File: C:/fpga/DE1-SoC-MyPlayer-master/ip/edge_detect/altera_edge_detector.v Line: 37
    Critical Warning (308012): Node  "altera_edge_detector:pulse_debug_reset|WideOr0" File: C:/fpga/DE1-SoC-MyPlayer-master/ip/edge_detect/altera_edge_detector.v Line: 37
Critical Warning (308019): (Critical) Rule C101: Gated clock should be implemented according to the Intel FPGA standard scheme. Found 6 node(s) related to this rule.
    Critical Warning (308012): Node  "soc_system:u0|soc_system_hps_0:hps_0|soc_system_hps_0_hps_io:hps_io|soc_system_hps_0_hps_io_border:border|hps_sdram:hps_sdram_inst|hps_sdram_p0:p0|hps_sdram_p0_acv_hard_memphy:umemphy|hps_sdram_p0_acv_hard_io_pads:uio_pads|hps_sdram_p0_altdqdqs:dq_ddio[3].ubidir_dq_dqs|altdq_dqs2_acv_connect_to_hard_phy_cyclonev:altdq_dqs2_inst|dqsbusout" File: C:/fpga/DE1-SoC-MyPlayer-master/soc_system/synthesis/submodules/altdq_dqs2_acv_connect_to_hard_phy_cyclonev.sv Line: 227
    Critical Warning (308012): Node  "soc_system:u0|soc_system_hps_0:hps_0|soc_system_hps_0_hps_io:hps_io|soc_system_hps_0_hps_io_border:border|hps_sdram:hps_sdram_inst|hps_sdram_p0:p0|hps_sdram_p0_acv_hard_memphy:umemphy|hps_sdram_p0_acv_hard_io_pads:uio_pads|hps_sdram_p0_altdqdqs:dq_ddio[0].ubidir_dq_dqs|altdq_dqs2_acv_connect_to_hard_phy_cyclonev:altdq_dqs2_inst|dqsbusout" File: C:/fpga/DE1-SoC-MyPlayer-master/soc_system/synthesis/submodules/altdq_dqs2_acv_connect_to_hard_phy_cyclonev.sv Line: 227
    Critical Warning (308012): Node  "soc_system:u0|soc_system_hps_0:hps_0|soc_system_hps_0_hps_io:hps_io|soc_system_hps_0_hps_io_border:border|hps_sdram:hps_sdram_inst|hps_sdram_p0:p0|hps_sdram_p0_acv_hard_memphy:umemphy|hps_sdram_p0_acv_hard_io_pads:uio_pads|hps_sdram_p0_altdqdqs:dq_ddio[1].ubidir_dq_dqs|altdq_dqs2_acv_connect_to_hard_phy_cyclonev:altdq_dqs2_inst|dqsbusout" File: C:/fpga/DE1-SoC-MyPlayer-master/soc_system/synthesis/submodules/altdq_dqs2_acv_connect_to_hard_phy_cyclonev.sv Line: 227
    Critical Warning (308012): Node  "soc_system:u0|soc_system_hps_0:hps_0|soc_system_hps_0_hps_io:hps_io|soc_system_hps_0_hps_io_border:border|hps_sdram:hps_sdram_inst|hps_sdram_p0:p0|hps_sdram_p0_acv_hard_memphy:umemphy|hps_sdram_p0_acv_hard_io_pads:uio_pads|hps_sdram_p0_altdqdqs:dq_ddio[2].ubidir_dq_dqs|altdq_dqs2_acv_connect_to_hard_phy_cyclonev:altdq_dqs2_inst|dqsbusout" File: C:/fpga/DE1-SoC-MyPlayer-master/soc_system/synthesis/submodules/altdq_dqs2_acv_connect_to_hard_phy_cyclonev.sv Line: 227
    Critical Warning (308012): Node  "soc_system:u0|soc_system_hps_0:hps_0|soc_system_hps_0_hps_io:hps_io|soc_system_hps_0_hps_io_border:border|hps_sdram:hps_sdram_inst|hps_sdram_pll:pll|afi_clk" File: C:/fpga/DE1-SoC-MyPlayer-master/soc_system/synthesis/submodules/hps_sdram_pll.sv Line: 93
    Critical Warning (308012): Node  "soc_system:u0|soc_system_hps_0:hps_0|soc_system_hps_0_hps_io:hps_io|soc_system_hps_0_hps_io_border:border|hps_sdram:hps_sdram_inst|hps_sdram_pll:pll|pll_write_clk" File: C:/fpga/DE1-SoC-MyPlayer-master/soc_system/synthesis/submodules/hps_sdram_pll.sv Line: 86
Critical Warning (308042): (High) Rule C105: Clock signal should be a global signal. (Reporting threshold:25). Found 3 node(s) related to this rule.
    Info (308076): The following clocks all contain more than 25 fanouts. You can either change the following clock signals to global signals, or adjust the reporting threshold in the Design Assistant Settings page.
    Critical Warning (308012): Node  "altera_internal_jtag~TCKUTAP"
    Critical Warning (308012): Node  "soc_system:u0|soc_system_hps_0:hps_0|soc_system_hps_0_hps_io:hps_io|soc_system_hps_0_hps_io_border:border|hps_sdram:hps_sdram_inst|hps_sdram_pll:pll|afi_clk" File: C:/fpga/DE1-SoC-MyPlayer-master/soc_system/synthesis/submodules/hps_sdram_pll.sv Line: 93
    Critical Warning (308012): Node  "soc_system:u0|soc_system_hps_0:hps_0|soc_system_hps_0_hps_io:hps_io|soc_system_hps_0_hps_io_border:border|hps_sdram:hps_sdram_inst|hps_sdram_pll:pll|pll_write_clk" File: C:/fpga/DE1-SoC-MyPlayer-master/soc_system/synthesis/submodules/hps_sdram_pll.sv Line: 86
Critical Warning (308024): (High) Rule R101: Combinational logic used as a reset signal should be synchronized. Found 3 node(s) related to this rule.
    Critical Warning (308012): Node  "altera_edge_detector:pulse_warm_reset|reset_qual_n" File: C:/fpga/DE1-SoC-MyPlayer-master/ip/edge_detect/altera_edge_detector.v Line: 21
    Critical Warning (308012): Node  "altera_edge_detector:pulse_cold_reset|reset_qual_n" File: C:/fpga/DE1-SoC-MyPlayer-master/ip/edge_detect/altera_edge_detector.v Line: 21
    Critical Warning (308012): Node  "altera_edge_detector:pulse_debug_reset|reset_qual_n" File: C:/fpga/DE1-SoC-MyPlayer-master/ip/edge_detect/altera_edge_detector.v Line: 21
Critical Warning (308074): (High) Rule S102: Synchronous port and asynchronous port of the same register should not be driven by the same signal source. Found 9 node(s) related to this rule.
    Critical Warning (308012): Node  "altera_edge_detector:pulse_warm_reset|pulse_extend.extend_pulse[1]" File: C:/fpga/DE1-SoC-MyPlayer-master/ip/edge_detect/altera_edge_detector.v Line: 31
    Critical Warning (308012): Node  "altera_edge_detector:pulse_cold_reset|pulse_extend.extend_pulse[1]" File: C:/fpga/DE1-SoC-MyPlayer-master/ip/edge_detect/altera_edge_detector.v Line: 31
    Critical Warning (308012): Node  "altera_edge_detector:pulse_cold_reset|pulse_extend.extend_pulse[4]" File: C:/fpga/DE1-SoC-MyPlayer-master/ip/edge_detect/altera_edge_detector.v Line: 31
    Critical Warning (308012): Node  "altera_edge_detector:pulse_cold_reset|pulse_extend.extend_pulse[3]" File: C:/fpga/DE1-SoC-MyPlayer-master/ip/edge_detect/altera_edge_detector.v Line: 31
    Critical Warning (308012): Node  "altera_edge_detector:pulse_cold_reset|pulse_extend.extend_pulse[2]" File: C:/fpga/DE1-SoC-MyPlayer-master/ip/edge_detect/altera_edge_detector.v Line: 31
    Critical Warning (308012): Node  "altera_edge_detector:pulse_cold_reset|pulse_extend.extend_pulse[5]" File: C:/fpga/DE1-SoC-MyPlayer-master/ip/edge_detect/altera_edge_detector.v Line: 31
    Critical Warning (308012): Node  "altera_edge_detector:pulse_debug_reset|pulse_extend.extend_pulse[1]" File: C:/fpga/DE1-SoC-MyPlayer-master/ip/edge_detect/altera_edge_detector.v Line: 31
    Critical Warning (308012): Node  "altera_edge_detector:pulse_debug_reset|pulse_extend.extend_pulse[9]" File: C:/fpga/DE1-SoC-MyPlayer-master/ip/edge_detect/altera_edge_detector.v Line: 31
    Critical Warning (308012): Node  "altera_edge_detector:pulse_debug_reset|pulse_extend.extend_pulse[2]" File: C:/fpga/DE1-SoC-MyPlayer-master/ip/edge_detect/altera_edge_detector.v Line: 31
Critical Warning (308060): (High) Rule D101: Data bits are not synchronized when transferred between asynchronous clock domains. (Value defined:2). Found 34 asynchronous clock domain interface structure(s) related to this rule.
    Critical Warning (308012): Node  "soc_system:u0|altera_reset_controller:rst_controller|altera_reset_synchronizer:alt_rst_sync_uq1|altera_reset_synchronizer_int_chain_out" File: C:/fpga/DE1-SoC-MyPlayer-master/soc_system/synthesis/submodules/altera_reset_synchronizer.v Line: 62
    Critical Warning (308012): Node  "soc_system:u0|AUDIO_IF:audio_if_0|fifo_clear" File: C:/fpga/DE1-SoC-MyPlayer-master/soc_system/synthesis/submodules/AUDIO_IF.v Line: 111
    Critical Warning (308012): Node  "soc_system:u0|AUDIO_IF:audio_if_0|AUDIO_DAC:DAC_Instance|data_to_dac[3]" File: C:/fpga/DE1-SoC-MyPlayer-master/ip/TERASIC_AUDIO/AUDIO_DAC.v Line: 71
    Critical Warning (308012): Node  "soc_system:u0|AUDIO_IF:audio_if_0|AUDIO_DAC:DAC_Instance|data_to_dac[4]" File: C:/fpga/DE1-SoC-MyPlayer-master/ip/TERASIC_AUDIO/AUDIO_DAC.v Line: 71
    Critical Warning (308012): Node  "soc_system:u0|AUDIO_IF:audio_if_0|AUDIO_DAC:DAC_Instance|data_to_dac[5]" File: C:/fpga/DE1-SoC-MyPlayer-master/ip/TERASIC_AUDIO/AUDIO_DAC.v Line: 71
    Critical Warning (308012): Node  "soc_system:u0|AUDIO_IF:audio_if_0|AUDIO_DAC:DAC_Instance|data_to_dac[6]" File: C:/fpga/DE1-SoC-MyPlayer-master/ip/TERASIC_AUDIO/AUDIO_DAC.v Line: 71
    Critical Warning (308012): Node  "soc_system:u0|AUDIO_IF:audio_if_0|AUDIO_DAC:DAC_Instance|data_to_dac[31]" File: C:/fpga/DE1-SoC-MyPlayer-master/ip/TERASIC_AUDIO/AUDIO_DAC.v Line: 71
    Critical Warning (308012): Node  "soc_system:u0|AUDIO_IF:audio_if_0|AUDIO_DAC:DAC_Instance|data_to_dac[0]" File: C:/fpga/DE1-SoC-MyPlayer-master/ip/TERASIC_AUDIO/AUDIO_DAC.v Line: 71
    Critical Warning (308012): Node  "soc_system:u0|AUDIO_IF:audio_if_0|AUDIO_DAC:DAC_Instance|data_to_dac[1]" File: C:/fpga/DE1-SoC-MyPlayer-master/ip/TERASIC_AUDIO/AUDIO_DAC.v Line: 71
    Critical Warning (308012): Node  "soc_system:u0|AUDIO_IF:audio_if_0|AUDIO_DAC:DAC_Instance|data_to_dac[2]" File: C:/fpga/DE1-SoC-MyPlayer-master/ip/TERASIC_AUDIO/AUDIO_DAC.v Line: 71
    Critical Warning (308012): Node  "soc_system:u0|AUDIO_IF:audio_if_0|AUDIO_DAC:DAC_Instance|data_to_dac[19]" File: C:/fpga/DE1-SoC-MyPlayer-master/ip/TERASIC_AUDIO/AUDIO_DAC.v Line: 71
    Critical Warning (308012): Node  "soc_system:u0|AUDIO_IF:audio_if_0|AUDIO_DAC:DAC_Instance|data_to_dac[22]" File: C:/fpga/DE1-SoC-MyPlayer-master/ip/TERASIC_AUDIO/AUDIO_DAC.v Line: 71
    Critical Warning (308012): Node  "soc_system:u0|AUDIO_IF:audio_if_0|AUDIO_DAC:DAC_Instance|data_to_dac[21]" File: C:/fpga/DE1-SoC-MyPlayer-master/ip/TERASIC_AUDIO/AUDIO_DAC.v Line: 71
    Critical Warning (308012): Node  "soc_system:u0|AUDIO_IF:audio_if_0|AUDIO_DAC:DAC_Instance|data_to_dac[20]" File: C:/fpga/DE1-SoC-MyPlayer-master/ip/TERASIC_AUDIO/AUDIO_DAC.v Line: 71
    Critical Warning (308012): Node  "soc_system:u0|AUDIO_IF:audio_if_0|AUDIO_DAC:DAC_Instance|data_to_dac[15]" File: C:/fpga/DE1-SoC-MyPlayer-master/ip/TERASIC_AUDIO/AUDIO_DAC.v Line: 71
    Critical Warning (308012): Node  "soc_system:u0|AUDIO_IF:audio_if_0|AUDIO_DAC:DAC_Instance|data_to_dac[17]" File: C:/fpga/DE1-SoC-MyPlayer-master/ip/TERASIC_AUDIO/AUDIO_DAC.v Line: 71
    Critical Warning (308012): Node  "soc_system:u0|AUDIO_IF:audio_if_0|AUDIO_DAC:DAC_Instance|data_to_dac[16]" File: C:/fpga/DE1-SoC-MyPlayer-master/ip/TERASIC_AUDIO/AUDIO_DAC.v Line: 71
    Critical Warning (308012): Node  "soc_system:u0|AUDIO_IF:audio_if_0|AUDIO_DAC:DAC_Instance|data_to_dac[18]" File: C:/fpga/DE1-SoC-MyPlayer-master/ip/TERASIC_AUDIO/AUDIO_DAC.v Line: 71
    Critical Warning (308012): Node  "soc_system:u0|AUDIO_IF:audio_if_0|AUDIO_DAC:DAC_Instance|data_to_dac[11]" File: C:/fpga/DE1-SoC-MyPlayer-master/ip/TERASIC_AUDIO/AUDIO_DAC.v Line: 71
    Critical Warning (308012): Node  "soc_system:u0|AUDIO_IF:audio_if_0|AUDIO_DAC:DAC_Instance|data_to_dac[12]" File: C:/fpga/DE1-SoC-MyPlayer-master/ip/TERASIC_AUDIO/AUDIO_DAC.v Line: 71
    Critical Warning (308012): Node  "soc_system:u0|AUDIO_IF:audio_if_0|AUDIO_DAC:DAC_Instance|data_to_dac[13]" File: C:/fpga/DE1-SoC-MyPlayer-master/ip/TERASIC_AUDIO/AUDIO_DAC.v Line: 71
    Critical Warning (308012): Node  "soc_system:u0|AUDIO_IF:audio_if_0|AUDIO_DAC:DAC_Instance|data_to_dac[7]" File: C:/fpga/DE1-SoC-MyPlayer-master/ip/TERASIC_AUDIO/AUDIO_DAC.v Line: 71
    Critical Warning (308012): Node  "soc_system:u0|AUDIO_IF:audio_if_0|AUDIO_DAC:DAC_Instance|data_to_dac[8]" File: C:/fpga/DE1-SoC-MyPlayer-master/ip/TERASIC_AUDIO/AUDIO_DAC.v Line: 71
    Critical Warning (308012): Node  "soc_system:u0|AUDIO_IF:audio_if_0|AUDIO_DAC:DAC_Instance|data_to_dac[9]" File: C:/fpga/DE1-SoC-MyPlayer-master/ip/TERASIC_AUDIO/AUDIO_DAC.v Line: 71
    Critical Warning (308012): Node  "soc_system:u0|AUDIO_IF:audio_if_0|AUDIO_DAC:DAC_Instance|data_to_dac[10]" File: C:/fpga/DE1-SoC-MyPlayer-master/ip/TERASIC_AUDIO/AUDIO_DAC.v Line: 71
    Critical Warning (308012): Node  "soc_system:u0|AUDIO_IF:audio_if_0|AUDIO_DAC:DAC_Instance|data_to_dac[14]" File: C:/fpga/DE1-SoC-MyPlayer-master/ip/TERASIC_AUDIO/AUDIO_DAC.v Line: 71
    Critical Warning (308012): Node  "soc_system:u0|AUDIO_IF:audio_if_0|AUDIO_DAC:DAC_Instance|data_to_dac[27]" File: C:/fpga/DE1-SoC-MyPlayer-master/ip/TERASIC_AUDIO/AUDIO_DAC.v Line: 71
    Critical Warning (308012): Node  "soc_system:u0|AUDIO_IF:audio_if_0|AUDIO_DAC:DAC_Instance|data_to_dac[30]" File: C:/fpga/DE1-SoC-MyPlayer-master/ip/TERASIC_AUDIO/AUDIO_DAC.v Line: 71
    Critical Warning (308012): Node  "soc_system:u0|AUDIO_IF:audio_if_0|AUDIO_DAC:DAC_Instance|data_to_dac[28]" File: C:/fpga/DE1-SoC-MyPlayer-master/ip/TERASIC_AUDIO/AUDIO_DAC.v Line: 71
    Critical Warning (308012): Node  "soc_system:u0|AUDIO_IF:audio_if_0|AUDIO_DAC:DAC_Instance|data_to_dac[29]" File: C:/fpga/DE1-SoC-MyPlayer-master/ip/TERASIC_AUDIO/AUDIO_DAC.v Line: 71
    Info (308002): Truncated list of Design Assistant messages to 30 messages. Go to sections under Design Assistant section of Compilation Report for complete lists of Design Assistant messages generated.
Warning (308017): (Medium) Rule C103: Gated clock does not feed at least a pre-defined number of clock ports to effectively save power. (Value defined:30). Found 5 node(s) related to this rule.
    Warning (308010): Node  "soc_system:u0|soc_system_hps_0:hps_0|soc_system_hps_0_hps_io:hps_io|soc_system_hps_0_hps_io_border:border|hps_sdram:hps_sdram_inst|hps_sdram_p0:p0|hps_sdram_p0_acv_hard_memphy:umemphy|hps_sdram_p0_acv_hard_io_pads:uio_pads|hps_sdram_p0_altdqdqs:dq_ddio[3].ubidir_dq_dqs|altdq_dqs2_acv_connect_to_hard_phy_cyclonev:altdq_dqs2_inst|dqsbusout" File: C:/fpga/DE1-SoC-MyPlayer-master/soc_system/synthesis/submodules/altdq_dqs2_acv_connect_to_hard_phy_cyclonev.sv Line: 227
    Warning (308010): Node  "soc_system:u0|soc_system_hps_0:hps_0|soc_system_hps_0_hps_io:hps_io|soc_system_hps_0_hps_io_border:border|hps_sdram:hps_sdram_inst|hps_sdram_p0:p0|hps_sdram_p0_acv_hard_memphy:umemphy|hps_sdram_p0_acv_hard_io_pads:uio_pads|hps_sdram_p0_altdqdqs:dq_ddio[0].ubidir_dq_dqs|altdq_dqs2_acv_connect_to_hard_phy_cyclonev:altdq_dqs2_inst|dqsbusout" File: C:/fpga/DE1-SoC-MyPlayer-master/soc_system/synthesis/submodules/altdq_dqs2_acv_connect_to_hard_phy_cyclonev.sv Line: 227
    Warning (308010): Node  "soc_system:u0|soc_system_hps_0:hps_0|soc_system_hps_0_hps_io:hps_io|soc_system_hps_0_hps_io_border:border|hps_sdram:hps_sdram_inst|hps_sdram_p0:p0|hps_sdram_p0_acv_hard_memphy:umemphy|hps_sdram_p0_acv_hard_io_pads:uio_pads|hps_sdram_p0_altdqdqs:dq_ddio[1].ubidir_dq_dqs|altdq_dqs2_acv_connect_to_hard_phy_cyclonev:altdq_dqs2_inst|dqsbusout" File: C:/fpga/DE1-SoC-MyPlayer-master/soc_system/synthesis/submodules/altdq_dqs2_acv_connect_to_hard_phy_cyclonev.sv Line: 227
    Warning (308010): Node  "soc_system:u0|soc_system_hps_0:hps_0|soc_system_hps_0_hps_io:hps_io|soc_system_hps_0_hps_io_border:border|hps_sdram:hps_sdram_inst|hps_sdram_p0:p0|hps_sdram_p0_acv_hard_memphy:umemphy|hps_sdram_p0_acv_hard_io_pads:uio_pads|hps_sdram_p0_altdqdqs:dq_ddio[2].ubidir_dq_dqs|altdq_dqs2_acv_connect_to_hard_phy_cyclonev:altdq_dqs2_inst|dqsbusout" File: C:/fpga/DE1-SoC-MyPlayer-master/soc_system/synthesis/submodules/altdq_dqs2_acv_connect_to_hard_phy_cyclonev.sv Line: 227
    Warning (308010): Node  "soc_system:u0|soc_system_hps_0:hps_0|soc_system_hps_0_hps_io:hps_io|soc_system_hps_0_hps_io_border:border|hps_sdram:hps_sdram_inst|hps_sdram_pll:pll|afi_clk" File: C:/fpga/DE1-SoC-MyPlayer-master/soc_system/synthesis/submodules/hps_sdram_pll.sv Line: 93
Warning (308040): (Medium) Rule C104: Clock signal source should drive only clock input ports. Found 2 nodes related to this rule.
    Warning (308010): Node  "CLOCK_50" File: C:/fpga/DE1-SoC-MyPlayer-master/ghrd_top.v Line: 63
    Warning (308010): Node  "AUD_DACLRCK" File: C:/fpga/DE1-SoC-MyPlayer-master/ghrd_top.v Line: 50
Warning (308022): (Medium) Rule C106: Clock signal source should not drive registers triggered by different clock edges. Found 2 node(s) related to this rule.
    Warning (308010): Node  "soc_system:u0|soc_system_pll_music:pll_music|altera_pll:altera_pll_i|general[0].gpll~FRACTIONAL_PLL_O_VCOPH0" File: c:/intelfpga_lite/18.1/quartus/libraries/megafunctions/altera_pll.v Line: 748
    Warning (308010): Node  "AUD_DACLRCK" File: C:/fpga/DE1-SoC-MyPlayer-master/ghrd_top.v Line: 50
Warning (308027): (Medium) Rule R105: The reset signal that is generated in one clock domain and used in another clock domain should be synchronized. Found 4 node(s) related to this rule.
    Warning (308010): Node  "soc_system:u0|soc_system_master_non_sec:master_secure|altera_avalon_st_jtag_interface:jtag_phy_embedded_in_jtag_master|altera_jtag_dc_streaming:normal.jtag_dc_streaming|altera_jtag_streaming:jtag_streaming|clock_sense_reset_n" File: C:/fpga/DE1-SoC-MyPlayer-master/soc_system/synthesis/submodules/altera_jtag_streaming.v Line: 164
    Warning (308010): Node  "soc_system:u0|soc_system_master_non_sec:master_secure|altera_reset_controller:rst_controller|altera_reset_synchronizer:alt_rst_sync_uq1|altera_reset_synchronizer_int_chain_out" File: C:/fpga/DE1-SoC-MyPlayer-master/soc_system/synthesis/submodules/altera_reset_synchronizer.v Line: 62
    Warning (308010): Node  "soc_system:u0|soc_system_master_non_sec:master_non_sec|altera_reset_controller:rst_controller|altera_reset_synchronizer:alt_rst_sync_uq1|altera_reset_synchronizer_int_chain_out" File: C:/fpga/DE1-SoC-MyPlayer-master/soc_system/synthesis/submodules/altera_reset_synchronizer.v Line: 62
    Warning (308010): Node  "soc_system:u0|soc_system_master_non_sec:master_non_sec|altera_avalon_st_jtag_interface:jtag_phy_embedded_in_jtag_master|altera_jtag_dc_streaming:normal.jtag_dc_streaming|altera_jtag_streaming:jtag_streaming|clock_sense_reset_n" File: C:/fpga/DE1-SoC-MyPlayer-master/soc_system/synthesis/submodules/altera_jtag_streaming.v Line: 164
Warning (308071): (Medium) Rule D102: Multiple data bits that are transferred across asynchronous clock domains are synchronized, but not all bits may be aligned in the receiving clock domain. (Value defined:2). Found 3 asynchronous clock domain interface structure(s) related to this rule.
    Warning (308010): Node  "hps_reset:hps_reset_inst|altsource_probe:altsource_probe_component|altsource_probe_body:altsource_probe_body_inst|altsource_probe_impl:\wider_source_gen:wider_source_inst|hold_reg (Bus)" File: c:/intelfpga_lite/18.1/quartus/libraries/megafunctions/altsource_probe_body.vhd Line: 803
    Warning (308010): Node  "soc_system:u0|soc_system_master_non_sec:master_secure|altera_avalon_st_jtag_interface:jtag_phy_embedded_in_jtag_master|altera_jtag_dc_streaming:normal.jtag_dc_streaming|altera_jtag_src_crosser:source_crosser|sink_data_buffer (Bus)" File: C:/fpga/DE1-SoC-MyPlayer-master/soc_system/synthesis/submodules/altera_jtag_dc_streaming.v Line: 116
    Warning (308010): Node  "soc_system:u0|soc_system_master_non_sec:master_non_sec|altera_avalon_st_jtag_interface:jtag_phy_embedded_in_jtag_master|altera_jtag_dc_streaming:normal.jtag_dc_streaming|altera_jtag_src_crosser:source_crosser|sink_data_buffer (Bus)" File: C:/fpga/DE1-SoC-MyPlayer-master/soc_system/synthesis/submodules/altera_jtag_dc_streaming.v Line: 116
Info (308046): (Information) Rule T101: Nodes with more than the specified number of fan-outs. (Value defined:30). Found 98 node(s) with highest fan-out.
    Info (308011): Node  "CLOCK_50~inputCLKENA0" File: C:/fpga/DE1-SoC-MyPlayer-master/ghrd_top.v Line: 63
    Info (308011): Node  "soc_system:u0|soc_system_hps_0:hps_0|soc_system_hps_0_fpga_interfaces:fpga_interfaces|h2f_rst_n[0]~CLKENA0" File: C:/fpga/DE1-SoC-MyPlayer-master/soc_system/synthesis/submodules/soc_system_hps_0_fpga_interfaces.sv Line: 18
    Info (308011): Node  "altera_internal_jtag~TMSUTAP"
    Info (308011): Node  "altera_internal_jtag~TCKUTAP"
    Info (308011): Node  "altera_internal_jtag~TDIUTAP"
    Info (308011): Node  "sld_hub:auto_hub|alt_sld_fab_with_jtag_input:\instrumentation_fabric_with_node_gen:fabric_gen_new_way:with_jtag_input_gen:instrumentation_fabric|alt_sld_fab:instrumentation_fabric|alt_sld_fab_alt_sld_fab:alt_sld_fab|alt_sld_fab_alt_sld_fab_sldfabric:sldfabric|sld_jtag_hub:\jtag_hub_gen:real_sld_jtag_hub|clr_reg" File: c:/intelfpga_lite/18.1/quartus/libraries/megafunctions/sld_jtag_hub.vhd Line: 255
    Info (308011): Node  "sld_hub:auto_hub|alt_sld_fab_with_jtag_input:\instrumentation_fabric_with_node_gen:fabric_gen_new_way:with_jtag_input_gen:instrumentation_fabric|alt_sld_fab:instrumentation_fabric|alt_sld_fab_alt_sld_fab:alt_sld_fab|alt_sld_fab_alt_sld_fab_sldfabric:sldfabric|sld_jtag_hub:\jtag_hub_gen:real_sld_jtag_hub|virtual_ir_scan_reg" File: c:/intelfpga_lite/18.1/quartus/libraries/megafunctions/sld_jtag_hub.vhd Line: 247
    Info (308011): Node  "sld_hub:auto_hub|alt_sld_fab_with_jtag_input:\instrumentation_fabric_with_node_gen:fabric_gen_new_way:with_jtag_input_gen:instrumentation_fabric|alt_sld_fab:instrumentation_fabric|alt_sld_fab_alt_sld_fab:alt_sld_fab|alt_sld_fab_alt_sld_fab_sldfabric:sldfabric|sld_jtag_hub:\jtag_hub_gen:real_sld_jtag_hub|sld_shadow_jsm:shadow_jsm|state[4]" File: c:/intelfpga_lite/18.1/quartus/libraries/megafunctions/sld_hub.vhd Line: 1584
    Info (308011): Node  "sld_hub:auto_hub|alt_sld_fab_with_jtag_input:\instrumentation_fabric_with_node_gen:fabric_gen_new_way:with_jtag_input_gen:instrumentation_fabric|alt_sld_fab:instrumentation_fabric|alt_sld_fab_alt_sld_fab:alt_sld_fab|alt_sld_fab_alt_sld_fab_sldfabric:sldfabric|sld_jtag_hub:\jtag_hub_gen:real_sld_jtag_hub|sld_shadow_jsm:shadow_jsm|state[3]" File: c:/intelfpga_lite/18.1/quartus/libraries/megafunctions/sld_hub.vhd Line: 1584
    Info (308011): Node  "sld_hub:auto_hub|alt_sld_fab_with_jtag_input:\instrumentation_fabric_with_node_gen:fabric_gen_new_way:with_jtag_input_gen:instrumentation_fabric|alt_sld_fab:instrumentation_fabric|alt_sld_fab_alt_sld_fab:alt_sld_fab|splitter_nodes_receive_2[3]" File: C:/fpga/DE1-SoC-MyPlayer-master/db/ip/sldce0f4758/submodules/alt_sld_fab_alt_sld_fab.v Line: 21
    Info (308011): Node  "soc_system:u0|soc_system_master_non_sec:master_secure|altera_reset_controller:rst_controller|altera_reset_synchronizer:alt_rst_sync_uq1|altera_reset_synchronizer_int_chain_out" File: C:/fpga/DE1-SoC-MyPlayer-master/soc_system/synthesis/submodules/altera_reset_synchronizer.v Line: 62
    Info (308011): Node  "soc_system:u0|soc_system_master_non_sec:master_secure|altera_avalon_st_jtag_interface:jtag_phy_embedded_in_jtag_master|altera_jtag_dc_streaming:normal.jtag_dc_streaming|altera_std_synchronizer:synchronizer|dreg[1]" File: c:/intelfpga_lite/18.1/quartus/libraries/megafunctions/altera_std_synchronizer.v Line: 140
    Info (308011): Node  "soc_system:u0|altera_reset_controller:rst_controller_001|altera_reset_synchronizer:alt_rst_sync_uq1|altera_reset_synchronizer_int_chain_out" File: C:/fpga/DE1-SoC-MyPlayer-master/soc_system/synthesis/submodules/altera_reset_synchronizer.v Line: 62
    Info (308011): Node  "soc_system:u0|soc_system_master_non_sec:master_secure|altera_avalon_packets_to_master:transacto|packets_to_master:p2m|state.READ_SEND_WAIT" File: C:/fpga/DE1-SoC-MyPlayer-master/soc_system/synthesis/submodules/altera_avalon_packets_to_master.v Line: 899
    Info (308011): Node  "soc_system:u0|soc_system_master_non_sec:master_secure|altera_avalon_packets_to_master:transacto|packets_to_master:p2m|out_data~1" File: C:/fpga/DE1-SoC-MyPlayer-master/soc_system/synthesis/submodules/altera_avalon_packets_to_master.v Line: 866
    Info (308011): Node  "soc_system:u0|soc_system_mm_interconnect_1:mm_interconnect_1|altera_merlin_axi_slave_ni:hps_0_f2h_axi_slave_agent|write_rp_valid" File: C:/fpga/DE1-SoC-MyPlayer-master/soc_system/synthesis/submodules/altera_merlin_axi_slave_ni.sv Line: 178
    Info (308011): Node  "soc_system:u0|altera_reset_controller:rst_controller_002|altera_reset_synchronizer:alt_rst_sync_uq1|altera_reset_synchronizer_int_chain_out" File: C:/fpga/DE1-SoC-MyPlayer-master/soc_system/synthesis/submodules/altera_reset_synchronizer.v Line: 62
    Info (308011): Node  "soc_system:u0|soc_system_master_non_sec:master_secure|altera_avalon_packets_to_master:transacto|packets_to_master:p2m|current_byte[1]" File: C:/fpga/DE1-SoC-MyPlayer-master/soc_system/synthesis/submodules/altera_avalon_packets_to_master.v Line: 959
    Info (308011): Node  "soc_system:u0|soc_system_master_non_sec:master_secure|altera_avalon_packets_to_master:transacto|packets_to_master:p2m|current_byte[0]" File: C:/fpga/DE1-SoC-MyPlayer-master/soc_system/synthesis/submodules/altera_avalon_packets_to_master.v Line: 959
    Info (308011): Node  "soc_system:u0|soc_system_hps_0:hps_0|soc_system_hps_0_fpga_interfaces:fpga_interfaces|f2h_RVALID[0]" File: C:/fpga/DE1-SoC-MyPlayer-master/soc_system/synthesis/submodules/soc_system_hps_0_fpga_interfaces.sv Line: 65
    Info (308011): Node  "soc_system:u0|soc_system_mm_interconnect_1:mm_interconnect_1|altera_merlin_axi_slave_ni:hps_0_f2h_axi_slave_agent|altera_avalon_sc_fifo:write_rsp_fifo|mem_used[7]" File: C:/fpga/DE1-SoC-MyPlayer-master/soc_system/synthesis/submodules/altera_avalon_sc_fifo.v Line: 393
    Info (308011): Node  "soc_system:u0|soc_system_mm_interconnect_1:mm_interconnect_1|altera_merlin_axi_slave_ni:hps_0_f2h_axi_slave_agent|altera_avalon_sc_fifo:write_rsp_fifo|mem_used[6]" File: C:/fpga/DE1-SoC-MyPlayer-master/soc_system/synthesis/submodules/altera_avalon_sc_fifo.v Line: 408
    Info (308011): Node  "soc_system:u0|soc_system_mm_interconnect_1:mm_interconnect_1|altera_merlin_axi_slave_ni:hps_0_f2h_axi_slave_agent|altera_avalon_sc_fifo:write_rsp_fifo|mem_used[5]" File: C:/fpga/DE1-SoC-MyPlayer-master/soc_system/synthesis/submodules/altera_avalon_sc_fifo.v Line: 408
    Info (308011): Node  "soc_system:u0|soc_system_mm_interconnect_1:mm_interconnect_1|altera_merlin_axi_slave_ni:hps_0_f2h_axi_slave_agent|altera_avalon_sc_fifo:write_rsp_fifo|mem_used[4]" File: C:/fpga/DE1-SoC-MyPlayer-master/soc_system/synthesis/submodules/altera_avalon_sc_fifo.v Line: 408
    Info (308011): Node  "soc_system:u0|soc_system_mm_interconnect_1:mm_interconnect_1|altera_merlin_axi_slave_ni:hps_0_f2h_axi_slave_agent|altera_avalon_sc_fifo:write_rsp_fifo|mem_used[3]" File: C:/fpga/DE1-SoC-MyPlayer-master/soc_system/synthesis/submodules/altera_avalon_sc_fifo.v Line: 408
    Info (308011): Node  "soc_system:u0|soc_system_mm_interconnect_1:mm_interconnect_1|altera_merlin_axi_slave_ni:hps_0_f2h_axi_slave_agent|altera_avalon_sc_fifo:write_rsp_fifo|mem_used[2]" File: C:/fpga/DE1-SoC-MyPlayer-master/soc_system/synthesis/submodules/altera_avalon_sc_fifo.v Line: 408
    Info (308011): Node  "soc_system:u0|soc_system_mm_interconnect_1:mm_interconnect_1|altera_merlin_axi_slave_ni:hps_0_f2h_axi_slave_agent|altera_avalon_sc_fifo:write_rsp_fifo|mem_used[1]" File: C:/fpga/DE1-SoC-MyPlayer-master/soc_system/synthesis/submodules/altera_avalon_sc_fifo.v Line: 408
    Info (308011): Node  "soc_system:u0|soc_system_jtag_uart:jtag_uart|alt_jtag_atlantic:soc_system_jtag_uart_alt_jtag_atlantic|rst1" File: c:/intelfpga_lite/18.1/quartus/libraries/megafunctions/alt_jtag_atlantic.v Line: 210
    Info (308011): Node  "soc_system:u0|soc_system_master_non_sec:master_secure|altera_avalon_packets_to_master:transacto|packets_to_master:p2m|address[2]" File: C:/fpga/DE1-SoC-MyPlayer-master/soc_system/synthesis/submodules/altera_avalon_packets_to_master.v Line: 959
    Info (308011): Node  "soc_system:u0|soc_system_mm_interconnect_1:mm_interconnect_1|altera_merlin_axi_slave_ni:hps_0_f2h_axi_slave_agent|altera_avalon_sc_fifo:write_rsp_fifo|always0~0"
    Info (308002): Truncated list of Design Assistant messages to 30 messages. Go to sections under Design Assistant section of Compilation Report for complete lists of Design Assistant messages generated.
Info (308044): (Information) Rule T102: Top nodes with the highest number of fan-outs. (Value defined:50). Found 50 node(s) with highest fan-out.
    Info (308011): Node  "CLOCK_50~inputCLKENA0" File: C:/fpga/DE1-SoC-MyPlayer-master/ghrd_top.v Line: 63
    Info (308011): Node  "soc_system:u0|altera_reset_controller:rst_controller_001|altera_reset_synchronizer:alt_rst_sync_uq1|altera_reset_synchronizer_int_chain_out" File: C:/fpga/DE1-SoC-MyPlayer-master/soc_system/synthesis/submodules/altera_reset_synchronizer.v Line: 62
    Info (308011): Node  "soc_system:u0|altera_reset_controller:rst_controller_002|altera_reset_synchronizer:alt_rst_sync_uq1|altera_reset_synchronizer_int_chain_out" File: C:/fpga/DE1-SoC-MyPlayer-master/soc_system/synthesis/submodules/altera_reset_synchronizer.v Line: 62
    Info (308011): Node  "altera_internal_jtag~TCKUTAP"
    Info (308011): Node  "soc_system:u0|soc_system_pll_music:pll_music|altera_pll:altera_pll_i|outclk_wire[0]~CLKENA0" File: c:/intelfpga_lite/18.1/quartus/libraries/megafunctions/altera_pll.v Line: 413
    Info (308011): Node  "soc_system:u0|altera_reset_controller:rst_controller|altera_reset_synchronizer:alt_rst_sync_uq1|altera_reset_synchronizer_int_chain_out" File: C:/fpga/DE1-SoC-MyPlayer-master/soc_system/synthesis/submodules/altera_reset_synchronizer.v Line: 62
    Info (308011): Node  "soc_system:u0|soc_system_master_non_sec:master_secure|altera_reset_controller:rst_controller|altera_reset_synchronizer:alt_rst_sync_uq1|altera_reset_synchronizer_int_chain_out" File: C:/fpga/DE1-SoC-MyPlayer-master/soc_system/synthesis/submodules/altera_reset_synchronizer.v Line: 62
    Info (308011): Node  "soc_system:u0|soc_system_master_non_sec:master_non_sec|altera_reset_controller:rst_controller|altera_reset_synchronizer:alt_rst_sync_uq1|altera_reset_synchronizer_int_chain_out" File: C:/fpga/DE1-SoC-MyPlayer-master/soc_system/synthesis/submodules/altera_reset_synchronizer.v Line: 62
    Info (308011): Node  "soc_system:u0|soc_system_hps_0:hps_0|soc_system_hps_0_hps_io:hps_io|soc_system_hps_0_hps_io_border:border|hps_sdram:hps_sdram_inst|hps_sdram_pll:pll|afi_clk" File: C:/fpga/DE1-SoC-MyPlayer-master/soc_system/synthesis/submodules/hps_sdram_pll.sv Line: 93
    Info (308011): Node  "sld_hub:auto_hub|alt_sld_fab_with_jtag_input:\instrumentation_fabric_with_node_gen:fabric_gen_new_way:with_jtag_input_gen:instrumentation_fabric|alt_sld_fab:instrumentation_fabric|alt_sld_fab_alt_sld_fab:alt_sld_fab|alt_sld_fab_alt_sld_fab_sldfabric:sldfabric|sld_jtag_hub:\jtag_hub_gen:real_sld_jtag_hub|sld_shadow_jsm:shadow_jsm|state[4]" File: c:/intelfpga_lite/18.1/quartus/libraries/megafunctions/sld_hub.vhd Line: 1584
    Info (308011): Node  "AUD_BCLK~inputCLKENA0" File: C:/fpga/DE1-SoC-MyPlayer-master/ghrd_top.v Line: 48
    Info (308011): Node  "sld_hub:auto_hub|alt_sld_fab_with_jtag_input:\instrumentation_fabric_with_node_gen:fabric_gen_new_way:with_jtag_input_gen:instrumentation_fabric|alt_sld_fab:instrumentation_fabric|alt_sld_fab_alt_sld_fab:alt_sld_fab|alt_sld_fab_alt_sld_fab_sldfabric:sldfabric|sld_jtag_hub:\jtag_hub_gen:real_sld_jtag_hub|virtual_ir_scan_reg" File: c:/intelfpga_lite/18.1/quartus/libraries/megafunctions/sld_jtag_hub.vhd Line: 247
    Info (308011): Node  "soc_system:u0|AUDIO_IF:audio_if_0|fifo_clear" File: C:/fpga/DE1-SoC-MyPlayer-master/soc_system/synthesis/submodules/AUDIO_IF.v Line: 111
    Info (308011): Node  "soc_system:u0|soc_system_hps_0:hps_0|soc_system_hps_0_fpga_interfaces:fpga_interfaces|h2f_rst_n[0]~CLKENA0" File: C:/fpga/DE1-SoC-MyPlayer-master/soc_system/synthesis/submodules/soc_system_hps_0_fpga_interfaces.sv Line: 18
    Info (308011): Node  "sld_hub:auto_hub|alt_sld_fab_with_jtag_input:\instrumentation_fabric_with_node_gen:fabric_gen_new_way:with_jtag_input_gen:instrumentation_fabric|alt_sld_fab:instrumentation_fabric|alt_sld_fab_alt_sld_fab:alt_sld_fab|alt_sld_fab_alt_sld_fab_sldfabric:sldfabric|sld_jtag_hub:\jtag_hub_gen:real_sld_jtag_hub|clr_reg" File: c:/intelfpga_lite/18.1/quartus/libraries/megafunctions/sld_jtag_hub.vhd Line: 255
    Info (308011): Node  "soc_system:u0|soc_system_mm_interconnect_1:mm_interconnect_1|altera_merlin_axi_slave_ni:hps_0_f2h_axi_slave_agent|altera_avalon_sc_fifo:write_rsp_fifo|mem_used[7]" File: C:/fpga/DE1-SoC-MyPlayer-master/soc_system/synthesis/submodules/altera_avalon_sc_fifo.v Line: 393
    Info (308011): Node  "AUD_DACLRCK~inputCLKENA0" File: C:/fpga/DE1-SoC-MyPlayer-master/ghrd_top.v Line: 50
    Info (308011): Node  "soc_system:u0|AUDIO_IF:audio_if_0|AUDIO_DAC:DAC_Instance|always1~0"
    Info (308011): Node  "soc_system:u0|soc_system_mm_interconnect_1:mm_interconnect_1|altera_merlin_axi_slave_ni:hps_0_f2h_axi_slave_agent|altera_avalon_sc_fifo:write_rsp_fifo|mem_used[1]" File: C:/fpga/DE1-SoC-MyPlayer-master/soc_system/synthesis/submodules/altera_avalon_sc_fifo.v Line: 408
    Info (308011): Node  "soc_system:u0|soc_system_mm_interconnect_1:mm_interconnect_1|altera_merlin_axi_slave_ni:hps_0_f2h_axi_slave_agent|altera_avalon_sc_fifo:write_rsp_fifo|mem_used[6]" File: C:/fpga/DE1-SoC-MyPlayer-master/soc_system/synthesis/submodules/altera_avalon_sc_fifo.v Line: 408
    Info (308011): Node  "soc_system:u0|soc_system_mm_interconnect_1:mm_interconnect_1|altera_merlin_axi_slave_ni:hps_0_f2h_axi_slave_agent|altera_avalon_sc_fifo:write_rsp_fifo|mem_used[3]" File: C:/fpga/DE1-SoC-MyPlayer-master/soc_system/synthesis/submodules/altera_avalon_sc_fifo.v Line: 408
    Info (308011): Node  "soc_system:u0|soc_system_mm_interconnect_1:mm_interconnect_1|altera_merlin_axi_slave_ni:hps_0_f2h_axi_slave_agent|altera_avalon_sc_fifo:write_rsp_fifo|mem_used[5]" File: C:/fpga/DE1-SoC-MyPlayer-master/soc_system/synthesis/submodules/altera_avalon_sc_fifo.v Line: 408
    Info (308011): Node  "soc_system:u0|soc_system_mm_interconnect_1:mm_interconnect_1|altera_merlin_axi_slave_ni:hps_0_f2h_axi_slave_agent|altera_avalon_sc_fifo:write_rsp_fifo|always0~0"
    Info (308011): Node  "soc_system:u0|soc_system_mm_interconnect_1:mm_interconnect_1|altera_merlin_axi_slave_ni:hps_0_f2h_axi_slave_agent|altera_avalon_sc_fifo:write_rsp_fifo|mem_used[4]" File: C:/fpga/DE1-SoC-MyPlayer-master/soc_system/synthesis/submodules/altera_avalon_sc_fifo.v Line: 408
    Info (308011): Node  "soc_system:u0|soc_system_mm_interconnect_1:mm_interconnect_1|altera_merlin_axi_slave_ni:hps_0_f2h_axi_slave_agent|altera_avalon_sc_fifo:write_rsp_fifo|mem_used[2]" File: C:/fpga/DE1-SoC-MyPlayer-master/soc_system/synthesis/submodules/altera_avalon_sc_fifo.v Line: 408
    Info (308011): Node  "soc_system:u0|soc_system_master_non_sec:master_secure|altera_avalon_packets_to_master:transacto|packets_to_master:p2m|address[2]" File: C:/fpga/DE1-SoC-MyPlayer-master/soc_system/synthesis/submodules/altera_avalon_packets_to_master.v Line: 959
    Info (308011): Node  "soc_system:u0|soc_system_mm_interconnect_1:mm_interconnect_1|altera_merlin_axi_slave_ni:hps_0_f2h_axi_slave_agent|altera_avalon_sc_fifo:write_rsp_fifo|always3~0"
    Info (308011): Node  "soc_system:u0|soc_system_mm_interconnect_1:mm_interconnect_1|altera_merlin_axi_slave_ni:hps_0_f2h_axi_slave_agent|altera_avalon_sc_fifo:write_rsp_fifo|always5~0"
    Info (308011): Node  "soc_system:u0|soc_system_mm_interconnect_1:mm_interconnect_1|altera_merlin_axi_slave_ni:hps_0_f2h_axi_slave_agent|altera_avalon_sc_fifo:write_rsp_fifo|always2~0"
    Info (308011): Node  "soc_system:u0|soc_system_mm_interconnect_1:mm_interconnect_1|altera_merlin_axi_slave_ni:hps_0_f2h_axi_slave_agent|altera_avalon_sc_fifo:write_rsp_fifo|always4~0"
    Info (308002): Truncated list of Design Assistant messages to 30 messages. Go to sections under Design Assistant section of Compilation Report for complete lists of Design Assistant messages generated.
Info (308007): Design Assistant information: finished post-fitting analysis of current design -- generated 148 information messages and 74 warning messages
Info: Quartus Prime Design Assistant was successful. 0 errors, 230 warnings
    Info: Peak virtual memory: 4989 megabytes
    Info: Processing ended: Sat May 30 12:57:21 2026
    Info: Elapsed time: 00:00:09
    Info: Total CPU time (on all processors): 00:00:09


