23:31:07 **** Clean-only build of configuration Nios II for project nios_soft_bsp ****
make clean 
[BSP clean complete]
23:31:08 **** Clean-only build of configuration Nios II for project nios_soft ****
make clean 
[nios_soft clean complete]
23:38:41 **** Build of configuration Nios II for project nios_soft ****
make all 
Info: Building ../nios_soft_bsp/
C:/intelFPGA_lite/18.1/nios2eds/bin/gnu/H-x86_64-mingw32/bin/make --no-print-directory -C ../nios_soft_bsp/
Compiling alt_alarm_start.c...
nios2-elf-gcc -xc -MP -MMD -c  -I./HAL/inc -I. -I./drivers/inc -pipe -D__hal__ -DALT_NO_C_PLUS_PLUS -DALT_NO_CLEAN_EXIT -D'exit(a)=_exit(a)' -DALT_NO_EXIT -DALT_USE_DIRECT_DRIVERS -DALT_NO_INSTRUCTION_EMULATION -DALT_USE_SMALL_DRIVERS -DSMALL_C_LIB -DALT_SINGLE_THREADED    '-Os' -g -Wall  -mno-hw-div -mno-hw-mul -mno-hw-mulx -mgpopt=global   -o obj/HAL/src/alt_alarm_start.o HAL/src/alt_alarm_start.c
Compiling alt_busy_sleep.c...
nios2-elf-gcc -xc -MP -MMD -c  -I./HAL/inc -I. -I./drivers/inc -pipe -D__hal__ -DALT_NO_C_PLUS_PLUS -DALT_NO_CLEAN_EXIT -D'exit(a)=_exit(a)' -DALT_NO_EXIT -DALT_USE_DIRECT_DRIVERS -DALT_NO_INSTRUCTION_EMULATION -DALT_USE_SMALL_DRIVERS -DSMALL_C_LIB -DALT_SINGLE_THREADED    '-Os' -g -Wall  -mno-hw-div -mno-hw-mul -mno-hw-mulx -mgpopt=global   -o obj/HAL/src/alt_busy_sleep.o HAL/src/alt_busy_sleep.c
Compiling alt_close.c...
nios2-elf-gcc -xc -MP -MMD -c  -I./HAL/inc -I. -I./drivers/inc -pipe -D__hal__ -DALT_NO_C_PLUS_PLUS -DALT_NO_CLEAN_EXIT -D'exit(a)=_exit(a)' -DALT_NO_EXIT -DALT_USE_DIRECT_DRIVERS -DALT_NO_INSTRUCTION_EMULATION -DALT_USE_SMALL_DRIVERS -DSMALL_C_LIB -DALT_SINGLE_THREADED    '-Os' -g -Wall  -mno-hw-div -mno-hw-mul -mno-hw-mulx -mgpopt=global   -o obj/HAL/src/alt_close.o HAL/src/alt_close.c
Compiling alt_dcache_flush.c...
nios2-elf-gcc -xc -MP -MMD -c  -I./HAL/inc -I. -I./drivers/inc -pipe -D__hal__ -DALT_NO_C_PLUS_PLUS -DALT_NO_CLEAN_EXIT -D'exit(a)=_exit(a)' -DALT_NO_EXIT -DALT_USE_DIRECT_DRIVERS -DALT_NO_INSTRUCTION_EMULATION -DALT_USE_SMALL_DRIVERS -DSMALL_C_LIB -DALT_SINGLE_THREADED    '-Os' -g -Wall  -mno-hw-div -mno-hw-mul -mno-hw-mulx -mgpopt=global   -o obj/HAL/src/alt_dcache_flush.o HAL/src/alt_dcache_flush.c
Compiling alt_dcache_flush_all.c...
nios2-elf-gcc -xc -MP -MMD -c  -I./HAL/inc -I. -I./drivers/inc -pipe -D__hal__ -DALT_NO_C_PLUS_PLUS -DALT_NO_CLEAN_EXIT -D'exit(a)=_exit(a)' -DALT_NO_EXIT -DALT_USE_DIRECT_DRIVERS -DALT_NO_INSTRUCTION_EMULATION -DALT_USE_SMALL_DRIVERS -DSMALL_C_LIB -DALT_SINGLE_THREADED    '-Os' -g -Wall  -mno-hw-div -mno-hw-mul -mno-hw-mulx -mgpopt=global   -o obj/HAL/src/alt_dcache_flush_all.o HAL/src/alt_dcache_flush_all.c
Compiling alt_dcache_flush_no_writeback.c...
nios2-elf-gcc -xc -MP -MMD -c  -I./HAL/inc -I. -I./drivers/inc -pipe -D__hal__ -DALT_NO_C_PLUS_PLUS -DALT_NO_CLEAN_EXIT -D'exit(a)=_exit(a)' -DALT_NO_EXIT -DALT_USE_DIRECT_DRIVERS -DALT_NO_INSTRUCTION_EMULATION -DALT_USE_SMALL_DRIVERS -DSMALL_C_LIB -DALT_SINGLE_THREADED    '-Os' -g -Wall  -mno-hw-div -mno-hw-mul -mno-hw-mulx -mgpopt=global   -o obj/HAL/src/alt_dcache_flush_no_writeback.o HAL/src/alt_dcache_flush_no_writeback.c
Compiling alt_dev.c...
nios2-elf-gcc -xc -MP -MMD -c  -I./HAL/inc -I. -I./drivers/inc -pipe -D__hal__ -DALT_NO_C_PLUS_PLUS -DALT_NO_CLEAN_EXIT -D'exit(a)=_exit(a)' -DALT_NO_EXIT -DALT_USE_DIRECT_DRIVERS -DALT_NO_INSTRUCTION_EMULATION -DALT_USE_SMALL_DRIVERS -DSMALL_C_LIB -DALT_SINGLE_THREADED    '-Os' -g -Wall  -mno-hw-div -mno-hw-mul -mno-hw-mulx -mgpopt=global   -o obj/HAL/src/alt_dev.o HAL/src/alt_dev.c
Compiling alt_dev_llist_insert.c...
nios2-elf-gcc -xc -MP -MMD -c  -I./HAL/inc -I. -I./drivers/inc -pipe -D__hal__ -DALT_NO_C_PLUS_PLUS -DALT_NO_CLEAN_EXIT -D'exit(a)=_exit(a)' -DALT_NO_EXIT -DALT_USE_DIRECT_DRIVERS -DALT_NO_INSTRUCTION_EMULATION -DALT_USE_SMALL_DRIVERS -DSMALL_C_LIB -DALT_SINGLE_THREADED    '-Os' -g -Wall  -mno-hw-div -mno-hw-mul -mno-hw-mulx -mgpopt=global   -o obj/HAL/src/alt_dev_llist_insert.o HAL/src/alt_dev_llist_insert.c
Compiling alt_dma_rxchan_open.c...
nios2-elf-gcc -xc -MP -MMD -c  -I./HAL/inc -I. -I./drivers/inc -pipe -D__hal__ -DALT_NO_C_PLUS_PLUS -DALT_NO_CLEAN_EXIT -D'exit(a)=_exit(a)' -DALT_NO_EXIT -DALT_USE_DIRECT_DRIVERS -DALT_NO_INSTRUCTION_EMULATION -DALT_USE_SMALL_DRIVERS -DSMALL_C_LIB -DALT_SINGLE_THREADED    '-Os' -g -Wall  -mno-hw-div -mno-hw-mul -mno-hw-mulx -mgpopt=global   -o obj/HAL/src/alt_dma_rxchan_open.o HAL/src/alt_dma_rxchan_open.c
Compiling alt_dma_txchan_open.c...
nios2-elf-gcc -xc -MP -MMD -c  -I./HAL/inc -I. -I./drivers/inc -pipe -D__hal__ -DALT_NO_C_PLUS_PLUS -DALT_NO_CLEAN_EXIT -D'exit(a)=_exit(a)' -DALT_NO_EXIT -DALT_USE_DIRECT_DRIVERS -DALT_NO_INSTRUCTION_EMULATION -DALT_USE_SMALL_DRIVERS -DSMALL_C_LIB -DALT_SINGLE_THREADED    '-Os' -g -Wall  -mno-hw-div -mno-hw-mul -mno-hw-mulx -mgpopt=global   -o obj/HAL/src/alt_dma_txchan_open.o HAL/src/alt_dma_txchan_open.c
Compiling alt_do_ctors.c...
nios2-elf-gcc -xc -MP -MMD -c  -I./HAL/inc -I. -I./drivers/inc -pipe -D__hal__ -DALT_NO_C_PLUS_PLUS -DALT_NO_CLEAN_EXIT -D'exit(a)=_exit(a)' -DALT_NO_EXIT -DALT_USE_DIRECT_DRIVERS -DALT_NO_INSTRUCTION_EMULATION -DALT_USE_SMALL_DRIVERS -DSMALL_C_LIB -DALT_SINGLE_THREADED    '-Os' -g -Wall  -mno-hw-div -mno-hw-mul -mno-hw-mulx -mgpopt=global   -o obj/HAL/src/alt_do_ctors.o HAL/src/alt_do_ctors.c
Compiling alt_do_dtors.c...
nios2-elf-gcc -xc -MP -MMD -c  -I./HAL/inc -I. -I./drivers/inc -pipe -D__hal__ -DALT_NO_C_PLUS_PLUS -DALT_NO_CLEAN_EXIT -D'exit(a)=_exit(a)' -DALT_NO_EXIT -DALT_USE_DIRECT_DRIVERS -DALT_NO_INSTRUCTION_EMULATION -DALT_USE_SMALL_DRIVERS -DSMALL_C_LIB -DALT_SINGLE_THREADED    '-Os' -g -Wall  -mno-hw-div -mno-hw-mul -mno-hw-mulx -mgpopt=global   -o obj/HAL/src/alt_do_dtors.o HAL/src/alt_do_dtors.c
Compiling alt_ecc_fatal_entry.S...
nios2-elf-gcc -MP -MMD -c   '-Os' -g -Wall  -mno-hw-div -mno-hw-mul -mno-hw-mulx -mgpopt=global    -I./HAL/inc -I. -I./drivers/inc -pipe -D__hal__ -DALT_NO_C_PLUS_PLUS -DALT_NO_CLEAN_EXIT -D'exit(a)=_exit(a)' -DALT_NO_EXIT -DALT_USE_DIRECT_DRIVERS -DALT_NO_INSTRUCTION_EMULATION -DALT_USE_SMALL_DRIVERS -DSMALL_C_LIB -DALT_SINGLE_THREADED  -Wa,-gdwarf2  -o obj/HAL/src/alt_ecc_fatal_entry.o HAL/src/alt_ecc_fatal_entry.S
Compiling alt_ecc_fatal_exception.c...
nios2-elf-gcc -xc -MP -MMD -c  -I./HAL/inc -I. -I./drivers/inc -pipe -D__hal__ -DALT_NO_C_PLUS_PLUS -DALT_NO_CLEAN_EXIT -D'exit(a)=_exit(a)' -DALT_NO_EXIT -DALT_USE_DIRECT_DRIVERS -DALT_NO_INSTRUCTION_EMULATION -DALT_USE_SMALL_DRIVERS -DSMALL_C_LIB -DALT_SINGLE_THREADED    '-Os' -g -Wall  -mno-hw-div -mno-hw-mul -mno-hw-mulx -mgpopt=global   -o obj/HAL/src/alt_ecc_fatal_exception.o HAL/src/alt_ecc_fatal_exception.c
Compiling alt_env_lock.c...
nios2-elf-gcc -xc -MP -MMD -c  -I./HAL/inc -I. -I./drivers/inc -pipe -D__hal__ -DALT_NO_C_PLUS_PLUS -DALT_NO_CLEAN_EXIT -D'exit(a)=_exit(a)' -DALT_NO_EXIT -DALT_USE_DIRECT_DRIVERS -DALT_NO_INSTRUCTION_EMULATION -DALT_USE_SMALL_DRIVERS -DSMALL_C_LIB -DALT_SINGLE_THREADED    '-Os' -g -Wall  -mno-hw-div -mno-hw-mul -mno-hw-mulx -mgpopt=global   -o obj/HAL/src/alt_env_lock.o HAL/src/alt_env_lock.c
Compiling alt_environ.c...
nios2-elf-gcc -xc -MP -MMD -c  -I./HAL/inc -I. -I./drivers/inc -pipe -D__hal__ -DALT_NO_C_PLUS_PLUS -DALT_NO_CLEAN_EXIT -D'exit(a)=_exit(a)' -DALT_NO_EXIT -DALT_USE_DIRECT_DRIVERS -DALT_NO_INSTRUCTION_EMULATION -DALT_USE_SMALL_DRIVERS -DSMALL_C_LIB -DALT_SINGLE_THREADED    '-Os' -g -Wall  -mno-hw-div -mno-hw-mul -mno-hw-mulx -mgpopt=global   -o obj/HAL/src/alt_environ.o HAL/src/alt_environ.c
Compiling alt_errno.c...
nios2-elf-gcc -xc -MP -MMD -c  -I./HAL/inc -I. -I./drivers/inc -pipe -D__hal__ -DALT_NO_C_PLUS_PLUS -DALT_NO_CLEAN_EXIT -D'exit(a)=_exit(a)' -DALT_NO_EXIT -DALT_USE_DIRECT_DRIVERS -DALT_NO_INSTRUCTION_EMULATION -DALT_USE_SMALL_DRIVERS -DSMALL_C_LIB -DALT_SINGLE_THREADED    '-Os' -g -Wall  -mno-hw-div -mno-hw-mul -mno-hw-mulx -mgpopt=global   -o obj/HAL/src/alt_errno.o HAL/src/alt_errno.c
Compiling alt_exception_entry.S...
nios2-elf-gcc -MP -MMD -c   '-Os' -g -Wall  -mno-hw-div -mno-hw-mul -mno-hw-mulx -mgpopt=global    -I./HAL/inc -I. -I./drivers/inc -pipe -D__hal__ -DALT_NO_C_PLUS_PLUS -DALT_NO_CLEAN_EXIT -D'exit(a)=_exit(a)' -DALT_NO_EXIT -DALT_USE_DIRECT_DRIVERS -DALT_NO_INSTRUCTION_EMULATION -DALT_USE_SMALL_DRIVERS -DSMALL_C_LIB -DALT_SINGLE_THREADED  -Wa,-gdwarf2  -o obj/HAL/src/alt_exception_entry.o HAL/src/alt_exception_entry.S
Compiling alt_exception_muldiv.S...
nios2-elf-gcc -MP -MMD -c   '-Os' -g -Wall  -mno-hw-div -mno-hw-mul -mno-hw-mulx -mgpopt=global    -I./HAL/inc -I. -I./drivers/inc -pipe -D__hal__ -DALT_NO_C_PLUS_PLUS -DALT_NO_CLEAN_EXIT -D'exit(a)=_exit(a)' -DALT_NO_EXIT -DALT_USE_DIRECT_DRIVERS -DALT_NO_INSTRUCTION_EMULATION -DALT_USE_SMALL_DRIVERS -DSMALL_C_LIB -DALT_SINGLE_THREADED  -Wa,-gdwarf2  -o obj/HAL/src/alt_exception_muldiv.o HAL/src/alt_exception_muldiv.S
Compiling alt_exception_trap.S...
nios2-elf-gcc -MP -MMD -c   '-Os' -g -Wall  -mno-hw-div -mno-hw-mul -mno-hw-mulx -mgpopt=global    -I./HAL/inc -I. -I./drivers/inc -pipe -D__hal__ -DALT_NO_C_PLUS_PLUS -DALT_NO_CLEAN_EXIT -D'exit(a)=_exit(a)' -DALT_NO_EXIT -DALT_USE_DIRECT_DRIVERS -DALT_NO_INSTRUCTION_EMULATION -DALT_USE_SMALL_DRIVERS -DSMALL_C_LIB -DALT_SINGLE_THREADED  -Wa,-gdwarf2  -o obj/HAL/src/alt_exception_trap.o HAL/src/alt_exception_trap.S
Compiling alt_execve.c...
nios2-elf-gcc -xc -MP -MMD -c  -I./HAL/inc -I. -I./drivers/inc -pipe -D__hal__ -DALT_NO_C_PLUS_PLUS -DALT_NO_CLEAN_EXIT -D'exit(a)=_exit(a)' -DALT_NO_EXIT -DALT_USE_DIRECT_DRIVERS -DALT_NO_INSTRUCTION_EMULATION -DALT_USE_SMALL_DRIVERS -DSMALL_C_LIB -DALT_SINGLE_THREADED    '-Os' -g -Wall  -mno-hw-div -mno-hw-mul -mno-hw-mulx -mgpopt=global   -o obj/HAL/src/alt_execve.o HAL/src/alt_execve.c
Compiling alt_exit.c...
nios2-elf-gcc -xc -MP -MMD -c  -I./HAL/inc -I. -I./drivers/inc -pipe -D__hal__ -DALT_NO_C_PLUS_PLUS -DALT_NO_CLEAN_EXIT -D'exit(a)=_exit(a)' -DALT_NO_EXIT -DALT_USE_DIRECT_DRIVERS -DALT_NO_INSTRUCTION_EMULATION -DALT_USE_SMALL_DRIVERS -DSMALL_C_LIB -DALT_SINGLE_THREADED    '-Os' -g -Wall  -mno-hw-div -mno-hw-mul -mno-hw-mulx -mgpopt=global   -o obj/HAL/src/alt_exit.o HAL/src/alt_exit.c
Compiling alt_fcntl.c...
nios2-elf-gcc -xc -MP -MMD -c  -I./HAL/inc -I. -I./drivers/inc -pipe -D__hal__ -DALT_NO_C_PLUS_PLUS -DALT_NO_CLEAN_EXIT -D'exit(a)=_exit(a)' -DALT_NO_EXIT -DALT_USE_DIRECT_DRIVERS -DALT_NO_INSTRUCTION_EMULATION -DALT_USE_SMALL_DRIVERS -DSMALL_C_LIB -DALT_SINGLE_THREADED    '-Os' -g -Wall  -mno-hw-div -mno-hw-mul -mno-hw-mulx -mgpopt=global   -o obj/HAL/src/alt_fcntl.o HAL/src/alt_fcntl.c
Compiling alt_fd_lock.c...
nios2-elf-gcc -xc -MP -MMD -c  -I./HAL/inc -I. -I./drivers/inc -pipe -D__hal__ -DALT_NO_C_PLUS_PLUS -DALT_NO_CLEAN_EXIT -D'exit(a)=_exit(a)' -DALT_NO_EXIT -DALT_USE_DIRECT_DRIVERS -DALT_NO_INSTRUCTION_EMULATION -DALT_USE_SMALL_DRIVERS -DSMALL_C_LIB -DALT_SINGLE_THREADED    '-Os' -g -Wall  -mno-hw-div -mno-hw-mul -mno-hw-mulx -mgpopt=global   -o obj/HAL/src/alt_fd_lock.o HAL/src/alt_fd_lock.c
Compiling alt_fd_unlock.c...
nios2-elf-gcc -xc -MP -MMD -c  -I./HAL/inc -I. -I./drivers/inc -pipe -D__hal__ -DALT_NO_C_PLUS_PLUS -DALT_NO_CLEAN_EXIT -D'exit(a)=_exit(a)' -DALT_NO_EXIT -DALT_USE_DIRECT_DRIVERS -DALT_NO_INSTRUCTION_EMULATION -DALT_USE_SMALL_DRIVERS -DSMALL_C_LIB -DALT_SINGLE_THREADED    '-Os' -g -Wall  -mno-hw-div -mno-hw-mul -mno-hw-mulx -mgpopt=global   -o obj/HAL/src/alt_fd_unlock.o HAL/src/alt_fd_unlock.c
Compiling alt_find_dev.c...
nios2-elf-gcc -xc -MP -MMD -c  -I./HAL/inc -I. -I./drivers/inc -pipe -D__hal__ -DALT_NO_C_PLUS_PLUS -DALT_NO_CLEAN_EXIT -D'exit(a)=_exit(a)' -DALT_NO_EXIT -DALT_USE_DIRECT_DRIVERS -DALT_NO_INSTRUCTION_EMULATION -DALT_USE_SMALL_DRIVERS -DSMALL_C_LIB -DALT_SINGLE_THREADED    '-Os' -g -Wall  -mno-hw-div -mno-hw-mul -mno-hw-mulx -mgpopt=global   -o obj/HAL/src/alt_find_dev.o HAL/src/alt_find_dev.c
Compiling alt_find_file.c...
nios2-elf-gcc -xc -MP -MMD -c  -I./HAL/inc -I. -I./drivers/inc -pipe -D__hal__ -DALT_NO_C_PLUS_PLUS -DALT_NO_CLEAN_EXIT -D'exit(a)=_exit(a)' -DALT_NO_EXIT -DALT_USE_DIRECT_DRIVERS -DALT_NO_INSTRUCTION_EMULATION -DALT_USE_SMALL_DRIVERS -DSMALL_C_LIB -DALT_SINGLE_THREADED    '-Os' -g -Wall  -mno-hw-div -mno-hw-mul -mno-hw-mulx -mgpopt=global   -o obj/HAL/src/alt_find_file.o HAL/src/alt_find_file.c
Compiling alt_flash_dev.c...
nios2-elf-gcc -xc -MP -MMD -c  -I./HAL/inc -I. -I./drivers/inc -pipe -D__hal__ -DALT_NO_C_PLUS_PLUS -DALT_NO_CLEAN_EXIT -D'exit(a)=_exit(a)' -DALT_NO_EXIT -DALT_USE_DIRECT_DRIVERS -DALT_NO_INSTRUCTION_EMULATION -DALT_USE_SMALL_DRIVERS -DSMALL_C_LIB -DALT_SINGLE_THREADED    '-Os' -g -Wall  -mno-hw-div -mno-hw-mul -mno-hw-mulx -mgpopt=global   -o obj/HAL/src/alt_flash_dev.o HAL/src/alt_flash_dev.c
Compiling alt_fork.c...
nios2-elf-gcc -xc -MP -MMD -c  -I./HAL/inc -I. -I./drivers/inc -pipe -D__hal__ -DALT_NO_C_PLUS_PLUS -DALT_NO_CLEAN_EXIT -D'exit(a)=_exit(a)' -DALT_NO_EXIT -DALT_USE_DIRECT_DRIVERS -DALT_NO_INSTRUCTION_EMULATION -DALT_USE_SMALL_DRIVERS -DSMALL_C_LIB -DALT_SINGLE_THREADED    '-Os' -g -Wall  -mno-hw-div -mno-hw-mul -mno-hw-mulx -mgpopt=global   -o obj/HAL/src/alt_fork.o HAL/src/alt_fork.c
Compiling alt_fs_reg.c...
nios2-elf-gcc -xc -MP -MMD -c  -I./HAL/inc -I. -I./drivers/inc -pipe -D__hal__ -DALT_NO_C_PLUS_PLUS -DALT_NO_CLEAN_EXIT -D'exit(a)=_exit(a)' -DALT_NO_EXIT -DALT_USE_DIRECT_DRIVERS -DALT_NO_INSTRUCTION_EMULATION -DALT_USE_SMALL_DRIVERS -DSMALL_C_LIB -DALT_SINGLE_THREADED    '-Os' -g -Wall  -mno-hw-div -mno-hw-mul -mno-hw-mulx -mgpopt=global   -o obj/HAL/src/alt_fs_reg.o HAL/src/alt_fs_reg.c
Compiling alt_fstat.c...
nios2-elf-gcc -xc -MP -MMD -c  -I./HAL/inc -I. -I./drivers/inc -pipe -D__hal__ -DALT_NO_C_PLUS_PLUS -DALT_NO_CLEAN_EXIT -D'exit(a)=_exit(a)' -DALT_NO_EXIT -DALT_USE_DIRECT_DRIVERS -DALT_NO_INSTRUCTION_EMULATION -DALT_USE_SMALL_DRIVERS -DSMALL_C_LIB -DALT_SINGLE_THREADED    '-Os' -g -Wall  -mno-hw-div -mno-hw-mul -mno-hw-mulx -mgpopt=global   -o obj/HAL/src/alt_fstat.o HAL/src/alt_fstat.c
Compiling alt_get_fd.c...
nios2-elf-gcc -xc -MP -MMD -c  -I./HAL/inc -I. -I./drivers/inc -pipe -D__hal__ -DALT_NO_C_PLUS_PLUS -DALT_NO_CLEAN_EXIT -D'exit(a)=_exit(a)' -DALT_NO_EXIT -DALT_USE_DIRECT_DRIVERS -DALT_NO_INSTRUCTION_EMULATION -DALT_USE_SMALL_DRIVERS -DSMALL_C_LIB -DALT_SINGLE_THREADED    '-Os' -g -Wall  -mno-hw-div -mno-hw-mul -mno-hw-mulx -mgpopt=global   -o obj/HAL/src/alt_get_fd.o HAL/src/alt_get_fd.c
Compiling alt_getchar.c...
nios2-elf-gcc -xc -MP -MMD -c  -I./HAL/inc -I. -I./drivers/inc -pipe -D__hal__ -DALT_NO_C_PLUS_PLUS -DALT_NO_CLEAN_EXIT -D'exit(a)=_exit(a)' -DALT_NO_EXIT -DALT_USE_DIRECT_DRIVERS -DALT_NO_INSTRUCTION_EMULATION -DALT_USE_SMALL_DRIVERS -DSMALL_C_LIB -DALT_SINGLE_THREADED    '-Os' -g -Wall  -mno-hw-div -mno-hw-mul -mno-hw-mulx -mgpopt=global   -o obj/HAL/src/alt_getchar.o HAL/src/alt_getchar.c
Compiling alt_getpid.c...
nios2-elf-gcc -xc -MP -MMD -c  -I./HAL/inc -I. -I./drivers/inc -pipe -D__hal__ -DALT_NO_C_PLUS_PLUS -DALT_NO_CLEAN_EXIT -D'exit(a)=_exit(a)' -DALT_NO_EXIT -DALT_USE_DIRECT_DRIVERS -DALT_NO_INSTRUCTION_EMULATION -DALT_USE_SMALL_DRIVERS -DSMALL_C_LIB -DALT_SINGLE_THREADED    '-Os' -g -Wall  -mno-hw-div -mno-hw-mul -mno-hw-mulx -mgpopt=global   -o obj/HAL/src/alt_getpid.o HAL/src/alt_getpid.c
Compiling alt_gettod.c...
nios2-elf-gcc -xc -MP -MMD -c  -I./HAL/inc -I. -I./drivers/inc -pipe -D__hal__ -DALT_NO_C_PLUS_PLUS -DALT_NO_CLEAN_EXIT -D'exit(a)=_exit(a)' -DALT_NO_EXIT -DALT_USE_DIRECT_DRIVERS -DALT_NO_INSTRUCTION_EMULATION -DALT_USE_SMALL_DRIVERS -DSMALL_C_LIB -DALT_SINGLE_THREADED    '-Os' -g -Wall  -mno-hw-div -mno-hw-mul -mno-hw-mulx -mgpopt=global   -o obj/HAL/src/alt_gettod.o HAL/src/alt_gettod.c
Compiling alt_gmon.c...
nios2-elf-gcc -xc -MP -MMD -c  -I./HAL/inc -I. -I./drivers/inc -pipe -D__hal__ -DALT_NO_C_PLUS_PLUS -DALT_NO_CLEAN_EXIT -D'exit(a)=_exit(a)' -DALT_NO_EXIT -DALT_USE_DIRECT_DRIVERS -DALT_NO_INSTRUCTION_EMULATION -DALT_USE_SMALL_DRIVERS -DSMALL_C_LIB -DALT_SINGLE_THREADED    '-Os' -g -Wall  -mno-hw-div -mno-hw-mul -mno-hw-mulx -mgpopt=global   -o obj/HAL/src/alt_gmon.o HAL/src/alt_gmon.c
Compiling alt_icache_flush.c...
nios2-elf-gcc -xc -MP -MMD -c  -I./HAL/inc -I. -I./drivers/inc -pipe -D__hal__ -DALT_NO_C_PLUS_PLUS -DALT_NO_CLEAN_EXIT -D'exit(a)=_exit(a)' -DALT_NO_EXIT -DALT_USE_DIRECT_DRIVERS -DALT_NO_INSTRUCTION_EMULATION -DALT_USE_SMALL_DRIVERS -DSMALL_C_LIB -DALT_SINGLE_THREADED    '-Os' -g -Wall  -mno-hw-div -mno-hw-mul -mno-hw-mulx -mgpopt=global   -o obj/HAL/src/alt_icache_flush.o HAL/src/alt_icache_flush.c
Compiling alt_icache_flush_all.c...
nios2-elf-gcc -xc -MP -MMD -c  -I./HAL/inc -I. -I./drivers/inc -pipe -D__hal__ -DALT_NO_C_PLUS_PLUS -DALT_NO_CLEAN_EXIT -D'exit(a)=_exit(a)' -DALT_NO_EXIT -DALT_USE_DIRECT_DRIVERS -DALT_NO_INSTRUCTION_EMULATION -DALT_USE_SMALL_DRIVERS -DSMALL_C_LIB -DALT_SINGLE_THREADED    '-Os' -g -Wall  -mno-hw-div -mno-hw-mul -mno-hw-mulx -mgpopt=global   -o obj/HAL/src/alt_icache_flush_all.o HAL/src/alt_icache_flush_all.c
Compiling alt_iic.c...
nios2-elf-gcc -xc -MP -MMD -c  -I./HAL/inc -I. -I./drivers/inc -pipe -D__hal__ -DALT_NO_C_PLUS_PLUS -DALT_NO_CLEAN_EXIT -D'exit(a)=_exit(a)' -DALT_NO_EXIT -DALT_USE_DIRECT_DRIVERS -DALT_NO_INSTRUCTION_EMULATION -DALT_USE_SMALL_DRIVERS -DSMALL_C_LIB -DALT_SINGLE_THREADED    '-Os' -g -Wall  -mno-hw-div -mno-hw-mul -mno-hw-mulx -mgpopt=global   -o obj/HAL/src/alt_iic.o HAL/src/alt_iic.c
Compiling alt_iic_isr_register.c...
nios2-elf-gcc -xc -MP -MMD -c  -I./HAL/inc -I. -I./drivers/inc -pipe -D__hal__ -DALT_NO_C_PLUS_PLUS -DALT_NO_CLEAN_EXIT -D'exit(a)=_exit(a)' -DALT_NO_EXIT -DALT_USE_DIRECT_DRIVERS -DALT_NO_INSTRUCTION_EMULATION -DALT_USE_SMALL_DRIVERS -DSMALL_C_LIB -DALT_SINGLE_THREADED    '-Os' -g -Wall  -mno-hw-div -mno-hw-mul -mno-hw-mulx -mgpopt=global   -o obj/HAL/src/alt_iic_isr_register.o HAL/src/alt_iic_isr_register.c
Compiling alt_instruction_exception_entry.c...
nios2-elf-gcc -xc -MP -MMD -c  -I./HAL/inc -I. -I./drivers/inc -pipe -D__hal__ -DALT_NO_C_PLUS_PLUS -DALT_NO_CLEAN_EXIT -D'exit(a)=_exit(a)' -DALT_NO_EXIT -DALT_USE_DIRECT_DRIVERS -DALT_NO_INSTRUCTION_EMULATION -DALT_USE_SMALL_DRIVERS -DSMALL_C_LIB -DALT_SINGLE_THREADED    '-Os' -g -Wall  -mno-hw-div -mno-hw-mul -mno-hw-mulx -mgpopt=global   -o obj/HAL/src/alt_instruction_exception_entry.o HAL/src/alt_instruction_exception_entry.c
Compiling alt_instruction_exception_register.c...
nios2-elf-gcc -xc -MP -MMD -c  -I./HAL/inc -I. -I./drivers/inc -pipe -D__hal__ -DALT_NO_C_PLUS_PLUS -DALT_NO_CLEAN_EXIT -D'exit(a)=_exit(a)' -DALT_NO_EXIT -DALT_USE_DIRECT_DRIVERS -DALT_NO_INSTRUCTION_EMULATION -DALT_USE_SMALL_DRIVERS -DSMALL_C_LIB -DALT_SINGLE_THREADED    '-Os' -g -Wall  -mno-hw-div -mno-hw-mul -mno-hw-mulx -mgpopt=global   -o obj/HAL/src/alt_instruction_exception_register.o HAL/src/alt_instruction_exception_register.c
Compiling alt_io_redirect.c...
nios2-elf-gcc -xc -MP -MMD -c  -I./HAL/inc -I. -I./drivers/inc -pipe -D__hal__ -DALT_NO_C_PLUS_PLUS -DALT_NO_CLEAN_EXIT -D'exit(a)=_exit(a)' -DALT_NO_EXIT -DALT_USE_DIRECT_DRIVERS -DALT_NO_INSTRUCTION_EMULATION -DALT_USE_SMALL_DRIVERS -DSMALL_C_LIB -DALT_SINGLE_THREADED    '-Os' -g -Wall  -mno-hw-div -mno-hw-mul -mno-hw-mulx -mgpopt=global   -o obj/HAL/src/alt_io_redirect.o HAL/src/alt_io_redirect.c
Compiling alt_ioctl.c...
nios2-elf-gcc -xc -MP -MMD -c  -I./HAL/inc -I. -I./drivers/inc -pipe -D__hal__ -DALT_NO_C_PLUS_PLUS -DALT_NO_CLEAN_EXIT -D'exit(a)=_exit(a)' -DALT_NO_EXIT -DALT_USE_DIRECT_DRIVERS -DALT_NO_INSTRUCTION_EMULATION -DALT_USE_SMALL_DRIVERS -DSMALL_C_LIB -DALT_SINGLE_THREADED    '-Os' -g -Wall  -mno-hw-div -mno-hw-mul -mno-hw-mulx -mgpopt=global   -o obj/HAL/src/alt_ioctl.o HAL/src/alt_ioctl.c
Compiling alt_irq_entry.S...
nios2-elf-gcc -MP -MMD -c   '-Os' -g -Wall  -mno-hw-div -mno-hw-mul -mno-hw-mulx -mgpopt=global    -I./HAL/inc -I. -I./drivers/inc -pipe -D__hal__ -DALT_NO_C_PLUS_PLUS -DALT_NO_CLEAN_EXIT -D'exit(a)=_exit(a)' -DALT_NO_EXIT -DALT_USE_DIRECT_DRIVERS -DALT_NO_INSTRUCTION_EMULATION -DALT_USE_SMALL_DRIVERS -DSMALL_C_LIB -DALT_SINGLE_THREADED  -Wa,-gdwarf2  -o obj/HAL/src/alt_irq_entry.o HAL/src/alt_irq_entry.S
Compiling alt_irq_handler.c...
nios2-elf-gcc -xc -MP -MMD -c  -I./HAL/inc -I. -I./drivers/inc -pipe -D__hal__ -DALT_NO_C_PLUS_PLUS -DALT_NO_CLEAN_EXIT -D'exit(a)=_exit(a)' -DALT_NO_EXIT -DALT_USE_DIRECT_DRIVERS -DALT_NO_INSTRUCTION_EMULATION -DALT_USE_SMALL_DRIVERS -DSMALL_C_LIB -DALT_SINGLE_THREADED    '-Os' -g -Wall  -mno-hw-div -mno-hw-mul -mno-hw-mulx -mgpopt=global   -o obj/HAL/src/alt_irq_handler.o HAL/src/alt_irq_handler.c
Compiling alt_irq_register.c...
nios2-elf-gcc -xc -MP -MMD -c  -I./HAL/inc -I. -I./drivers/inc -pipe -D__hal__ -DALT_NO_C_PLUS_PLUS -DALT_NO_CLEAN_EXIT -D'exit(a)=_exit(a)' -DALT_NO_EXIT -DALT_USE_DIRECT_DRIVERS -DALT_NO_INSTRUCTION_EMULATION -DALT_USE_SMALL_DRIVERS -DSMALL_C_LIB -DALT_SINGLE_THREADED    '-Os' -g -Wall  -mno-hw-div -mno-hw-mul -mno-hw-mulx -mgpopt=global   -o obj/HAL/src/alt_irq_register.o HAL/src/alt_irq_register.c
Compiling alt_irq_vars.c...
nios2-elf-gcc -xc -MP -MMD -c  -I./HAL/inc -I. -I./drivers/inc -pipe -D__hal__ -DALT_NO_C_PLUS_PLUS -DALT_NO_CLEAN_EXIT -D'exit(a)=_exit(a)' -DALT_NO_EXIT -DALT_USE_DIRECT_DRIVERS -DALT_NO_INSTRUCTION_EMULATION -DALT_USE_SMALL_DRIVERS -DSMALL_C_LIB -DALT_SINGLE_THREADED    '-Os' -g -Wall  -mno-hw-div -mno-hw-mul -mno-hw-mulx -mgpopt=global   -o obj/HAL/src/alt_irq_vars.o HAL/src/alt_irq_vars.c
Compiling alt_isatty.c...
nios2-elf-gcc -xc -MP -MMD -c  -I./HAL/inc -I. -I./drivers/inc -pipe -D__hal__ -DALT_NO_C_PLUS_PLUS -DALT_NO_CLEAN_EXIT -D'exit(a)=_exit(a)' -DALT_NO_EXIT -DALT_USE_DIRECT_DRIVERS -DALT_NO_INSTRUCTION_EMULATION -DALT_USE_SMALL_DRIVERS -DSMALL_C_LIB -DALT_SINGLE_THREADED    '-Os' -g -Wall  -mno-hw-div -mno-hw-mul -mno-hw-mulx -mgpopt=global   -o obj/HAL/src/alt_isatty.o HAL/src/alt_isatty.c
Compiling alt_kill.c...
nios2-elf-gcc -xc -MP -MMD -c  -I./HAL/inc -I. -I./drivers/inc -pipe -D__hal__ -DALT_NO_C_PLUS_PLUS -DALT_NO_CLEAN_EXIT -D'exit(a)=_exit(a)' -DALT_NO_EXIT -DALT_USE_DIRECT_DRIVERS -DALT_NO_INSTRUCTION_EMULATION -DALT_USE_SMALL_DRIVERS -DSMALL_C_LIB -DALT_SINGLE_THREADED    '-Os' -g -Wall  -mno-hw-div -mno-hw-mul -mno-hw-mulx -mgpopt=global   -o obj/HAL/src/alt_kill.o HAL/src/alt_kill.c
Compiling alt_link.c...
nios2-elf-gcc -xc -MP -MMD -c  -I./HAL/inc -I. -I./drivers/inc -pipe -D__hal__ -DALT_NO_C_PLUS_PLUS -DALT_NO_CLEAN_EXIT -D'exit(a)=_exit(a)' -DALT_NO_EXIT -DALT_USE_DIRECT_DRIVERS -DALT_NO_INSTRUCTION_EMULATION -DALT_USE_SMALL_DRIVERS -DSMALL_C_LIB -DALT_SINGLE_THREADED    '-Os' -g -Wall  -mno-hw-div -mno-hw-mul -mno-hw-mulx -mgpopt=global   -o obj/HAL/src/alt_link.o HAL/src/alt_link.c
Compiling alt_load.c...
nios2-elf-gcc -xc -MP -MMD -c  -I./HAL/inc -I. -I./drivers/inc -pipe -D__hal__ -DALT_NO_C_PLUS_PLUS -DALT_NO_CLEAN_EXIT -D'exit(a)=_exit(a)' -DALT_NO_EXIT -DALT_USE_DIRECT_DRIVERS -DALT_NO_INSTRUCTION_EMULATION -DALT_USE_SMALL_DRIVERS -DSMALL_C_LIB -DALT_SINGLE_THREADED    '-Os' -g -Wall  -mno-hw-div -mno-hw-mul -mno-hw-mulx -mgpopt=global   -o obj/HAL/src/alt_load.o HAL/src/alt_load.c
Compiling alt_log_macro.S...
nios2-elf-gcc -MP -MMD -c   '-Os' -g -Wall  -mno-hw-div -mno-hw-mul -mno-hw-mulx -mgpopt=global    -I./HAL/inc -I. -I./drivers/inc -pipe -D__hal__ -DALT_NO_C_PLUS_PLUS -DALT_NO_CLEAN_EXIT -D'exit(a)=_exit(a)' -DALT_NO_EXIT -DALT_USE_DIRECT_DRIVERS -DALT_NO_INSTRUCTION_EMULATION -DALT_USE_SMALL_DRIVERS -DSMALL_C_LIB -DALT_SINGLE_THREADED  -Wa,-gdwarf2  -o obj/HAL/src/alt_log_macro.o HAL/src/alt_log_macro.S
Compiling alt_log_printf.c...
nios2-elf-gcc -xc -MP -MMD -c  -I./HAL/inc -I. -I./drivers/inc -pipe -D__hal__ -DALT_NO_C_PLUS_PLUS -DALT_NO_CLEAN_EXIT -D'exit(a)=_exit(a)' -DALT_NO_EXIT -DALT_USE_DIRECT_DRIVERS -DALT_NO_INSTRUCTION_EMULATION -DALT_USE_SMALL_DRIVERS -DSMALL_C_LIB -DALT_SINGLE_THREADED    '-Os' -g -Wall  -mno-hw-div -mno-hw-mul -mno-hw-mulx -mgpopt=global   -o obj/HAL/src/alt_log_printf.o HAL/src/alt_log_printf.c
Compiling alt_lseek.c...
nios2-elf-gcc -xc -MP -MMD -c  -I./HAL/inc -I. -I./drivers/inc -pipe -D__hal__ -DALT_NO_C_PLUS_PLUS -DALT_NO_CLEAN_EXIT -D'exit(a)=_exit(a)' -DALT_NO_EXIT -DALT_USE_DIRECT_DRIVERS -DALT_NO_INSTRUCTION_EMULATION -DALT_USE_SMALL_DRIVERS -DSMALL_C_LIB -DALT_SINGLE_THREADED    '-Os' -g -Wall  -mno-hw-div -mno-hw-mul -mno-hw-mulx -mgpopt=global   -o obj/HAL/src/alt_lseek.o HAL/src/alt_lseek.c
Compiling alt_main.c...
nios2-elf-gcc -xc -MP -MMD -c  -I./HAL/inc -I. -I./drivers/inc -pipe -D__hal__ -DALT_NO_C_PLUS_PLUS -DALT_NO_CLEAN_EXIT -D'exit(a)=_exit(a)' -DALT_NO_EXIT -DALT_USE_DIRECT_DRIVERS -DALT_NO_INSTRUCTION_EMULATION -DALT_USE_SMALL_DRIVERS -DSMALL_C_LIB -DALT_SINGLE_THREADED    '-Os' -g -Wall  -mno-hw-div -mno-hw-mul -mno-hw-mulx -mgpopt=global   -o obj/HAL/src/alt_main.o HAL/src/alt_main.c
Compiling alt_malloc_lock.c...
nios2-elf-gcc -xc -MP -MMD -c  -I./HAL/inc -I. -I./drivers/inc -pipe -D__hal__ -DALT_NO_C_PLUS_PLUS -DALT_NO_CLEAN_EXIT -D'exit(a)=_exit(a)' -DALT_NO_EXIT -DALT_USE_DIRECT_DRIVERS -DALT_NO_INSTRUCTION_EMULATION -DALT_USE_SMALL_DRIVERS -DSMALL_C_LIB -DALT_SINGLE_THREADED    '-Os' -g -Wall  -mno-hw-div -mno-hw-mul -mno-hw-mulx -mgpopt=global   -o obj/HAL/src/alt_malloc_lock.o HAL/src/alt_malloc_lock.c
Compiling alt_mcount.S...
nios2-elf-gcc -MP -MMD -c   '-Os' -g -Wall  -mno-hw-div -mno-hw-mul -mno-hw-mulx -mgpopt=global    -I./HAL/inc -I. -I./drivers/inc -pipe -D__hal__ -DALT_NO_C_PLUS_PLUS -DALT_NO_CLEAN_EXIT -D'exit(a)=_exit(a)' -DALT_NO_EXIT -DALT_USE_DIRECT_DRIVERS -DALT_NO_INSTRUCTION_EMULATION -DALT_USE_SMALL_DRIVERS -DSMALL_C_LIB -DALT_SINGLE_THREADED  -Wa,-gdwarf2  -o obj/HAL/src/alt_mcount.o HAL/src/alt_mcount.S
Compiling alt_open.c...
nios2-elf-gcc -xc -MP -MMD -c  -I./HAL/inc -I. -I./drivers/inc -pipe -D__hal__ -DALT_NO_C_PLUS_PLUS -DALT_NO_CLEAN_EXIT -D'exit(a)=_exit(a)' -DALT_NO_EXIT -DALT_USE_DIRECT_DRIVERS -DALT_NO_INSTRUCTION_EMULATION -DALT_USE_SMALL_DRIVERS -DSMALL_C_LIB -DALT_SINGLE_THREADED    '-Os' -g -Wall  -mno-hw-div -mno-hw-mul -mno-hw-mulx -mgpopt=global   -o obj/HAL/src/alt_open.o HAL/src/alt_open.c
Compiling alt_printf.c...
nios2-elf-gcc -xc -MP -MMD -c  -I./HAL/inc -I. -I./drivers/inc -pipe -D__hal__ -DALT_NO_C_PLUS_PLUS -DALT_NO_CLEAN_EXIT -D'exit(a)=_exit(a)' -DALT_NO_EXIT -DALT_USE_DIRECT_DRIVERS -DALT_NO_INSTRUCTION_EMULATION -DALT_USE_SMALL_DRIVERS -DSMALL_C_LIB -DALT_SINGLE_THREADED    '-Os' -g -Wall  -mno-hw-div -mno-hw-mul -mno-hw-mulx -mgpopt=global   -o obj/HAL/src/alt_printf.o HAL/src/alt_printf.c
Compiling alt_putchar.c...
nios2-elf-gcc -xc -MP -MMD -c  -I./HAL/inc -I. -I./drivers/inc -pipe -D__hal__ -DALT_NO_C_PLUS_PLUS -DALT_NO_CLEAN_EXIT -D'exit(a)=_exit(a)' -DALT_NO_EXIT -DALT_USE_DIRECT_DRIVERS -DALT_NO_INSTRUCTION_EMULATION -DALT_USE_SMALL_DRIVERS -DSMALL_C_LIB -DALT_SINGLE_THREADED    '-Os' -g -Wall  -mno-hw-div -mno-hw-mul -mno-hw-mulx -mgpopt=global   -o obj/HAL/src/alt_putchar.o HAL/src/alt_putchar.c
Compiling alt_putcharbuf.c...
nios2-elf-gcc -xc -MP -MMD -c  -I./HAL/inc -I. -I./drivers/inc -pipe -D__hal__ -DALT_NO_C_PLUS_PLUS -DALT_NO_CLEAN_EXIT -D'exit(a)=_exit(a)' -DALT_NO_EXIT -DALT_USE_DIRECT_DRIVERS -DALT_NO_INSTRUCTION_EMULATION -DALT_USE_SMALL_DRIVERS -DSMALL_C_LIB -DALT_SINGLE_THREADED    '-Os' -g -Wall  -mno-hw-div -mno-hw-mul -mno-hw-mulx -mgpopt=global   -o obj/HAL/src/alt_putcharbuf.o HAL/src/alt_putcharbuf.c
Compiling alt_putstr.c...
nios2-elf-gcc -xc -MP -MMD -c  -I./HAL/inc -I. -I./drivers/inc -pipe -D__hal__ -DALT_NO_C_PLUS_PLUS -DALT_NO_CLEAN_EXIT -D'exit(a)=_exit(a)' -DALT_NO_EXIT -DALT_USE_DIRECT_DRIVERS -DALT_NO_INSTRUCTION_EMULATION -DALT_USE_SMALL_DRIVERS -DSMALL_C_LIB -DALT_SINGLE_THREADED    '-Os' -g -Wall  -mno-hw-div -mno-hw-mul -mno-hw-mulx -mgpopt=global   -o obj/HAL/src/alt_putstr.o HAL/src/alt_putstr.c
Compiling alt_read.c...
nios2-elf-gcc -xc -MP -MMD -c  -I./HAL/inc -I. -I./drivers/inc -pipe -D__hal__ -DALT_NO_C_PLUS_PLUS -DALT_NO_CLEAN_EXIT -D'exit(a)=_exit(a)' -DALT_NO_EXIT -DALT_USE_DIRECT_DRIVERS -DALT_NO_INSTRUCTION_EMULATION -DALT_USE_SMALL_DRIVERS -DSMALL_C_LIB -DALT_SINGLE_THREADED    '-Os' -g -Wall  -mno-hw-div -mno-hw-mul -mno-hw-mulx -mgpopt=global   -o obj/HAL/src/alt_read.o HAL/src/alt_read.c
Compiling alt_release_fd.c...
nios2-elf-gcc -xc -MP -MMD -c  -I./HAL/inc -I. -I./drivers/inc -pipe -D__hal__ -DALT_NO_C_PLUS_PLUS -DALT_NO_CLEAN_EXIT -D'exit(a)=_exit(a)' -DALT_NO_EXIT -DALT_USE_DIRECT_DRIVERS -DALT_NO_INSTRUCTION_EMULATION -DALT_USE_SMALL_DRIVERS -DSMALL_C_LIB -DALT_SINGLE_THREADED    '-Os' -g -Wall  -mno-hw-div -mno-hw-mul -mno-hw-mulx -mgpopt=global   -o obj/HAL/src/alt_release_fd.o HAL/src/alt_release_fd.c
Compiling alt_remap_cached.c...
nios2-elf-gcc -xc -MP -MMD -c  -I./HAL/inc -I. -I./drivers/inc -pipe -D__hal__ -DALT_NO_C_PLUS_PLUS -DALT_NO_CLEAN_EXIT -D'exit(a)=_exit(a)' -DALT_NO_EXIT -DALT_USE_DIRECT_DRIVERS -DALT_NO_INSTRUCTION_EMULATION -DALT_USE_SMALL_DRIVERS -DSMALL_C_LIB -DALT_SINGLE_THREADED    '-Os' -g -Wall  -mno-hw-div -mno-hw-mul -mno-hw-mulx -mgpopt=global   -o obj/HAL/src/alt_remap_cached.o HAL/src/alt_remap_cached.c
Compiling alt_remap_uncached.c...
nios2-elf-gcc -xc -MP -MMD -c  -I./HAL/inc -I. -I./drivers/inc -pipe -D__hal__ -DALT_NO_C_PLUS_PLUS -DALT_NO_CLEAN_EXIT -D'exit(a)=_exit(a)' -DALT_NO_EXIT -DALT_USE_DIRECT_DRIVERS -DALT_NO_INSTRUCTION_EMULATION -DALT_USE_SMALL_DRIVERS -DSMALL_C_LIB -DALT_SINGLE_THREADED    '-Os' -g -Wall  -mno-hw-div -mno-hw-mul -mno-hw-mulx -mgpopt=global   -o obj/HAL/src/alt_remap_uncached.o HAL/src/alt_remap_uncached.c
Compiling alt_rename.c...
nios2-elf-gcc -xc -MP -MMD -c  -I./HAL/inc -I. -I./drivers/inc -pipe -D__hal__ -DALT_NO_C_PLUS_PLUS -DALT_NO_CLEAN_EXIT -D'exit(a)=_exit(a)' -DALT_NO_EXIT -DALT_USE_DIRECT_DRIVERS -DALT_NO_INSTRUCTION_EMULATION -DALT_USE_SMALL_DRIVERS -DSMALL_C_LIB -DALT_SINGLE_THREADED    '-Os' -g -Wall  -mno-hw-div -mno-hw-mul -mno-hw-mulx -mgpopt=global   -o obj/HAL/src/alt_rename.o HAL/src/alt_rename.c
Compiling alt_sbrk.c...
nios2-elf-gcc -xc -MP -MMD -c  -I./HAL/inc -I. -I./drivers/inc -pipe -D__hal__ -DALT_NO_C_PLUS_PLUS -DALT_NO_CLEAN_EXIT -D'exit(a)=_exit(a)' -DALT_NO_EXIT -DALT_USE_DIRECT_DRIVERS -DALT_NO_INSTRUCTION_EMULATION -DALT_USE_SMALL_DRIVERS -DSMALL_C_LIB -DALT_SINGLE_THREADED    '-Os' -g -Wall  -mno-hw-div -mno-hw-mul -mno-hw-mulx -mgpopt=global   -o obj/HAL/src/alt_sbrk.o HAL/src/alt_sbrk.c
Compiling alt_settod.c...
nios2-elf-gcc -xc -MP -MMD -c  -I./HAL/inc -I. -I./drivers/inc -pipe -D__hal__ -DALT_NO_C_PLUS_PLUS -DALT_NO_CLEAN_EXIT -D'exit(a)=_exit(a)' -DALT_NO_EXIT -DALT_USE_DIRECT_DRIVERS -DALT_NO_INSTRUCTION_EMULATION -DALT_USE_SMALL_DRIVERS -DSMALL_C_LIB -DALT_SINGLE_THREADED    '-Os' -g -Wall  -mno-hw-div -mno-hw-mul -mno-hw-mulx -mgpopt=global   -o obj/HAL/src/alt_settod.o HAL/src/alt_settod.c
Compiling alt_software_exception.S...
nios2-elf-gcc -MP -MMD -c   '-Os' -g -Wall  -mno-hw-div -mno-hw-mul -mno-hw-mulx -mgpopt=global    -I./HAL/inc -I. -I./drivers/inc -pipe -D__hal__ -DALT_NO_C_PLUS_PLUS -DALT_NO_CLEAN_EXIT -D'exit(a)=_exit(a)' -DALT_NO_EXIT -DALT_USE_DIRECT_DRIVERS -DALT_NO_INSTRUCTION_EMULATION -DALT_USE_SMALL_DRIVERS -DSMALL_C_LIB -DALT_SINGLE_THREADED  -Wa,-gdwarf2  -o obj/HAL/src/alt_software_exception.o HAL/src/alt_software_exception.S
Compiling alt_stat.c...
nios2-elf-gcc -xc -MP -MMD -c  -I./HAL/inc -I. -I./drivers/inc -pipe -D__hal__ -DALT_NO_C_PLUS_PLUS -DALT_NO_CLEAN_EXIT -D'exit(a)=_exit(a)' -DALT_NO_EXIT -DALT_USE_DIRECT_DRIVERS -DALT_NO_INSTRUCTION_EMULATION -DALT_USE_SMALL_DRIVERS -DSMALL_C_LIB -DALT_SINGLE_THREADED    '-Os' -g -Wall  -mno-hw-div -mno-hw-mul -mno-hw-mulx -mgpopt=global   -o obj/HAL/src/alt_stat.o HAL/src/alt_stat.c
Compiling alt_tick.c...
nios2-elf-gcc -xc -MP -MMD -c  -I./HAL/inc -I. -I./drivers/inc -pipe -D__hal__ -DALT_NO_C_PLUS_PLUS -DALT_NO_CLEAN_EXIT -D'exit(a)=_exit(a)' -DALT_NO_EXIT -DALT_USE_DIRECT_DRIVERS -DALT_NO_INSTRUCTION_EMULATION -DALT_USE_SMALL_DRIVERS -DSMALL_C_LIB -DALT_SINGLE_THREADED    '-Os' -g -Wall  -mno-hw-div -mno-hw-mul -mno-hw-mulx -mgpopt=global   -o obj/HAL/src/alt_tick.o HAL/src/alt_tick.c
Compiling alt_times.c...
nios2-elf-gcc -xc -MP -MMD -c  -I./HAL/inc -I. -I./drivers/inc -pipe -D__hal__ -DALT_NO_C_PLUS_PLUS -DALT_NO_CLEAN_EXIT -D'exit(a)=_exit(a)' -DALT_NO_EXIT -DALT_USE_DIRECT_DRIVERS -DALT_NO_INSTRUCTION_EMULATION -DALT_USE_SMALL_DRIVERS -DSMALL_C_LIB -DALT_SINGLE_THREADED    '-Os' -g -Wall  -mno-hw-div -mno-hw-mul -mno-hw-mulx -mgpopt=global   -o obj/HAL/src/alt_times.o HAL/src/alt_times.c
Compiling alt_uncached_free.c...
nios2-elf-gcc -xc -MP -MMD -c  -I./HAL/inc -I. -I./drivers/inc -pipe -D__hal__ -DALT_NO_C_PLUS_PLUS -DALT_NO_CLEAN_EXIT -D'exit(a)=_exit(a)' -DALT_NO_EXIT -DALT_USE_DIRECT_DRIVERS -DALT_NO_INSTRUCTION_EMULATION -DALT_USE_SMALL_DRIVERS -DSMALL_C_LIB -DALT_SINGLE_THREADED    '-Os' -g -Wall  -mno-hw-div -mno-hw-mul -mno-hw-mulx -mgpopt=global   -o obj/HAL/src/alt_uncached_free.o HAL/src/alt_uncached_free.c
Compiling alt_uncached_malloc.c...
nios2-elf-gcc -xc -MP -MMD -c  -I./HAL/inc -I. -I./drivers/inc -pipe -D__hal__ -DALT_NO_C_PLUS_PLUS -DALT_NO_CLEAN_EXIT -D'exit(a)=_exit(a)' -DALT_NO_EXIT -DALT_USE_DIRECT_DRIVERS -DALT_NO_INSTRUCTION_EMULATION -DALT_USE_SMALL_DRIVERS -DSMALL_C_LIB -DALT_SINGLE_THREADED    '-Os' -g -Wall  -mno-hw-div -mno-hw-mul -mno-hw-mulx -mgpopt=global   -o obj/HAL/src/alt_uncached_malloc.o HAL/src/alt_uncached_malloc.c
Compiling alt_unlink.c...
nios2-elf-gcc -xc -MP -MMD -c  -I./HAL/inc -I. -I./drivers/inc -pipe -D__hal__ -DALT_NO_C_PLUS_PLUS -DALT_NO_CLEAN_EXIT -D'exit(a)=_exit(a)' -DALT_NO_EXIT -DALT_USE_DIRECT_DRIVERS -DALT_NO_INSTRUCTION_EMULATION -DALT_USE_SMALL_DRIVERS -DSMALL_C_LIB -DALT_SINGLE_THREADED    '-Os' -g -Wall  -mno-hw-div -mno-hw-mul -mno-hw-mulx -mgpopt=global   -o obj/HAL/src/alt_unlink.o HAL/src/alt_unlink.c
Compiling alt_usleep.c...
nios2-elf-gcc -xc -MP -MMD -c  -I./HAL/inc -I. -I./drivers/inc -pipe -D__hal__ -DALT_NO_C_PLUS_PLUS -DALT_NO_CLEAN_EXIT -D'exit(a)=_exit(a)' -DALT_NO_EXIT -DALT_USE_DIRECT_DRIVERS -DALT_NO_INSTRUCTION_EMULATION -DALT_USE_SMALL_DRIVERS -DSMALL_C_LIB -DALT_SINGLE_THREADED    '-Os' -g -Wall  -mno-hw-div -mno-hw-mul -mno-hw-mulx -mgpopt=global   -o obj/HAL/src/alt_usleep.o HAL/src/alt_usleep.c
Compiling alt_wait.c...
nios2-elf-gcc -xc -MP -MMD -c  -I./HAL/inc -I. -I./drivers/inc -pipe -D__hal__ -DALT_NO_C_PLUS_PLUS -DALT_NO_CLEAN_EXIT -D'exit(a)=_exit(a)' -DALT_NO_EXIT -DALT_USE_DIRECT_DRIVERS -DALT_NO_INSTRUCTION_EMULATION -DALT_USE_SMALL_DRIVERS -DSMALL_C_LIB -DALT_SINGLE_THREADED    '-Os' -g -Wall  -mno-hw-div -mno-hw-mul -mno-hw-mulx -mgpopt=global   -o obj/HAL/src/alt_wait.o HAL/src/alt_wait.c
Compiling alt_write.c...
nios2-elf-gcc -xc -MP -MMD -c  -I./HAL/inc -I. -I./drivers/inc -pipe -D__hal__ -DALT_NO_C_PLUS_PLUS -DALT_NO_CLEAN_EXIT -D'exit(a)=_exit(a)' -DALT_NO_EXIT -DALT_USE_DIRECT_DRIVERS -DALT_NO_INSTRUCTION_EMULATION -DALT_USE_SMALL_DRIVERS -DSMALL_C_LIB -DALT_SINGLE_THREADED    '-Os' -g -Wall  -mno-hw-div -mno-hw-mul -mno-hw-mulx -mgpopt=global   -o obj/HAL/src/alt_write.o HAL/src/alt_write.c
Compiling altera_nios2_gen2_irq.c...
nios2-elf-gcc -xc -MP -MMD -c  -I./HAL/inc -I. -I./drivers/inc -pipe -D__hal__ -DALT_NO_C_PLUS_PLUS -DALT_NO_CLEAN_EXIT -D'exit(a)=_exit(a)' -DALT_NO_EXIT -DALT_USE_DIRECT_DRIVERS -DALT_NO_INSTRUCTION_EMULATION -DALT_USE_SMALL_DRIVERS -DSMALL_C_LIB -DALT_SINGLE_THREADED    '-Os' -g -Wall  -mno-hw-div -mno-hw-mul -mno-hw-mulx -mgpopt=global   -o obj/HAL/src/altera_nios2_gen2_irq.o HAL/src/altera_nios2_gen2_irq.c
Compiling crt0.S...
nios2-elf-gcc -MP -MMD -c   '-Os' -g -Wall  -mno-hw-div -mno-hw-mul -mno-hw-mulx -mgpopt=global    -I./HAL/inc -I. -I./drivers/inc -pipe -D__hal__ -DALT_NO_C_PLUS_PLUS -DALT_NO_CLEAN_EXIT -D'exit(a)=_exit(a)' -DALT_NO_EXIT -DALT_USE_DIRECT_DRIVERS -DALT_NO_INSTRUCTION_EMULATION -DALT_USE_SMALL_DRIVERS -DSMALL_C_LIB -DALT_SINGLE_THREADED  -Wa,-gdwarf2  -o obj/HAL/src/crt0.o HAL/src/crt0.S
Compiling alt_sys_init.c...
nios2-elf-gcc -xc -MP -MMD -c  -I./HAL/inc -I. -I./drivers/inc -pipe -D__hal__ -DALT_NO_C_PLUS_PLUS -DALT_NO_CLEAN_EXIT -D'exit(a)=_exit(a)' -DALT_NO_EXIT -DALT_USE_DIRECT_DRIVERS -DALT_NO_INSTRUCTION_EMULATION -DALT_USE_SMALL_DRIVERS -DSMALL_C_LIB -DALT_SINGLE_THREADED    '-Os' -g -Wall  -mno-hw-div -mno-hw-mul -mno-hw-mulx -mgpopt=global   -o obj/alt_sys_init.o alt_sys_init.c
Compiling altera_avalon_jtag_uart_fd.c...
nios2-elf-gcc -xc -MP -MMD -c  -I./HAL/inc -I. -I./drivers/inc -pipe -D__hal__ -DALT_NO_C_PLUS_PLUS -DALT_NO_CLEAN_EXIT -D'exit(a)=_exit(a)' -DALT_NO_EXIT -DALT_USE_DIRECT_DRIVERS -DALT_NO_INSTRUCTION_EMULATION -DALT_USE_SMALL_DRIVERS -DSMALL_C_LIB -DALT_SINGLE_THREADED    '-Os' -g -Wall  -mno-hw-div -mno-hw-mul -mno-hw-mulx -mgpopt=global   -o obj/drivers/src/altera_avalon_jtag_uart_fd.o drivers/src/altera_avalon_jtag_uart_fd.c
Compiling altera_avalon_jtag_uart_init.c...
nios2-elf-gcc -xc -MP -MMD -c  -I./HAL/inc -I. -I./drivers/inc -pipe -D__hal__ -DALT_NO_C_PLUS_PLUS -DALT_NO_CLEAN_EXIT -D'exit(a)=_exit(a)' -DALT_NO_EXIT -DALT_USE_DIRECT_DRIVERS -DALT_NO_INSTRUCTION_EMULATION -DALT_USE_SMALL_DRIVERS -DSMALL_C_LIB -DALT_SINGLE_THREADED    '-Os' -g -Wall  -mno-hw-div -mno-hw-mul -mno-hw-mulx -mgpopt=global   -o obj/drivers/src/altera_avalon_jtag_uart_init.o drivers/src/altera_avalon_jtag_uart_init.c
Compiling altera_avalon_jtag_uart_ioctl.c...
nios2-elf-gcc -xc -MP -MMD -c  -I./HAL/inc -I. -I./drivers/inc -pipe -D__hal__ -DALT_NO_C_PLUS_PLUS -DALT_NO_CLEAN_EXIT -D'exit(a)=_exit(a)' -DALT_NO_EXIT -DALT_USE_DIRECT_DRIVERS -DALT_NO_INSTRUCTION_EMULATION -DALT_USE_SMALL_DRIVERS -DSMALL_C_LIB -DALT_SINGLE_THREADED    '-Os' -g -Wall  -mno-hw-div -mno-hw-mul -mno-hw-mulx -mgpopt=global   -o obj/drivers/src/altera_avalon_jtag_uart_ioctl.o drivers/src/altera_avalon_jtag_uart_ioctl.c
Compiling altera_avalon_jtag_uart_read.c...
nios2-elf-gcc -xc -MP -MMD -c  -I./HAL/inc -I. -I./drivers/inc -pipe -D__hal__ -DALT_NO_C_PLUS_PLUS -DALT_NO_CLEAN_EXIT -D'exit(a)=_exit(a)' -DALT_NO_EXIT -DALT_USE_DIRECT_DRIVERS -DALT_NO_INSTRUCTION_EMULATION -DALT_USE_SMALL_DRIVERS -DSMALL_C_LIB -DALT_SINGLE_THREADED    '-Os' -g -Wall  -mno-hw-div -mno-hw-mul -mno-hw-mulx -mgpopt=global   -o obj/drivers/src/altera_avalon_jtag_uart_read.o drivers/src/altera_avalon_jtag_uart_read.c
Compiling altera_avalon_jtag_uart_write.c...
nios2-elf-gcc -xc -MP -MMD -c  -I./HAL/inc -I. -I./drivers/inc -pipe -D__hal__ -DALT_NO_C_PLUS_PLUS -DALT_NO_CLEAN_EXIT -D'exit(a)=_exit(a)' -DALT_NO_EXIT -DALT_USE_DIRECT_DRIVERS -DALT_NO_INSTRUCTION_EMULATION -DALT_USE_SMALL_DRIVERS -DSMALL_C_LIB -DALT_SINGLE_THREADED    '-Os' -g -Wall  -mno-hw-div -mno-hw-mul -mno-hw-mulx -mgpopt=global   -o obj/drivers/src/altera_avalon_jtag_uart_write.o drivers/src/altera_avalon_jtag_uart_write.c
Compiling altera_avalon_sysid_qsys.c...
nios2-elf-gcc -xc -MP -MMD -c  -I./HAL/inc -I. -I./drivers/inc -pipe -D__hal__ -DALT_NO_C_PLUS_PLUS -DALT_NO_CLEAN_EXIT -D'exit(a)=_exit(a)' -DALT_NO_EXIT -DALT_USE_DIRECT_DRIVERS -DALT_NO_INSTRUCTION_EMULATION -DALT_USE_SMALL_DRIVERS -DSMALL_C_LIB -DALT_SINGLE_THREADED    '-Os' -g -Wall  -mno-hw-div -mno-hw-mul -mno-hw-mulx -mgpopt=global   -o obj/drivers/src/altera_avalon_sysid_qsys.o drivers/src/altera_avalon_sysid_qsys.c
Compiling altera_avalon_timer_sc.c...
nios2-elf-gcc -xc -MP -MMD -c  -I./HAL/inc -I. -I./drivers/inc -pipe -D__hal__ -DALT_NO_C_PLUS_PLUS -DALT_NO_CLEAN_EXIT -D'exit(a)=_exit(a)' -DALT_NO_EXIT -DALT_USE_DIRECT_DRIVERS -DALT_NO_INSTRUCTION_EMULATION -DALT_USE_SMALL_DRIVERS -DSMALL_C_LIB -DALT_SINGLE_THREADED    '-Os' -g -Wall  -mno-hw-div -mno-hw-mul -mno-hw-mulx -mgpopt=global   -o obj/drivers/src/altera_avalon_timer_sc.o drivers/src/altera_avalon_timer_sc.c
Compiling altera_avalon_timer_ts.c...
nios2-elf-gcc -xc -MP -MMD -c  -I./HAL/inc -I. -I./drivers/inc -pipe -D__hal__ -DALT_NO_C_PLUS_PLUS -DALT_NO_CLEAN_EXIT -D'exit(a)=_exit(a)' -DALT_NO_EXIT -DALT_USE_DIRECT_DRIVERS -DALT_NO_INSTRUCTION_EMULATION -DALT_USE_SMALL_DRIVERS -DSMALL_C_LIB -DALT_SINGLE_THREADED    '-Os' -g -Wall  -mno-hw-div -mno-hw-mul -mno-hw-mulx -mgpopt=global   -o obj/drivers/src/altera_avalon_timer_ts.o drivers/src/altera_avalon_timer_ts.c
Compiling altera_avalon_timer_vars.c...
nios2-elf-gcc -xc -MP -MMD -c  -I./HAL/inc -I. -I./drivers/inc -pipe -D__hal__ -DALT_NO_C_PLUS_PLUS -DALT_NO_CLEAN_EXIT -D'exit(a)=_exit(a)' -DALT_NO_EXIT -DALT_USE_DIRECT_DRIVERS -DALT_NO_INSTRUCTION_EMULATION -DALT_USE_SMALL_DRIVERS -DSMALL_C_LIB -DALT_SINGLE_THREADED    '-Os' -g -Wall  -mno-hw-div -mno-hw-mul -mno-hw-mulx -mgpopt=global   -o obj/drivers/src/altera_avalon_timer_vars.o drivers/src/altera_avalon_timer_vars.c
Creating libhal_bsp.a...
rm -f -f libhal_bsp.a
nios2-elf-ar -src libhal_bsp.a obj/HAL/src/alt_alarm_start.o obj/HAL/src/alt_busy_sleep.o obj/HAL/src/alt_close.o obj/HAL/src/alt_dcache_flush.o obj/HAL/src/alt_dcache_flush_all.o obj/HAL/src/alt_dcache_flush_no_writeback.o obj/HAL/src/alt_dev.o obj/HAL/src/alt_dev_llist_insert.o obj/HAL/src/alt_dma_rxchan_open.o obj/HAL/src/alt_dma_txchan_open.o obj/HAL/src/alt_do_ctors.o obj/HAL/src/alt_do_dtors.o obj/HAL/src/alt_ecc_fatal_entry.o obj/HAL/src/alt_ecc_fatal_exception.o obj/HAL/src/alt_env_lock.o obj/HAL/src/alt_environ.o obj/HAL/src/alt_errno.o obj/HAL/src/alt_exception_entry.o obj/HAL/src/alt_exception_muldiv.o obj/HAL/src/alt_exception_trap.o obj/HAL/src/alt_execve.o obj/HAL/src/alt_exit.o obj/HAL/src/alt_fcntl.o obj/HAL/src/alt_fd_lock.o obj/HAL/src/alt_fd_unlock.o obj/HAL/src/alt_find_dev.o obj/HAL/src/alt_find_file.o obj/HAL/src/alt_flash_dev.o obj/HAL/src/alt_fork.o obj/HAL/src/alt_fs_reg.o obj/HAL/src/alt_fstat.o obj/HAL/src/alt_get_fd.o obj/HAL/src/alt_getchar.o obj/HAL/src/alt_getpid.o obj/HAL/src/alt_gettod.o obj/HAL/src/alt_gmon.o obj/HAL/src/alt_icache_flush.o obj/HAL/src/alt_icache_flush_all.o obj/HAL/src/alt_iic.o obj/HAL/src/alt_iic_isr_register.o obj/HAL/src/alt_instruction_exception_entry.o obj/HAL/src/alt_instruction_exception_register.o obj/HAL/src/alt_io_redirect.o obj/HAL/src/alt_ioctl.o obj/HAL/src/alt_irq_entry.o obj/HAL/src/alt_irq_handler.o obj/HAL/src/alt_irq_register.o obj/HAL/src/alt_irq_vars.o obj/HAL/src/alt_isatty.o obj/HAL/src/alt_kill.o obj/HAL/src/alt_link.o obj/HAL/src/alt_load.o obj/HAL/src/alt_log_macro.o obj/HAL/src/alt_log_printf.o obj/HAL/src/alt_lseek.o obj/HAL/src/alt_main.o obj/HAL/src/alt_malloc_lock.o obj/HAL/src/alt_mcount.o obj/HAL/src/alt_open.o obj/HAL/src/alt_printf.o obj/HAL/src/alt_putchar.o obj/HAL/src/alt_putcharbuf.o obj/HAL/src/alt_putstr.o obj/HAL/src/alt_read.o obj/HAL/src/alt_release_fd.o obj/HAL/src/alt_remap_cached.o obj/HAL/src/alt_remap_uncached.o obj/HAL/src/alt_rename.o obj/HAL/src/alt_sbrk.o obj/HAL/src/alt_settod.o obj/HAL/src/alt_software_exception.o obj/HAL/src/alt_stat.o obj/HAL/src/alt_tick.o obj/HAL/src/alt_times.o obj/HAL/src/alt_uncached_free.o obj/HAL/src/alt_uncached_malloc.o obj/HAL/src/alt_unlink.o obj/HAL/src/alt_usleep.o obj/HAL/src/alt_wait.o obj/HAL/src/alt_write.o obj/HAL/src/altera_nios2_gen2_irq.o obj/HAL/src/crt0.o obj/alt_sys_init.o obj/drivers/src/altera_avalon_jtag_uart_fd.o obj/drivers/src/altera_avalon_jtag_uart_init.o obj/drivers/src/altera_avalon_jtag_uart_ioctl.o obj/drivers/src/altera_avalon_jtag_uart_read.o obj/drivers/src/altera_avalon_jtag_uart_write.o obj/drivers/src/altera_avalon_sysid_qsys.o obj/drivers/src/altera_avalon_timer_sc.o obj/drivers/src/altera_avalon_timer_ts.o obj/drivers/src/altera_avalon_timer_vars.o
[BSP build complete]
Info: Compiling hello_world_small.c to obj/default/hello_world_small.o
nios2-elf-gcc -xc -MP -MMD -c -I../nios_soft_bsp//HAL/inc -I../nios_soft_bsp/ -I../nios_soft_bsp//drivers/inc  -pipe -D__hal__ -DALT_NO_C_PLUS_PLUS -DALT_NO_CLEAN_EXIT -D'exit(a)=_exit(a)' -DALT_NO_EXIT -DALT_USE_DIRECT_DRIVERS -DALT_NO_INSTRUCTION_EMULATION -DALT_USE_SMALL_DRIVERS -DSMALL_C_LIB -DALT_SINGLE_THREADED    -Os -g -Wall   -mno-hw-div -mno-hw-mul -mno-hw-mulx -mgpopt=global  -o obj/default/hello_world_small.o hello_world_small.c
Info: Linking nios_soft.elf
nios2-elf-g++  -T'../nios_soft_bsp//linker.x' -msys-crt0='../nios_soft_bsp//obj/HAL/src/crt0.o' -msys-lib=hal_bsp -L../nios_soft_bsp/  -msmallc  -Wl,-Map=nios_soft.map   -Os -g -Wall   -mno-hw-div -mno-hw-mul -mno-hw-mulx -mgpopt=global  -o nios_soft.elf obj/default/hello_world_small.o -lm -msys-lib=m
nios2-elf-insert nios_soft.elf --thread_model hal --cpu_name NIOS_cpu --qsys true --simulation_enabled false --id 2899645186 --sidp 0x10000 --timestamp 1780461083 --stderr_dev jtag_uart --stdin_dev jtag_uart --stdout_dev jtag_uart --sopc_system_name soc_system --quartus_project_dir "C:/fpga/DE1-SoC-MyPlayer-master" --jdi C:/fpga/DE1-SoC-MyPlayer-master/software/nios_soft_bsp/../../soc_system.jdi --sopcinfo C:/fpga/DE1-SoC-MyPlayer-master/software/nios_soft_bsp/../../soc_system.sopcinfo
Info: (nios_soft.elf) 2180 Bytes program size (code + initialized data).
Info:                 63 KBytes free for stack + heap.
Info: Creating nios_soft.objdump
nios2-elf-objdump --disassemble --syms --all-header --source nios_soft.elf >nios_soft.objdump
[nios_soft build complete]
23:38:46 **** Build of configuration Nios II for project nios_soft_bsp ****
make all 
[BSP build complete]
23:49:57 **** Incremental Build of configuration Nios II for project nios_soft ****
make all 
Info: Building ../nios_soft_bsp/
C:/intelFPGA_lite/18.1/nios2eds/bin/gnu/H-x86_64-mingw32/bin/make --no-print-directory -C ../nios_soft_bsp/
[BSP build complete]
Info: Compiling hello_world_small.c to obj/default/hello_world_small.o
nios2-elf-gcc -xc -MP -MMD -c -I../nios_soft_bsp//HAL/inc -I../nios_soft_bsp/ -I../nios_soft_bsp//drivers/inc  -pipe -D__hal__ -DALT_NO_C_PLUS_PLUS -DALT_NO_CLEAN_EXIT -D'exit(a)=_exit(a)' -DALT_NO_EXIT -DALT_USE_DIRECT_DRIVERS -DALT_NO_INSTRUCTION_EMULATION -DALT_USE_SMALL_DRIVERS -DSMALL_C_LIB -DALT_SINGLE_THREADED    -Os -g -Wall   -mno-hw-div -mno-hw-mul -mno-hw-mulx -mgpopt=global  -o obj/default/hello_world_small.o hello_world_small.c
Info: Linking nios_soft.elf
nios2-elf-g++  -T'../nios_soft_bsp//linker.x' -msys-crt0='../nios_soft_bsp//obj/HAL/src/crt0.o' -msys-lib=hal_bsp -L../nios_soft_bsp/  -msmallc  -Wl,-Map=nios_soft.map   -Os -g -Wall   -mno-hw-div -mno-hw-mul -mno-hw-mulx -mgpopt=global  -o nios_soft.elf obj/default/hello_world_small.o -lm -msys-lib=m
nios2-elf-insert nios_soft.elf --thread_model hal --cpu_name NIOS_cpu --qsys true --simulation_enabled false --id 2899645186 --sidp 0x10000 --timestamp 1780461083 --stderr_dev jtag_uart --stdin_dev jtag_uart --stdout_dev jtag_uart --sopc_system_name soc_system --quartus_project_dir "C:/fpga/DE1-SoC-MyPlayer-master" --jdi C:/fpga/DE1-SoC-MyPlayer-master/software/nios_soft_bsp/../../soc_system.jdi --sopcinfo C:/fpga/DE1-SoC-MyPlayer-master/software/nios_soft_bsp/../../soc_system.sopcinfo
Info: (nios_soft.elf) 2180 Bytes program size (code + initialized data).
Info:                 63 KBytes free for stack + heap.
Info: Creating nios_soft.objdump
nios2-elf-objdump --disassemble --syms --all-header --source nios_soft.elf >nios_soft.objdump
[nios_soft build complete]
23:52:52 **** Incremental Build of configuration Nios II for project nios_soft ****
make all 
Info: Building ../nios_soft_bsp/
C:/intelFPGA_lite/18.1/nios2eds/bin/gnu/H-x86_64-mingw32/bin/make --no-print-directory -C ../nios_soft_bsp/
[BSP build complete]
Info: Compiling hello_world_small.c to obj/default/hello_world_small.o
nios2-elf-gcc -xc -MP -MMD -c -I../nios_soft_bsp//HAL/inc -I../nios_soft_bsp/ -I../nios_soft_bsp//drivers/inc  -pipe -D__hal__ -DALT_NO_C_PLUS_PLUS -DALT_NO_CLEAN_EXIT -D'exit(a)=_exit(a)' -DALT_NO_EXIT -DALT_USE_DIRECT_DRIVERS -DALT_NO_INSTRUCTION_EMULATION -DALT_USE_SMALL_DRIVERS -DSMALL_C_LIB -DALT_SINGLE_THREADED    -Os -g -Wall   -mno-hw-div -mno-hw-mul -mno-hw-mulx -mgpopt=global  -o obj/default/hello_world_small.o hello_world_small.c
Info: Linking nios_soft.elf
nios2-elf-g++  -T'../nios_soft_bsp//linker.x' -msys-crt0='../nios_soft_bsp//obj/HAL/src/crt0.o' -msys-lib=hal_bsp -L../nios_soft_bsp/  -msmallc  -Wl,-Map=nios_soft.map   -Os -g -Wall   -mno-hw-div -mno-hw-mul -mno-hw-mulx -mgpopt=global  -o nios_soft.elf obj/default/hello_world_small.o -lm -msys-lib=m
nios2-elf-insert nios_soft.elf --thread_model hal --cpu_name NIOS_cpu --qsys true --simulation_enabled false --id 2899645186 --sidp 0x10000 --timestamp 1780461083 --stderr_dev jtag_uart --stdin_dev jtag_uart --stdout_dev jtag_uart --sopc_system_name soc_system --quartus_project_dir "C:/fpga/DE1-SoC-MyPlayer-master" --jdi C:/fpga/DE1-SoC-MyPlayer-master/software/nios_soft_bsp/../../soc_system.jdi --sopcinfo C:/fpga/DE1-SoC-MyPlayer-master/software/nios_soft_bsp/../../soc_system.sopcinfo
Info: (nios_soft.elf) 4820 Bytes program size (code + initialized data).
Info:                 63 KBytes free for stack + heap.
Info: Creating nios_soft.objdump
nios2-elf-objdump --disassemble --syms --all-header --source nios_soft.elf >nios_soft.objdump
[nios_soft build complete]
23:52:53 **** Incremental Build of configuration Nios II for project nios_soft_bsp ****
make all 
[BSP build complete]
23:53:21 **** Incremental Build of configuration Nios II for project nios_soft ****
make all 
Info: Building ../nios_soft_bsp/
C:/intelFPGA_lite/18.1/nios2eds/bin/gnu/H-x86_64-mingw32/bin/make --no-print-directory -C ../nios_soft_bsp/
[BSP build complete]
Info: Compiling hello_world_small.c to obj/default/hello_world_small.o
nios2-elf-gcc -xc -MP -MMD -c -I../nios_soft_bsp//HAL/inc -I../nios_soft_bsp/ -I../nios_soft_bsp//drivers/inc  -pipe -D__hal__ -DALT_NO_C_PLUS_PLUS -DALT_NO_CLEAN_EXIT -D'exit(a)=_exit(a)' -DALT_NO_EXIT -DALT_USE_DIRECT_DRIVERS -DALT_NO_INSTRUCTION_EMULATION -DALT_USE_SMALL_DRIVERS -DSMALL_C_LIB -DALT_SINGLE_THREADED    -Os -g -Wall   -mno-hw-div -mno-hw-mul -mno-hw-mulx -mgpopt=global  -o obj/default/hello_world_small.o hello_world_small.c
Info: Linking nios_soft.elf
nios2-elf-g++  -T'../nios_soft_bsp//linker.x' -msys-crt0='../nios_soft_bsp//obj/HAL/src/crt0.o' -msys-lib=hal_bsp -L../nios_soft_bsp/  -msmallc  -Wl,-Map=nios_soft.map   -Os -g -Wall   -mno-hw-div -mno-hw-mul -mno-hw-mulx -mgpopt=global  -o nios_soft.elf obj/default/hello_world_small.o -lm -msys-lib=m
nios2-elf-insert nios_soft.elf --thread_model hal --cpu_name NIOS_cpu --qsys true --simulation_enabled false --id 2899645186 --sidp 0x10000 --timestamp 1780461083 --stderr_dev jtag_uart --stdin_dev jtag_uart --stdout_dev jtag_uart --sopc_system_name soc_system --quartus_project_dir "C:/fpga/DE1-SoC-MyPlayer-master" --jdi C:/fpga/DE1-SoC-MyPlayer-master/software/nios_soft_bsp/../../soc_system.jdi --sopcinfo C:/fpga/DE1-SoC-MyPlayer-master/software/nios_soft_bsp/../../soc_system.sopcinfo
Info: (nios_soft.elf) 4820 Bytes program size (code + initialized data).
Info:                 63 KBytes free for stack + heap.
Info: Creating nios_soft.objdump
nios2-elf-objdump --disassemble --syms --all-header --source nios_soft.elf >nios_soft.objdump
[nios_soft build complete]
23:53:22 **** Incremental Build of configuration Nios II for project nios_soft_bsp ****
make all 
[BSP build complete]
23:53:51 **** Incremental Build of configuration Nios II for project nios_soft ****
make all 
Info: Building ../nios_soft_bsp/
C:/intelFPGA_lite/18.1/nios2eds/bin/gnu/H-x86_64-mingw32/bin/make --no-print-directory -C ../nios_soft_bsp/
[BSP build complete]
[nios_soft build complete]
23:55:56 **** Incremental Build of configuration Nios II for project nios_soft ****
make all 
Info: Building ../nios_soft_bsp/
C:/intelFPGA_lite/18.1/nios2eds/bin/gnu/H-x86_64-mingw32/bin/make --no-print-directory -C ../nios_soft_bsp/
[BSP build complete]
Info: Compiling hello_world_small.c to obj/default/hello_world_small.o
nios2-elf-gcc -xc -MP -MMD -c -I../nios_soft_bsp//HAL/inc -I../nios_soft_bsp/ -I../nios_soft_bsp//drivers/inc  -pipe -D__hal__ -DALT_NO_C_PLUS_PLUS -DALT_NO_CLEAN_EXIT -D'exit(a)=_exit(a)' -DALT_NO_EXIT -DALT_USE_DIRECT_DRIVERS -DALT_NO_INSTRUCTION_EMULATION -DALT_USE_SMALL_DRIVERS -DSMALL_C_LIB -DALT_SINGLE_THREADED    -Os -g -Wall   -mno-hw-div -mno-hw-mul -mno-hw-mulx -mgpopt=global  -o obj/default/hello_world_small.o hello_world_small.c
Info: Linking nios_soft.elf
nios2-elf-g++  -T'../nios_soft_bsp//linker.x' -msys-crt0='../nios_soft_bsp//obj/HAL/src/crt0.o' -msys-lib=hal_bsp -L../nios_soft_bsp/  -msmallc  -Wl,-Map=nios_soft.map   -Os -g -Wall   -mno-hw-div -mno-hw-mul -mno-hw-mulx -mgpopt=global  -o nios_soft.elf obj/default/hello_world_small.o -lm -msys-lib=m
nios2-elf-insert nios_soft.elf --thread_model hal --cpu_name NIOS_cpu --qsys true --simulation_enabled false --id 2899645186 --sidp 0x10000 --timestamp 1780461083 --stderr_dev jtag_uart --stdin_dev jtag_uart --stdout_dev jtag_uart --sopc_system_name soc_system --quartus_project_dir "C:/fpga/DE1-SoC-MyPlayer-master" --jdi C:/fpga/DE1-SoC-MyPlayer-master/software/nios_soft_bsp/../../soc_system.jdi --sopcinfo C:/fpga/DE1-SoC-MyPlayer-master/software/nios_soft_bsp/../../soc_system.sopcinfo
Info: (nios_soft.elf) 2072 Bytes program size (code + initialized data).
Info:                 63 KBytes free for stack + heap.
Info: Creating nios_soft.objdump
nios2-elf-objdump --disassemble --syms --all-header --source nios_soft.elf >nios_soft.objdump
[nios_soft build complete]
23:55:57 **** Incremental Build of configuration Nios II for project nios_soft_bsp ****
make all 
[BSP build complete]
23:56:05 **** Incremental Build of configuration Nios II for project nios_soft ****
make all 
Info: Building ../nios_soft_bsp/
C:/intelFPGA_lite/18.1/nios2eds/bin/gnu/H-x86_64-mingw32/bin/make --no-print-directory -C ../nios_soft_bsp/
[BSP build complete]
[nios_soft build complete]
00:12:04 **** Incremental Build of configuration Nios II for project nios_soft ****
make all 
Info: Building ../nios_soft_bsp/
C:/intelFPGA_lite/18.1/nios2eds/bin/gnu/H-x86_64-mingw32/bin/make --no-print-directory -C ../nios_soft_bsp/
[BSP build complete]
[nios_soft build complete]
00:38:41 **** Incremental Build of configuration Nios II for project nios_soft ****
make all 
Info: Building ../nios_soft_bsp/
C:/intelFPGA_lite/18.1/nios2eds/bin/gnu/H-x86_64-mingw32/bin/make --no-print-directory -C ../nios_soft_bsp/
[BSP build complete]
Info: Compiling audio_control.c to obj/default/audio_control.o
nios2-elf-gcc -xc -MP -MMD -c -I../nios_soft_bsp//HAL/inc -I../nios_soft_bsp/ -I../nios_soft_bsp//drivers/inc  -pipe -D__hal__ -DALT_NO_C_PLUS_PLUS -DALT_NO_CLEAN_EXIT -D'exit(a)=_exit(a)' -DALT_NO_EXIT -DALT_USE_DIRECT_DRIVERS -DALT_NO_INSTRUCTION_EMULATION -DALT_USE_SMALL_DRIVERS -DSMALL_C_LIB -DALT_SINGLE_THREADED    -Os -g -Wall   -mno-hw-div -mno-hw-mul -mno-hw-mulx -mgpopt=global  -o obj/default/audio_control.o audio_control.c
audio_control.c: In function 'oc_i2c_audio_init':
audio_control.c:162:12: warning: format '%lx' expects argument of type 'long unsigned int', but argument 2 has type 'int' [-Wformat=]
     printf("[NIOS] I2C prescaler LO = 0x%02lx\n",
            ^
audio_control.c:162:12: warning: format '%lx' expects argument of type 'long unsigned int', but argument 2 has type 'int' [-Wformat=]
audio_control.c:165:12: warning: format '%lx' expects argument of type 'long unsigned int', but argument 2 has type 'int' [-Wformat=]
     printf("[NIOS] I2C prescaler HI = 0x%02lx\n",
            ^
audio_control.c:165:12: warning: format '%lx' expects argument of type 'long unsigned int', but argument 2 has type 'int' [-Wformat=]
audio_control.c:168:12: warning: format '%lx' expects argument of type 'long unsigned int', but argument 2 has type 'int' [-Wformat=]
     printf("[NIOS] I2C control = 0x%02lx\n",
            ^
audio_control.c:168:12: warning: format '%lx' expects argument of type 'long unsigned int', but argument 2 has type 'int' [-Wformat=]
Info: Linking nios_soft.elf
nios2-elf-g++  -T'../nios_soft_bsp//linker.x' -msys-crt0='../nios_soft_bsp//obj/HAL/src/crt0.o' -msys-lib=hal_bsp -L../nios_soft_bsp/  -msmallc  -Wl,-Map=nios_soft.map   -Os -g -Wall   -mno-hw-div -mno-hw-mul -mno-hw-mulx -mgpopt=global  -o nios_soft.elf obj/default/audio_control.o obj/default/hello_world_small.o -lm -msys-lib=m
obj/default/hello_world_small.o: In function `main':
C:\fpga\DE1-SoC-MyPlayer-master\software\nios_soft/hello_world_small.c:16: multiple definition of `main'
obj/default/audio_control.o:C:\fpga\DE1-SoC-MyPlayer-master\software\nios_soft/audio_control.c:461: first defined here
c:/intelfpga_lite/18.1/nios2eds/bin/gnu/h-x86_64-mingw32/bin/../lib/gcc/nios2-elf/5.3.0/../../../../../H-x86_64-mingw32/nios2-elf/bin/ld.exe: Disabling relaxation: it will not work with multiple definitions
collect2.exe: error: ld returned 1 exit status
make: *** [nios_soft.elf] Error 1
00:38:42 **** Incremental Build of configuration Nios II for project nios_soft_bsp ****
make all 
[BSP build complete]
00:39:46 **** Incremental Build of configuration Nios II for project nios_soft ****
make all 
Info: Building ../nios_soft_bsp/
C:/intelFPGA_lite/18.1/nios2eds/bin/gnu/H-x86_64-mingw32/bin/make --no-print-directory -C ../nios_soft_bsp/
[BSP build complete]
Info: Compiling audio_control.c to obj/default/audio_control.o
nios2-elf-gcc -xc -MP -MMD -c -I../nios_soft_bsp//HAL/inc -I../nios_soft_bsp/ -I../nios_soft_bsp//drivers/inc  -pipe -D__hal__ -DALT_NO_C_PLUS_PLUS -DALT_NO_CLEAN_EXIT -D'exit(a)=_exit(a)' -DALT_NO_EXIT -DALT_USE_DIRECT_DRIVERS -DALT_NO_INSTRUCTION_EMULATION -DALT_USE_SMALL_DRIVERS -DSMALL_C_LIB -DALT_SINGLE_THREADED    -Os -g -Wall   -mno-hw-div -mno-hw-mul -mno-hw-mulx -mgpopt=global  -o obj/default/audio_control.o audio_control.c
Info: Compiling hello_world_small.c to obj/default/hello_world_small.o
nios2-elf-gcc -xc -MP -MMD -c -I../nios_soft_bsp//HAL/inc -I../nios_soft_bsp/ -I../nios_soft_bsp//drivers/inc  -pipe -D__hal__ -DALT_NO_C_PLUS_PLUS -DALT_NO_CLEAN_EXIT -D'exit(a)=_exit(a)' -DALT_NO_EXIT -DALT_USE_DIRECT_DRIVERS -DALT_NO_INSTRUCTION_EMULATION -DALT_USE_SMALL_DRIVERS -DSMALL_C_LIB -DALT_SINGLE_THREADED    -Os -g -Wall   -mno-hw-div -mno-hw-mul -mno-hw-mulx -mgpopt=global  -o obj/default/hello_world_small.o hello_world_small.c
hello_world_small.c: In function 'oc_i2c_audio_init':
hello_world_small.c:162:12: warning: format '%lx' expects argument of type 'long unsigned int', but argument 2 has type 'int' [-Wformat=]
     printf("[NIOS] I2C prescaler LO = 0x%02lx\n",
            ^
hello_world_small.c:162:12: warning: format '%lx' expects argument of type 'long unsigned int', but argument 2 has type 'int' [-Wformat=]
hello_world_small.c:165:12: warning: format '%lx' expects argument of type 'long unsigned int', but argument 2 has type 'int' [-Wformat=]
     printf("[NIOS] I2C prescaler HI = 0x%02lx\n",
            ^
hello_world_small.c:165:12: warning: format '%lx' expects argument of type 'long unsigned int', but argument 2 has type 'int' [-Wformat=]
hello_world_small.c:168:12: warning: format '%lx' expects argument of type 'long unsigned int', but argument 2 has type 'int' [-Wformat=]
     printf("[NIOS] I2C control = 0x%02lx\n",
            ^
hello_world_small.c:168:12: warning: format '%lx' expects argument of type 'long unsigned int', but argument 2 has type 'int' [-Wformat=]
Info: Linking nios_soft.elf
nios2-elf-g++  -T'../nios_soft_bsp//linker.x' -msys-crt0='../nios_soft_bsp//obj/HAL/src/crt0.o' -msys-lib=hal_bsp -L../nios_soft_bsp/  -msmallc  -Wl,-Map=nios_soft.map   -Os -g -Wall   -mno-hw-div -mno-hw-mul -mno-hw-mulx -mgpopt=global  -o nios_soft.elf obj/default/audio_control.o obj/default/hello_world_small.o -lm -msys-lib=m
nios2-elf-insert nios_soft.elf --thread_model hal --cpu_name NIOS_cpu --qsys true --simulation_enabled false --id 2899645186 --sidp 0x10000 --timestamp 1780461083 --stderr_dev jtag_uart --stdin_dev jtag_uart --stdout_dev jtag_uart --sopc_system_name soc_system --quartus_project_dir "C:/fpga/DE1-SoC-MyPlayer-master" --jdi C:/fpga/DE1-SoC-MyPlayer-master/software/nios_soft_bsp/../../soc_system.jdi --sopcinfo C:/fpga/DE1-SoC-MyPlayer-master/software/nios_soft_bsp/../../soc_system.sopcinfo
Info: (nios_soft.elf) 5512 Bytes program size (code + initialized data).
Info:                 63 KBytes free for stack + heap.
Info: Creating nios_soft.objdump
nios2-elf-objdump --disassemble --syms --all-header --source nios_soft.elf >nios_soft.objdump
[nios_soft build complete]
00:39:48 **** Incremental Build of configuration Nios II for project nios_soft_bsp ****
make all 
[BSP build complete]
00:43:19 **** Incremental Build of configuration Nios II for project nios_soft ****
make all 
Info: Building ../nios_soft_bsp/
C:/intelFPGA_lite/18.1/nios2eds/bin/gnu/H-x86_64-mingw32/bin/make --no-print-directory -C ../nios_soft_bsp/
[BSP build complete]
[nios_soft build complete]
01:13:52 **** Incremental Build of configuration Nios II for project nios_soft ****
make all 
Info: Building ../nios_soft_bsp/
C:/intelFPGA_lite/18.1/nios2eds/bin/gnu/H-x86_64-mingw32/bin/make --no-print-directory -C ../nios_soft_bsp/
[BSP build complete]
Info: Compiling audio_nios.c to obj/default/audio_nios.o
nios2-elf-gcc -xc -MP -MMD -c -I../nios_soft_bsp//HAL/inc -I../nios_soft_bsp/ -I../nios_soft_bsp//drivers/inc  -pipe -D__hal__ -DALT_NO_C_PLUS_PLUS -DALT_NO_CLEAN_EXIT -D'exit(a)=_exit(a)' -DALT_NO_EXIT -DALT_USE_DIRECT_DRIVERS -DALT_NO_INSTRUCTION_EMULATION -DALT_USE_SMALL_DRIVERS -DSMALL_C_LIB -DALT_SINGLE_THREADED    -Os -g -Wall   -mno-hw-div -mno-hw-mul -mno-hw-mulx -mgpopt=global  -o obj/default/audio_nios.o audio_nios.c
audio_nios.c: In function 'oc_i2c_audio_init':
audio_nios.c:76:12: warning: format '%lx' expects argument of type 'long unsigned int', but argument 2 has type 'int' [-Wformat=]
     printf("[NIOS] I2C prescaler LO = 0x%02lx\n",
            ^
audio_nios.c:76:12: warning: format '%lx' expects argument of type 'long unsigned int', but argument 2 has type 'int' [-Wformat=]
audio_nios.c:79:12: warning: format '%lx' expects argument of type 'long unsigned int', but argument 2 has type 'int' [-Wformat=]
     printf("[NIOS] I2C prescaler HI = 0x%02lx\n",
            ^
audio_nios.c:79:12: warning: format '%lx' expects argument of type 'long unsigned int', but argument 2 has type 'int' [-Wformat=]
audio_nios.c:82:12: warning: format '%lx' expects argument of type 'long unsigned int', but argument 2 has type 'int' [-Wformat=]
     printf("[NIOS] I2C control = 0x%02lx\n",
            ^
audio_nios.c:82:12: warning: format '%lx' expects argument of type 'long unsigned int', but argument 2 has type 'int' [-Wformat=]
Info: Compiling hello_world_small.c to obj/default/hello_world_small.o
nios2-elf-gcc -xc -MP -MMD -c -I../nios_soft_bsp//HAL/inc -I../nios_soft_bsp/ -I../nios_soft_bsp//drivers/inc  -pipe -D__hal__ -DALT_NO_C_PLUS_PLUS -DALT_NO_CLEAN_EXIT -D'exit(a)=_exit(a)' -DALT_NO_EXIT -DALT_USE_DIRECT_DRIVERS -DALT_NO_INSTRUCTION_EMULATION -DALT_USE_SMALL_DRIVERS -DSMALL_C_LIB -DALT_SINGLE_THREADED    -Os -g -Wall   -mno-hw-div -mno-hw-mul -mno-hw-mulx -mgpopt=global  -o obj/default/hello_world_small.o hello_world_small.c
Info: Compiling main.c to obj/default/main.o
nios2-elf-gcc -xc -MP -MMD -c -I../nios_soft_bsp//HAL/inc -I../nios_soft_bsp/ -I../nios_soft_bsp//drivers/inc  -pipe -D__hal__ -DALT_NO_C_PLUS_PLUS -DALT_NO_CLEAN_EXIT -D'exit(a)=_exit(a)' -DALT_NO_EXIT -DALT_USE_DIRECT_DRIVERS -DALT_NO_INSTRUCTION_EMULATION -DALT_USE_SMALL_DRIVERS -DSMALL_C_LIB -DALT_SINGLE_THREADED    -Os -g -Wall   -mno-hw-div -mno-hw-mul -mno-hw-mulx -mgpopt=global  -o obj/default/main.o main.c
Info: Linking nios_soft.elf
nios2-elf-g++  -T'../nios_soft_bsp//linker.x' -msys-crt0='../nios_soft_bsp//obj/HAL/src/crt0.o' -msys-lib=hal_bsp -L../nios_soft_bsp/  -msmallc  -Wl,-Map=nios_soft.map   -Os -g -Wall   -mno-hw-div -mno-hw-mul -mno-hw-mulx -mgpopt=global  -o nios_soft.elf obj/default/audio_nios.o obj/default/hello_world_small.o obj/default/main.o -lm -msys-lib=m
nios2-elf-insert nios_soft.elf --thread_model hal --cpu_name NIOS_cpu --qsys true --simulation_enabled false --id 2899645186 --sidp 0x10000 --timestamp 1780461083 --stderr_dev jtag_uart --stdin_dev jtag_uart --stdout_dev jtag_uart --sopc_system_name soc_system --quartus_project_dir "C:/fpga/DE1-SoC-MyPlayer-master" --jdi C:/fpga/DE1-SoC-MyPlayer-master/software/nios_soft_bsp/../../soc_system.jdi --sopcinfo C:/fpga/DE1-SoC-MyPlayer-master/software/nios_soft_bsp/../../soc_system.sopcinfo
Info: (nios_soft.elf) 6208 Bytes program size (code + initialized data).
Info:                 63 KBytes free for stack + heap.
Info: Creating nios_soft.objdump
nios2-elf-objdump --disassemble --syms --all-header --source nios_soft.elf >nios_soft.objdump
[nios_soft build complete]
01:13:53 **** Incremental Build of configuration Nios II for project nios_soft_bsp ****
make all 
[BSP build complete]
01:18:07 **** Incremental Build of configuration Nios II for project nios_soft ****
make all 
Info: Building ../nios_soft_bsp/
C:/intelFPGA_lite/18.1/nios2eds/bin/gnu/H-x86_64-mingw32/bin/make --no-print-directory -C ../nios_soft_bsp/
[BSP build complete]
[nios_soft build complete]
01:21:19 **** Incremental Build of configuration Nios II for project nios_soft ****
make all 
Info: Building ../nios_soft_bsp/
C:/intelFPGA_lite/18.1/nios2eds/bin/gnu/H-x86_64-mingw32/bin/make --no-print-directory -C ../nios_soft_bsp/
[BSP build complete]
[nios_soft build complete]
01:21:19 **** Incremental Build of configuration Nios II for project nios_soft_bsp ****
make all 
[BSP build complete]
01:21:27 **** Incremental Build of configuration Nios II for project nios_soft ****
make all 
Info: Building ../nios_soft_bsp/
C:/intelFPGA_lite/18.1/nios2eds/bin/gnu/H-x86_64-mingw32/bin/make --no-print-directory -C ../nios_soft_bsp/
[BSP build complete]
[nios_soft build complete]
01:30:45 **** Incremental Build of configuration Nios II for project nios_soft ****
make all 
Info: Building ../nios_soft_bsp/
C:/intelFPGA_lite/18.1/nios2eds/bin/gnu/H-x86_64-mingw32/bin/make --no-print-directory -C ../nios_soft_bsp/
[BSP build complete]
Info: Compiling audio_nios.c to obj/default/audio_nios.o
nios2-elf-gcc -xc -MP -MMD -c -I../nios_soft_bsp//HAL/inc -I../nios_soft_bsp/ -I../nios_soft_bsp//drivers/inc  -pipe -D__hal__ -DALT_NO_C_PLUS_PLUS -DALT_NO_CLEAN_EXIT -D'exit(a)=_exit(a)' -DALT_NO_EXIT -DALT_USE_DIRECT_DRIVERS -DALT_NO_INSTRUCTION_EMULATION -DALT_USE_SMALL_DRIVERS -DSMALL_C_LIB -DALT_SINGLE_THREADED    -Os -g -Wall   -mno-hw-div -mno-hw-mul -mno-hw-mulx -mgpopt=global  -o obj/default/audio_nios.o audio_nios.c
audio_nios.c: In function 'oc_i2c_audio_init':
audio_nios.c:76:12: warning: format '%lx' expects argument of type 'long unsigned int', but argument 2 has type 'int' [-Wformat=]
     printf("[NIOS] I2C prescaler LO = 0x%02lx\n",
            ^
audio_nios.c:76:12: warning: format '%lx' expects argument of type 'long unsigned int', but argument 2 has type 'int' [-Wformat=]
audio_nios.c:79:12: warning: format '%lx' expects argument of type 'long unsigned int', but argument 2 has type 'int' [-Wformat=]
     printf("[NIOS] I2C prescaler HI = 0x%02lx\n",
            ^
audio_nios.c:79:12: warning: format '%lx' expects argument of type 'long unsigned int', but argument 2 has type 'int' [-Wformat=]
audio_nios.c:82:12: warning: format '%lx' expects argument of type 'long unsigned int', but argument 2 has type 'int' [-Wformat=]
     printf("[NIOS] I2C control = 0x%02lx\n",
            ^
audio_nios.c:82:12: warning: format '%lx' expects argument of type 'long unsigned int', but argument 2 has type 'int' [-Wformat=]
Info: Compiling main.c to obj/default/main.o
nios2-elf-gcc -xc -MP -MMD -c -I../nios_soft_bsp//HAL/inc -I../nios_soft_bsp/ -I../nios_soft_bsp//drivers/inc  -pipe -D__hal__ -DALT_NO_C_PLUS_PLUS -DALT_NO_CLEAN_EXIT -D'exit(a)=_exit(a)' -DALT_NO_EXIT -DALT_USE_DIRECT_DRIVERS -DALT_NO_INSTRUCTION_EMULATION -DALT_USE_SMALL_DRIVERS -DSMALL_C_LIB -DALT_SINGLE_THREADED    -Os -g -Wall   -mno-hw-div -mno-hw-mul -mno-hw-mulx -mgpopt=global  -o obj/default/main.o main.c
main.c:50:13: warning: 'wait_until_fifo_ready_and_write' defined but not used [-Wunused-function]
 static void wait_until_fifo_ready_and_write(uint32_t pcm_word) {
             ^
Info: Linking nios_soft.elf
nios2-elf-g++  -T'../nios_soft_bsp//linker.x' -msys-crt0='../nios_soft_bsp//obj/HAL/src/crt0.o' -msys-lib=hal_bsp -L../nios_soft_bsp/  -msmallc  -Wl,-Map=nios_soft.map   -Os -g -Wall   -mno-hw-div -mno-hw-mul -mno-hw-mulx -mgpopt=global  -o nios_soft.elf obj/default/audio_nios.o obj/default/hello_world_small.o obj/default/main.o -lm -msys-lib=m
nios2-elf-insert nios_soft.elf --thread_model hal --cpu_name NIOS_cpu --qsys true --simulation_enabled false --id 2899645186 --sidp 0x10000 --timestamp 1780461083 --stderr_dev jtag_uart --stdin_dev jtag_uart --stdout_dev jtag_uart --sopc_system_name soc_system --quartus_project_dir "C:/fpga/DE1-SoC-MyPlayer-master" --jdi C:/fpga/DE1-SoC-MyPlayer-master/software/nios_soft_bsp/../../soc_system.jdi --sopcinfo C:/fpga/DE1-SoC-MyPlayer-master/software/nios_soft_bsp/../../soc_system.sopcinfo
Info: (nios_soft.elf) 6208 Bytes program size (code + initialized data).
Info:                 63 KBytes free for stack + heap.
Info: Creating nios_soft.objdump
nios2-elf-objdump --disassemble --syms --all-header --source nios_soft.elf >nios_soft.objdump
[nios_soft build complete]
01:30:46 **** Incremental Build of configuration Nios II for project nios_soft_bsp ****
make all 
[BSP build complete]
01:33:14 **** Incremental Build of configuration Nios II for project nios_soft ****
make all 
Info: Building ../nios_soft_bsp/
C:/intelFPGA_lite/18.1/nios2eds/bin/gnu/H-x86_64-mingw32/bin/make --no-print-directory -C ../nios_soft_bsp/
[BSP build complete]
[nios_soft build complete]
01:35:21 **** Incremental Build of configuration Nios II for project nios_soft ****
make all 
Info: Building ../nios_soft_bsp/
C:/intelFPGA_lite/18.1/nios2eds/bin/gnu/H-x86_64-mingw32/bin/make --no-print-directory -C ../nios_soft_bsp/
[BSP build complete]
[nios_soft build complete]
01:36:34 **** Incremental Build of configuration Nios II for project nios_soft ****
make all 
Info: Building ../nios_soft_bsp/
C:/intelFPGA_lite/18.1/nios2eds/bin/gnu/H-x86_64-mingw32/bin/make --no-print-directory -C ../nios_soft_bsp/
[BSP build complete]
[nios_soft build complete]
09:03:43 **** Incremental Build of configuration Nios II for project nios_soft ****
make all 
Info: Building ../nios_soft_bsp/
C:/intelFPGA_lite/18.1/nios2eds/bin/gnu/H-x86_64-mingw32/bin/make --no-print-directory -C ../nios_soft_bsp/
[BSP build complete]
[nios_soft build complete]
09:23:36 **** Incremental Build of configuration Nios II for project nios_soft ****
make all 
Info: Building ../nios_soft_bsp/
C:/intelFPGA_lite/18.1/nios2eds/bin/gnu/H-x86_64-mingw32/bin/make --no-print-directory -C ../nios_soft_bsp/
[BSP build complete]
Info: Compiling main.c to obj/default/main.o
nios2-elf-gcc -xc -MP -MMD -c -I../nios_soft_bsp//HAL/inc -I../nios_soft_bsp/ -I../nios_soft_bsp//drivers/inc  -pipe -D__hal__ -DALT_NO_C_PLUS_PLUS -DALT_NO_CLEAN_EXIT -D'exit(a)=_exit(a)' -DALT_NO_EXIT -DALT_USE_DIRECT_DRIVERS -DALT_NO_INSTRUCTION_EMULATION -DALT_USE_SMALL_DRIVERS -DSMALL_C_LIB -DALT_SINGLE_THREADED    -Os -g -Wall   -mno-hw-div -mno-hw-mul -mno-hw-mulx -mgpopt=global  -o obj/default/main.o main.c
main.c:50:13: warning: 'wait_until_fifo_ready_and_write' defined but not used [-Wunused-function]
 static void wait_until_fifo_ready_and_write(uint32_t pcm_word) {
             ^
Info: Linking nios_soft.elf
nios2-elf-g++  -T'../nios_soft_bsp//linker.x' -msys-crt0='../nios_soft_bsp//obj/HAL/src/crt0.o' -msys-lib=hal_bsp -L../nios_soft_bsp/  -msmallc  -Wl,-Map=nios_soft.map   -Os -g -Wall   -mno-hw-div -mno-hw-mul -mno-hw-mulx -mgpopt=global  -o nios_soft.elf obj/default/audio_nios.o obj/default/hello_world_small.o obj/default/main.o -lm -msys-lib=m
nios2-elf-insert nios_soft.elf --thread_model hal --cpu_name NIOS_cpu --qsys true --simulation_enabled false --id 2899645186 --sidp 0x10000 --timestamp 1780461083 --stderr_dev jtag_uart --stdin_dev jtag_uart --stdout_dev jtag_uart --sopc_system_name soc_system --quartus_project_dir "C:/fpga/DE1-SoC-MyPlayer-master" --jdi C:/fpga/DE1-SoC-MyPlayer-master/software/nios_soft_bsp/../../soc_system.jdi --sopcinfo C:/fpga/DE1-SoC-MyPlayer-master/software/nios_soft_bsp/../../soc_system.sopcinfo
Info: (nios_soft.elf) 6208 Bytes program size (code + initialized data).
Info:                 63 KBytes free for stack + heap.
Info: Creating nios_soft.objdump
nios2-elf-objdump --disassemble --syms --all-header --source nios_soft.elf >nios_soft.objdump
[nios_soft build complete]
09:23:37 **** Incremental Build of configuration Nios II for project nios_soft_bsp ****
make all 
[BSP build complete]
09:26:16 **** Incremental Build of configuration Nios II for project nios_soft ****
make all 
Info: Building ../nios_soft_bsp/
C:/intelFPGA_lite/18.1/nios2eds/bin/gnu/H-x86_64-mingw32/bin/make --no-print-directory -C ../nios_soft_bsp/
[BSP build complete]
[nios_soft build complete]
09:40:24 **** Incremental Build of configuration Nios II for project nios_soft ****
make all 
Info: Building ../nios_soft_bsp/
C:/intelFPGA_lite/18.1/nios2eds/bin/gnu/H-x86_64-mingw32/bin/make --no-print-directory -C ../nios_soft_bsp/
[BSP build complete]
[nios_soft build complete]
09:42:20 **** Incremental Build of configuration Nios II for project nios_soft ****
make all 
Info: Building ../nios_soft_bsp/
C:/intelFPGA_lite/18.1/nios2eds/bin/gnu/H-x86_64-mingw32/bin/make --no-print-directory -C ../nios_soft_bsp/
[BSP build complete]
[nios_soft build complete]
09:45:05 **** Incremental Build of configuration Nios II for project nios_soft ****
make all 
Info: Building ../nios_soft_bsp/
C:/intelFPGA_lite/18.1/nios2eds/bin/gnu/H-x86_64-mingw32/bin/make --no-print-directory -C ../nios_soft_bsp/
[BSP build complete]
[nios_soft build complete]
09:47:09 **** Incremental Build of configuration Nios II for project nios_soft ****
make all 
Info: Building ../nios_soft_bsp/
C:/intelFPGA_lite/18.1/nios2eds/bin/gnu/H-x86_64-mingw32/bin/make --no-print-directory -C ../nios_soft_bsp/
[BSP build complete]
[nios_soft build complete]
09:48:07 **** Incremental Build of configuration Nios II for project nios_soft ****
make all 
Info: Building ../nios_soft_bsp/
C:/intelFPGA_lite/18.1/nios2eds/bin/gnu/H-x86_64-mingw32/bin/make --no-print-directory -C ../nios_soft_bsp/
[BSP build complete]
[nios_soft build complete]
09:48:08 **** Incremental Build of configuration Nios II for project nios_soft_bsp ****
make all 
[BSP build complete]
09:48:36 **** Incremental Build of configuration Nios II for project nios_soft ****
make all 
Info: Building ../nios_soft_bsp/
C:/intelFPGA_lite/18.1/nios2eds/bin/gnu/H-x86_64-mingw32/bin/make --no-print-directory -C ../nios_soft_bsp/
[BSP build complete]
[nios_soft build complete]
09:54:28 **** Incremental Build of configuration Nios II for project nios_soft ****
make all 
Info: Building ../nios_soft_bsp/
C:/intelFPGA_lite/18.1/nios2eds/bin/gnu/H-x86_64-mingw32/bin/make --no-print-directory -C ../nios_soft_bsp/
[BSP build complete]
[nios_soft build complete]
09:57:38 **** Incremental Build of configuration Nios II for project nios_soft ****
make all 
Info: Building ../nios_soft_bsp/
C:/intelFPGA_lite/18.1/nios2eds/bin/gnu/H-x86_64-mingw32/bin/make --no-print-directory -C ../nios_soft_bsp/
[BSP build complete]
[nios_soft build complete]
09:59:22 **** Incremental Build of configuration Nios II for project nios_soft ****
make all 
Info: Building ../nios_soft_bsp/
C:/intelFPGA_lite/18.1/nios2eds/bin/gnu/H-x86_64-mingw32/bin/make --no-print-directory -C ../nios_soft_bsp/
[BSP build complete]
[nios_soft build complete]
10:04:27 **** Incremental Build of configuration Nios II for project nios_soft ****
make all 
Info: Building ../nios_soft_bsp/
C:/intelFPGA_lite/18.1/nios2eds/bin/gnu/H-x86_64-mingw32/bin/make --no-print-directory -C ../nios_soft_bsp/
[BSP build complete]
[nios_soft build complete]
10:04:27 **** Incremental Build of configuration Nios II for project nios_soft_bsp ****
make all 
[BSP build complete]
10:04:37 **** Incremental Build of configuration Nios II for project nios_soft ****
make all 
Info: Building ../nios_soft_bsp/
C:/intelFPGA_lite/18.1/nios2eds/bin/gnu/H-x86_64-mingw32/bin/make --no-print-directory -C ../nios_soft_bsp/
[BSP build complete]
[nios_soft build complete]
10:05:13 **** Incremental Build of configuration Nios II for project nios_soft ****
make all 
Info: Building ../nios_soft_bsp/
C:/intelFPGA_lite/18.1/nios2eds/bin/gnu/H-x86_64-mingw32/bin/make --no-print-directory -C ../nios_soft_bsp/
[BSP build complete]
[nios_soft build complete]
10:05:14 **** Incremental Build of configuration Nios II for project nios_soft_bsp ****
make all 
[BSP build complete]
10:05:20 **** Incremental Build of configuration Nios II for project nios_soft ****
make all 
Info: Building ../nios_soft_bsp/
C:/intelFPGA_lite/18.1/nios2eds/bin/gnu/H-x86_64-mingw32/bin/make --no-print-directory -C ../nios_soft_bsp/
[BSP build complete]
[nios_soft build complete]
10:06:01 **** Incremental Build of configuration Nios II for project nios_soft ****
make all 
Info: Building ../nios_soft_bsp/
C:/intelFPGA_lite/18.1/nios2eds/bin/gnu/H-x86_64-mingw32/bin/make --no-print-directory -C ../nios_soft_bsp/
[BSP build complete]
[nios_soft build complete]
10:06:01 **** Incremental Build of configuration Nios II for project nios_soft_bsp ****
make all 
[BSP build complete]
10:06:08 **** Incremental Build of configuration Nios II for project nios_soft ****
make all 
Info: Building ../nios_soft_bsp/
C:/intelFPGA_lite/18.1/nios2eds/bin/gnu/H-x86_64-mingw32/bin/make --no-print-directory -C ../nios_soft_bsp/
[BSP build complete]
[nios_soft build complete]
10:06:41 **** Incremental Build of configuration Nios II for project nios_soft ****
make all 
Info: Building ../nios_soft_bsp/
C:/intelFPGA_lite/18.1/nios2eds/bin/gnu/H-x86_64-mingw32/bin/make --no-print-directory -C ../nios_soft_bsp/
[BSP build complete]
[nios_soft build complete]
10:06:41 **** Incremental Build of configuration Nios II for project nios_soft_bsp ****
make all 
[BSP build complete]
10:06:51 **** Incremental Build of configuration Nios II for project nios_soft ****
make all 
Info: Building ../nios_soft_bsp/
C:/intelFPGA_lite/18.1/nios2eds/bin/gnu/H-x86_64-mingw32/bin/make --no-print-directory -C ../nios_soft_bsp/
[BSP build complete]
[nios_soft build complete]
10:07:43 **** Incremental Build of configuration Nios II for project nios_soft ****
make all 
Info: Building ../nios_soft_bsp/
C:/intelFPGA_lite/18.1/nios2eds/bin/gnu/H-x86_64-mingw32/bin/make --no-print-directory -C ../nios_soft_bsp/
[BSP build complete]
[nios_soft build complete]
10:07:44 **** Incremental Build of configuration Nios II for project nios_soft_bsp ****
make all 
[BSP build complete]
10:07:52 **** Incremental Build of configuration Nios II for project nios_soft ****
make all 
Info: Building ../nios_soft_bsp/
C:/intelFPGA_lite/18.1/nios2eds/bin/gnu/H-x86_64-mingw32/bin/make --no-print-directory -C ../nios_soft_bsp/
[BSP build complete]
[nios_soft build complete]
10:22:23 **** Incremental Build of configuration Nios II for project nios_soft ****
make all 
Info: Building ../nios_soft_bsp/
C:/intelFPGA_lite/18.1/nios2eds/bin/gnu/H-x86_64-mingw32/bin/make --no-print-directory -C ../nios_soft_bsp/
[BSP build complete]
Info: Compiling audio_nios.c to obj/default/audio_nios.o
nios2-elf-gcc -xc -MP -MMD -c -I../nios_soft_bsp//HAL/inc -I../nios_soft_bsp/ -I../nios_soft_bsp//drivers/inc  -pipe -D__hal__ -DALT_NO_C_PLUS_PLUS -DALT_NO_CLEAN_EXIT -D'exit(a)=_exit(a)' -DALT_NO_EXIT -DALT_USE_DIRECT_DRIVERS -DALT_NO_INSTRUCTION_EMULATION -DALT_USE_SMALL_DRIVERS -DSMALL_C_LIB -DALT_SINGLE_THREADED    -Os -g -Wall   -mno-hw-div -mno-hw-mul -mno-hw-mulx -mgpopt=global  -o obj/default/audio_nios.o audio_nios.c
audio_nios.c: In function 'oc_i2c_audio_init':
audio_nios.c:97:12: warning: format '%lx' expects argument of type 'long unsigned int', but argument 2 has type 'int' [-Wformat=]
     printf("[NIOS] I2C prescaler LO = 0x%02lx\n",
            ^
audio_nios.c:97:12: warning: format '%lx' expects argument of type 'long unsigned int', but argument 2 has type 'int' [-Wformat=]
audio_nios.c:100:12: warning: format '%lx' expects argument of type 'long unsigned int', but argument 2 has type 'int' [-Wformat=]
     printf("[NIOS] I2C prescaler HI = 0x%02lx\n",
            ^
audio_nios.c:100:12: warning: format '%lx' expects argument of type 'long unsigned int', but argument 2 has type 'int' [-Wformat=]
audio_nios.c:103:12: warning: format '%lx' expects argument of type 'long unsigned int', but argument 2 has type 'int' [-Wformat=]
     printf("[NIOS] I2C control = 0x%02lx\n",
            ^
audio_nios.c:103:12: warning: format '%lx' expects argument of type 'long unsigned int', but argument 2 has type 'int' [-Wformat=]
Info: Compiling main.c to obj/default/main.o
nios2-elf-gcc -xc -MP -MMD -c -I../nios_soft_bsp//HAL/inc -I../nios_soft_bsp/ -I../nios_soft_bsp//drivers/inc  -pipe -D__hal__ -DALT_NO_C_PLUS_PLUS -DALT_NO_CLEAN_EXIT -D'exit(a)=_exit(a)' -DALT_NO_EXIT -DALT_USE_DIRECT_DRIVERS -DALT_NO_INSTRUCTION_EMULATION -DALT_USE_SMALL_DRIVERS -DSMALL_C_LIB -DALT_SINGLE_THREADED    -Os -g -Wall   -mno-hw-div -mno-hw-mul -mno-hw-mulx -mgpopt=global  -o obj/default/main.o main.c
Info: Linking nios_soft.elf
nios2-elf-g++  -T'../nios_soft_bsp//linker.x' -msys-crt0='../nios_soft_bsp//obj/HAL/src/crt0.o' -msys-lib=hal_bsp -L../nios_soft_bsp/  -msmallc  -Wl,-Map=nios_soft.map   -Os -g -Wall   -mno-hw-div -mno-hw-mul -mno-hw-mulx -mgpopt=global  -o nios_soft.elf obj/default/audio_nios.o obj/default/hello_world_small.o obj/default/main.o -lm -msys-lib=m
nios2-elf-insert nios_soft.elf --thread_model hal --cpu_name NIOS_cpu --qsys true --simulation_enabled false --id 2899645186 --sidp 0x10000 --timestamp 1780461083 --stderr_dev jtag_uart --stdin_dev jtag_uart --stdout_dev jtag_uart --sopc_system_name soc_system --quartus_project_dir "C:/fpga/DE1-SoC-MyPlayer-master" --jdi C:/fpga/DE1-SoC-MyPlayer-master/software/nios_soft_bsp/../../soc_system.jdi --sopcinfo C:/fpga/DE1-SoC-MyPlayer-master/software/nios_soft_bsp/../../soc_system.sopcinfo
Info: (nios_soft.elf) 6944 Bytes program size (code + initialized data).
Info:                 62 KBytes free for stack + heap.
Info: Creating nios_soft.objdump
nios2-elf-objdump --disassemble --syms --all-header --source nios_soft.elf >nios_soft.objdump
[nios_soft build complete]
10:22:24 **** Incremental Build of configuration Nios II for project nios_soft_bsp ****
make all 
[BSP build complete]
10:22:48 **** Incremental Build of configuration Nios II for project nios_soft ****
make all 
Info: Building ../nios_soft_bsp/
C:/intelFPGA_lite/18.1/nios2eds/bin/gnu/H-x86_64-mingw32/bin/make --no-print-directory -C ../nios_soft_bsp/
[BSP build complete]
[nios_soft build complete]
10:22:49 **** Incremental Build of configuration Nios II for project nios_soft_bsp ****
make all 
[BSP build complete]
10:22:59 **** Incremental Build of configuration Nios II for project nios_soft ****
make all 
Info: Building ../nios_soft_bsp/
C:/intelFPGA_lite/18.1/nios2eds/bin/gnu/H-x86_64-mingw32/bin/make --no-print-directory -C ../nios_soft_bsp/
[BSP build complete]
[nios_soft build complete]
10:32:12 **** Incremental Build of configuration Nios II for project nios_soft ****
make all 
Info: Building ../nios_soft_bsp/
C:/intelFPGA_lite/18.1/nios2eds/bin/gnu/H-x86_64-mingw32/bin/make --no-print-directory -C ../nios_soft_bsp/
[BSP build complete]
[nios_soft build complete]
10:48:53 **** Incremental Build of configuration Nios II for project nios_soft ****
make all 
Info: Building ../nios_soft_bsp/
C:/intelFPGA_lite/18.1/nios2eds/bin/gnu/H-x86_64-mingw32/bin/make --no-print-directory -C ../nios_soft_bsp/
[BSP build complete]
Info: Compiling audio_nios.c to obj/default/audio_nios.o
nios2-elf-gcc -xc -MP -MMD -c -I../nios_soft_bsp//HAL/inc -I../nios_soft_bsp/ -I../nios_soft_bsp//drivers/inc  -pipe -D__hal__ -DALT_NO_C_PLUS_PLUS -DALT_NO_CLEAN_EXIT -D'exit(a)=_exit(a)' -DALT_NO_EXIT -DALT_USE_DIRECT_DRIVERS -DALT_NO_INSTRUCTION_EMULATION -DALT_USE_SMALL_DRIVERS -DSMALL_C_LIB -DALT_SINGLE_THREADED    -Os -g -Wall   -mno-hw-div -mno-hw-mul -mno-hw-mulx -mgpopt=global  -o obj/default/audio_nios.o audio_nios.c
audio_nios.c: In function 'oc_i2c_audio_init':
audio_nios.c:86:12: warning: format '%lx' expects argument of type 'long unsigned int', but argument 2 has type 'int' [-Wformat=]
     printf("[NIOS] I2C prescaler LO = 0x%02lx\n",
            ^
audio_nios.c:86:12: warning: format '%lx' expects argument of type 'long unsigned int', but argument 2 has type 'int' [-Wformat=]
audio_nios.c:89:12: warning: format '%lx' expects argument of type 'long unsigned int', but argument 2 has type 'int' [-Wformat=]
     printf("[NIOS] I2C prescaler HI = 0x%02lx\n",
            ^
audio_nios.c:89:12: warning: format '%lx' expects argument of type 'long unsigned int', but argument 2 has type 'int' [-Wformat=]
audio_nios.c:92:12: warning: format '%lx' expects argument of type 'long unsigned int', but argument 2 has type 'int' [-Wformat=]
     printf("[NIOS] I2C control = 0x%02lx\n",
            ^
audio_nios.c:92:12: warning: format '%lx' expects argument of type 'long unsigned int', but argument 2 has type 'int' [-Wformat=]
Info: Compiling main.c to obj/default/main.o
nios2-elf-gcc -xc -MP -MMD -c -I../nios_soft_bsp//HAL/inc -I../nios_soft_bsp/ -I../nios_soft_bsp//drivers/inc  -pipe -D__hal__ -DALT_NO_C_PLUS_PLUS -DALT_NO_CLEAN_EXIT -D'exit(a)=_exit(a)' -DALT_NO_EXIT -DALT_USE_DIRECT_DRIVERS -DALT_NO_INSTRUCTION_EMULATION -DALT_USE_SMALL_DRIVERS -DSMALL_C_LIB -DALT_SINGLE_THREADED    -Os -g -Wall   -mno-hw-div -mno-hw-mul -mno-hw-mulx -mgpopt=global  -o obj/default/main.o main.c
Info: Linking nios_soft.elf
nios2-elf-g++  -T'../nios_soft_bsp//linker.x' -msys-crt0='../nios_soft_bsp//obj/HAL/src/crt0.o' -msys-lib=hal_bsp -L../nios_soft_bsp/  -msmallc  -Wl,-Map=nios_soft.map   -Os -g -Wall   -mno-hw-div -mno-hw-mul -mno-hw-mulx -mgpopt=global  -o nios_soft.elf obj/default/audio_nios.o obj/default/hello_world_small.o obj/default/main.o -lm -msys-lib=m
nios2-elf-insert nios_soft.elf --thread_model hal --cpu_name NIOS_cpu --qsys true --simulation_enabled false --id 2899645186 --sidp 0x10000 --timestamp 1780461083 --stderr_dev jtag_uart --stdin_dev jtag_uart --stdout_dev jtag_uart --sopc_system_name soc_system --quartus_project_dir "C:/fpga/DE1-SoC-MyPlayer-master" --jdi C:/fpga/DE1-SoC-MyPlayer-master/software/nios_soft_bsp/../../soc_system.jdi --sopcinfo C:/fpga/DE1-SoC-MyPlayer-master/software/nios_soft_bsp/../../soc_system.sopcinfo
Info: (nios_soft.elf) 7440 Bytes program size (code + initialized data).
Info:                 62 KBytes free for stack + heap.
Info: Creating nios_soft.objdump
nios2-elf-objdump --disassemble --syms --all-header --source nios_soft.elf >nios_soft.objdump
[nios_soft build complete]
10:48:54 **** Incremental Build of configuration Nios II for project nios_soft_bsp ****
make all 
[BSP build complete]
10:50:20 **** Incremental Build of configuration Nios II for project nios_soft ****
make all 
Info: Building ../nios_soft_bsp/
C:/intelFPGA_lite/18.1/nios2eds/bin/gnu/H-x86_64-mingw32/bin/make --no-print-directory -C ../nios_soft_bsp/
[BSP build complete]
[nios_soft build complete]
10:50:21 **** Incremental Build of configuration Nios II for project nios_soft_bsp ****
make all 
[BSP build complete]
10:52:23 **** Incremental Build of configuration Nios II for project nios_soft ****
make all 
Info: Building ../nios_soft_bsp/
C:/intelFPGA_lite/18.1/nios2eds/bin/gnu/H-x86_64-mingw32/bin/make --no-print-directory -C ../nios_soft_bsp/
[BSP build complete]
[nios_soft build complete]
10:52:24 **** Incremental Build of configuration Nios II for project nios_soft_bsp ****
make all 
[BSP build complete]
10:52:31 **** Incremental Build of configuration Nios II for project nios_soft ****
make all 
Info: Building ../nios_soft_bsp/
C:/intelFPGA_lite/18.1/nios2eds/bin/gnu/H-x86_64-mingw32/bin/make --no-print-directory -C ../nios_soft_bsp/
[BSP build complete]
[nios_soft build complete]
10:55:49 **** Incremental Build of configuration Nios II for project nios_soft ****
make all 
Info: Building ../nios_soft_bsp/
C:/intelFPGA_lite/18.1/nios2eds/bin/gnu/H-x86_64-mingw32/bin/make --no-print-directory -C ../nios_soft_bsp/
[BSP build complete]
[nios_soft build complete]
10:57:48 **** Incremental Build of configuration Nios II for project nios_soft ****
make all 
Info: Building ../nios_soft_bsp/
C:/intelFPGA_lite/18.1/nios2eds/bin/gnu/H-x86_64-mingw32/bin/make --no-print-directory -C ../nios_soft_bsp/
[BSP build complete]
Info: Compiling audio_nios.c to obj/default/audio_nios.o
nios2-elf-gcc -xc -MP -MMD -c -I../nios_soft_bsp//HAL/inc -I../nios_soft_bsp/ -I../nios_soft_bsp//drivers/inc  -pipe -D__hal__ -DALT_NO_C_PLUS_PLUS -DALT_NO_CLEAN_EXIT -D'exit(a)=_exit(a)' -DALT_NO_EXIT -DALT_USE_DIRECT_DRIVERS -DALT_NO_INSTRUCTION_EMULATION -DALT_USE_SMALL_DRIVERS -DSMALL_C_LIB -DALT_SINGLE_THREADED    -Os -g -Wall   -mno-hw-div -mno-hw-mul -mno-hw-mulx -mgpopt=global  -o obj/default/audio_nios.o audio_nios.c
audio_nios.c: In function 'oc_i2c_audio_init':
audio_nios.c:86:12: warning: format '%lx' expects argument of type 'long unsigned int', but argument 2 has type 'int' [-Wformat=]
     printf("[NIOS] I2C prescaler LO = 0x%02lx\n",
            ^
audio_nios.c:86:12: warning: format '%lx' expects argument of type 'long unsigned int', but argument 2 has type 'int' [-Wformat=]
audio_nios.c:89:12: warning: format '%lx' expects argument of type 'long unsigned int', but argument 2 has type 'int' [-Wformat=]
     printf("[NIOS] I2C prescaler HI = 0x%02lx\n",
            ^
audio_nios.c:89:12: warning: format '%lx' expects argument of type 'long unsigned int', but argument 2 has type 'int' [-Wformat=]
audio_nios.c:92:12: warning: format '%lx' expects argument of type 'long unsigned int', but argument 2 has type 'int' [-Wformat=]
     printf("[NIOS] I2C control = 0x%02lx\n",
            ^
audio_nios.c:92:12: warning: format '%lx' expects argument of type 'long unsigned int', but argument 2 has type 'int' [-Wformat=]
Info: Linking nios_soft.elf
nios2-elf-g++  -T'../nios_soft_bsp//linker.x' -msys-crt0='../nios_soft_bsp//obj/HAL/src/crt0.o' -msys-lib=hal_bsp -L../nios_soft_bsp/  -msmallc  -Wl,-Map=nios_soft.map   -Os -g -Wall   -mno-hw-div -mno-hw-mul -mno-hw-mulx -mgpopt=global  -o nios_soft.elf obj/default/audio_nios.o obj/default/hello_world_small.o obj/default/main.o -lm -msys-lib=m
nios2-elf-insert nios_soft.elf --thread_model hal --cpu_name NIOS_cpu --qsys true --simulation_enabled false --id 2899645186 --sidp 0x10000 --timestamp 1780461083 --stderr_dev jtag_uart --stdin_dev jtag_uart --stdout_dev jtag_uart --sopc_system_name soc_system --quartus_project_dir "C:/fpga/DE1-SoC-MyPlayer-master" --jdi C:/fpga/DE1-SoC-MyPlayer-master/software/nios_soft_bsp/../../soc_system.jdi --sopcinfo C:/fpga/DE1-SoC-MyPlayer-master/software/nios_soft_bsp/../../soc_system.sopcinfo
Info: (nios_soft.elf) 7440 Bytes program size (code + initialized data).
Info:                 62 KBytes free for stack + heap.
Info: Creating nios_soft.objdump
nios2-elf-objdump --disassemble --syms --all-header --source nios_soft.elf >nios_soft.objdump
[nios_soft build complete]
10:57:49 **** Incremental Build of configuration Nios II for project nios_soft_bsp ****
make all 
[BSP build complete]
10:59:23 **** Incremental Build of configuration Nios II for project nios_soft ****
make all 
Info: Building ../nios_soft_bsp/
C:/intelFPGA_lite/18.1/nios2eds/bin/gnu/H-x86_64-mingw32/bin/make --no-print-directory -C ../nios_soft_bsp/
[BSP build complete]
[nios_soft build complete]
11:14:20 **** Incremental Build of configuration Nios II for project nios_soft ****
make all 
Info: Building ../nios_soft_bsp/
C:/intelFPGA_lite/18.1/nios2eds/bin/gnu/H-x86_64-mingw32/bin/make --no-print-directory -C ../nios_soft_bsp/
[BSP build complete]
Info: Compiling audio_nios.c to obj/default/audio_nios.o
nios2-elf-gcc -xc -MP -MMD -c -I../nios_soft_bsp//HAL/inc -I../nios_soft_bsp/ -I../nios_soft_bsp//drivers/inc  -pipe -D__hal__ -DALT_NO_C_PLUS_PLUS -DALT_NO_CLEAN_EXIT -D'exit(a)=_exit(a)' -DALT_NO_EXIT -DALT_USE_DIRECT_DRIVERS -DALT_NO_INSTRUCTION_EMULATION -DALT_USE_SMALL_DRIVERS -DSMALL_C_LIB -DALT_SINGLE_THREADED    -Os -g -Wall   -mno-hw-div -mno-hw-mul -mno-hw-mulx -mgpopt=global  -o obj/default/audio_nios.o audio_nios.c
audio_nios.c: In function 'oc_i2c_audio_init':
audio_nios.c:86:12: warning: format '%lx' expects argument of type 'long unsigned int', but argument 2 has type 'int' [-Wformat=]
     printf("[NIOS] I2C prescaler LO = 0x%02lx\n",
            ^
audio_nios.c:86:12: warning: format '%lx' expects argument of type 'long unsigned int', but argument 2 has type 'int' [-Wformat=]
audio_nios.c:89:12: warning: format '%lx' expects argument of type 'long unsigned int', but argument 2 has type 'int' [-Wformat=]
     printf("[NIOS] I2C prescaler HI = 0x%02lx\n",
            ^
audio_nios.c:89:12: warning: format '%lx' expects argument of type 'long unsigned int', but argument 2 has type 'int' [-Wformat=]
audio_nios.c:92:12: warning: format '%lx' expects argument of type 'long unsigned int', but argument 2 has type 'int' [-Wformat=]
     printf("[NIOS] I2C control = 0x%02lx\n",
            ^
audio_nios.c:92:12: warning: format '%lx' expects argument of type 'long unsigned int', but argument 2 has type 'int' [-Wformat=]
Info: Compiling main.c to obj/default/main.o
nios2-elf-gcc -xc -MP -MMD -c -I../nios_soft_bsp//HAL/inc -I../nios_soft_bsp/ -I../nios_soft_bsp//drivers/inc  -pipe -D__hal__ -DALT_NO_C_PLUS_PLUS -DALT_NO_CLEAN_EXIT -D'exit(a)=_exit(a)' -DALT_NO_EXIT -DALT_USE_DIRECT_DRIVERS -DALT_NO_INSTRUCTION_EMULATION -DALT_USE_SMALL_DRIVERS -DSMALL_C_LIB -DALT_SINGLE_THREADED    -Os -g -Wall   -mno-hw-div -mno-hw-mul -mno-hw-mulx -mgpopt=global  -o obj/default/main.o main.c
main.c: In function 'play_one_buffer':
main.c:122:17: warning: unused variable 'left' [-Wunused-variable]
         int16_t left = fix_sample_format(raw_left);
                 ^
Info: Linking nios_soft.elf
nios2-elf-g++  -T'../nios_soft_bsp//linker.x' -msys-crt0='../nios_soft_bsp//obj/HAL/src/crt0.o' -msys-lib=hal_bsp -L../nios_soft_bsp/  -msmallc  -Wl,-Map=nios_soft.map   -Os -g -Wall   -mno-hw-div -mno-hw-mul -mno-hw-mulx -mgpopt=global  -o nios_soft.elf obj/default/audio_nios.o obj/default/hello_world_small.o obj/default/main.o -lm -msys-lib=m
nios2-elf-insert nios_soft.elf --thread_model hal --cpu_name NIOS_cpu --qsys true --simulation_enabled false --id 2899645186 --sidp 0x10000 --timestamp 1780461083 --stderr_dev jtag_uart --stdin_dev jtag_uart --stdout_dev jtag_uart --sopc_system_name soc_system --quartus_project_dir "C:/fpga/DE1-SoC-MyPlayer-master" --jdi C:/fpga/DE1-SoC-MyPlayer-master/software/nios_soft_bsp/../../soc_system.jdi --sopcinfo C:/fpga/DE1-SoC-MyPlayer-master/software/nios_soft_bsp/../../soc_system.sopcinfo
Info: (nios_soft.elf) 7408 Bytes program size (code + initialized data).
Info:                 62 KBytes free for stack + heap.
Info: Creating nios_soft.objdump
nios2-elf-objdump --disassemble --syms --all-header --source nios_soft.elf >nios_soft.objdump
[nios_soft build complete]
11:14:21 **** Incremental Build of configuration Nios II for project nios_soft_bsp ****
make all 
[BSP build complete]
11:17:20 **** Incremental Build of configuration Nios II for project nios_soft ****
make all 
Info: Building ../nios_soft_bsp/
C:/intelFPGA_lite/18.1/nios2eds/bin/gnu/H-x86_64-mingw32/bin/make --no-print-directory -C ../nios_soft_bsp/
[BSP build complete]
[nios_soft build complete]
11:20:32 **** Incremental Build of configuration Nios II for project nios_soft ****
make all 
Info: Building ../nios_soft_bsp/
C:/intelFPGA_lite/18.1/nios2eds/bin/gnu/H-x86_64-mingw32/bin/make --no-print-directory -C ../nios_soft_bsp/
[BSP build complete]
[nios_soft build complete]
11:20:32 **** Incremental Build of configuration Nios II for project nios_soft_bsp ****
make all 
[BSP build complete]
11:20:40 **** Incremental Build of configuration Nios II for project nios_soft ****
make all 
Info: Building ../nios_soft_bsp/
C:/intelFPGA_lite/18.1/nios2eds/bin/gnu/H-x86_64-mingw32/bin/make --no-print-directory -C ../nios_soft_bsp/
[BSP build complete]
Info: Linking nios_soft.elf
nios2-elf-g++  -T'../nios_soft_bsp//linker.x' -msys-crt0='../nios_soft_bsp//obj/HAL/src/crt0.o' -msys-lib=hal_bsp -L../nios_soft_bsp/  -msmallc  -Wl,-Map=nios_soft.map   -Os -g -Wall   -mno-hw-div -mno-hw-mul -mno-hw-mulx -mgpopt=global  -o nios_soft.elf obj/default/audio_nios.o obj/default/hello_world_small.o obj/default/main.o -lm -msys-lib=m
nios2-elf-insert nios_soft.elf --thread_model hal --cpu_name NIOS_cpu --qsys true --simulation_enabled false --id 2899645186 --sidp 0x10000 --timestamp 1780461083 --stderr_dev jtag_uart --stdin_dev jtag_uart --stdout_dev jtag_uart --sopc_system_name soc_system --quartus_project_dir "C:/fpga/DE1-SoC-MyPlayer-master" --jdi C:/fpga/DE1-SoC-MyPlayer-master/software/nios_soft_bsp/../../soc_system.jdi --sopcinfo C:/fpga/DE1-SoC-MyPlayer-master/software/nios_soft_bsp/../../soc_system.sopcinfo
Info: (nios_soft.elf) 7408 Bytes program size (code + initialized data).
Info:                 62 KBytes free for stack + heap.
Info: Creating nios_soft.objdump
nios2-elf-objdump --disassemble --syms --all-header --source nios_soft.elf >nios_soft.objdump
[nios_soft build complete]
11:20:41 **** Incremental Build of configuration Nios II for project nios_soft_bsp ****
make all 
[BSP build complete]
11:20:51 **** Incremental Build of configuration Nios II for project nios_soft ****
make all 
Info: Building ../nios_soft_bsp/
C:/intelFPGA_lite/18.1/nios2eds/bin/gnu/H-x86_64-mingw32/bin/make --no-print-directory -C ../nios_soft_bsp/
[BSP build complete]
[nios_soft build complete]
11:23:46 **** Incremental Build of configuration Nios II for project nios_soft ****
make all 
Info: Building ../nios_soft_bsp/
C:/intelFPGA_lite/18.1/nios2eds/bin/gnu/H-x86_64-mingw32/bin/make --no-print-directory -C ../nios_soft_bsp/
[BSP build complete]
Info: Compiling audio_nios.c to obj/default/audio_nios.o
nios2-elf-gcc -xc -MP -MMD -c -I../nios_soft_bsp//HAL/inc -I../nios_soft_bsp/ -I../nios_soft_bsp//drivers/inc  -pipe -D__hal__ -DALT_NO_C_PLUS_PLUS -DALT_NO_CLEAN_EXIT -D'exit(a)=_exit(a)' -DALT_NO_EXIT -DALT_USE_DIRECT_DRIVERS -DALT_NO_INSTRUCTION_EMULATION -DALT_USE_SMALL_DRIVERS -DSMALL_C_LIB -DALT_SINGLE_THREADED    -Os -g -Wall   -mno-hw-div -mno-hw-mul -mno-hw-mulx -mgpopt=global  -o obj/default/audio_nios.o audio_nios.c
audio_nios.c: In function 'oc_i2c_audio_init':
audio_nios.c:86:12: warning: format '%lx' expects argument of type 'long unsigned int', but argument 2 has type 'int' [-Wformat=]
     printf("[NIOS] I2C prescaler LO = 0x%02lx\n",
            ^
audio_nios.c:86:12: warning: format '%lx' expects argument of type 'long unsigned int', but argument 2 has type 'int' [-Wformat=]
audio_nios.c:89:12: warning: format '%lx' expects argument of type 'long unsigned int', but argument 2 has type 'int' [-Wformat=]
     printf("[NIOS] I2C prescaler HI = 0x%02lx\n",
            ^
audio_nios.c:89:12: warning: format '%lx' expects argument of type 'long unsigned int', but argument 2 has type 'int' [-Wformat=]
audio_nios.c:92:12: warning: format '%lx' expects argument of type 'long unsigned int', but argument 2 has type 'int' [-Wformat=]
     printf("[NIOS] I2C control = 0x%02lx\n",
            ^
audio_nios.c:92:12: warning: format '%lx' expects argument of type 'long unsigned int', but argument 2 has type 'int' [-Wformat=]
Info: Linking nios_soft.elf
nios2-elf-g++  -T'../nios_soft_bsp//linker.x' -msys-crt0='../nios_soft_bsp//obj/HAL/src/crt0.o' -msys-lib=hal_bsp -L../nios_soft_bsp/  -msmallc  -Wl,-Map=nios_soft.map   -Os -g -Wall   -mno-hw-div -mno-hw-mul -mno-hw-mulx -mgpopt=global  -o nios_soft.elf obj/default/audio_nios.o obj/default/hello_world_small.o obj/default/main.o -lm -msys-lib=m
nios2-elf-insert nios_soft.elf --thread_model hal --cpu_name NIOS_cpu --qsys true --simulation_enabled false --id 2899645186 --sidp 0x10000 --timestamp 1780461083 --stderr_dev jtag_uart --stdin_dev jtag_uart --stdout_dev jtag_uart --sopc_system_name soc_system --quartus_project_dir "C:/fpga/DE1-SoC-MyPlayer-master" --jdi C:/fpga/DE1-SoC-MyPlayer-master/software/nios_soft_bsp/../../soc_system.jdi --sopcinfo C:/fpga/DE1-SoC-MyPlayer-master/software/nios_soft_bsp/../../soc_system.sopcinfo
Info: (nios_soft.elf) 7408 Bytes program size (code + initialized data).
Info:                 62 KBytes free for stack + heap.
Info: Creating nios_soft.objdump
nios2-elf-objdump --disassemble --syms --all-header --source nios_soft.elf >nios_soft.objdump
[nios_soft build complete]
11:23:47 **** Incremental Build of configuration Nios II for project nios_soft_bsp ****
make all 
[BSP build complete]
11:23:58 **** Incremental Build of configuration Nios II for project nios_soft ****
make all 
Info: Building ../nios_soft_bsp/
C:/intelFPGA_lite/18.1/nios2eds/bin/gnu/H-x86_64-mingw32/bin/make --no-print-directory -C ../nios_soft_bsp/
[BSP build complete]
[nios_soft build complete]
11:28:29 **** Incremental Build of configuration Nios II for project nios_soft ****
make all 
Info: Building ../nios_soft_bsp/
C:/intelFPGA_lite/18.1/nios2eds/bin/gnu/H-x86_64-mingw32/bin/make --no-print-directory -C ../nios_soft_bsp/
[BSP build complete]
Info: Compiling main.c to obj/default/main.o
nios2-elf-gcc -xc -MP -MMD -c -I../nios_soft_bsp//HAL/inc -I../nios_soft_bsp/ -I../nios_soft_bsp//drivers/inc  -pipe -D__hal__ -DALT_NO_C_PLUS_PLUS -DALT_NO_CLEAN_EXIT -D'exit(a)=_exit(a)' -DALT_NO_EXIT -DALT_USE_DIRECT_DRIVERS -DALT_NO_INSTRUCTION_EMULATION -DALT_USE_SMALL_DRIVERS -DSMALL_C_LIB -DALT_SINGLE_THREADED    -Os -g -Wall   -mno-hw-div -mno-hw-mul -mno-hw-mulx -mgpopt=global  -o obj/default/main.o main.c
Info: Linking nios_soft.elf
nios2-elf-g++  -T'../nios_soft_bsp//linker.x' -msys-crt0='../nios_soft_bsp//obj/HAL/src/crt0.o' -msys-lib=hal_bsp -L../nios_soft_bsp/  -msmallc  -Wl,-Map=nios_soft.map   -Os -g -Wall   -mno-hw-div -mno-hw-mul -mno-hw-mulx -mgpopt=global  -o nios_soft.elf obj/default/audio_nios.o obj/default/hello_world_small.o obj/default/main.o -lm -msys-lib=m
nios2-elf-insert nios_soft.elf --thread_model hal --cpu_name NIOS_cpu --qsys true --simulation_enabled false --id 2899645186 --sidp 0x10000 --timestamp 1780461083 --stderr_dev jtag_uart --stdin_dev jtag_uart --stdout_dev jtag_uart --sopc_system_name soc_system --quartus_project_dir "C:/fpga/DE1-SoC-MyPlayer-master" --jdi C:/fpga/DE1-SoC-MyPlayer-master/software/nios_soft_bsp/../../soc_system.jdi --sopcinfo C:/fpga/DE1-SoC-MyPlayer-master/software/nios_soft_bsp/../../soc_system.sopcinfo
Info: (nios_soft.elf) 7440 Bytes program size (code + initialized data).
Info:                 62 KBytes free for stack + heap.
Info: Creating nios_soft.objdump
nios2-elf-objdump --disassemble --syms --all-header --source nios_soft.elf >nios_soft.objdump
[nios_soft build complete]
11:28:30 **** Incremental Build of configuration Nios II for project nios_soft_bsp ****
make all 
[BSP build complete]
11:34:43 **** Incremental Build of configuration Nios II for project nios_soft ****
make all 
Info: Building ../nios_soft_bsp/
C:/intelFPGA_lite/18.1/nios2eds/bin/gnu/H-x86_64-mingw32/bin/make --no-print-directory -C ../nios_soft_bsp/
[BSP build complete]
Info: Compiling audio_nios.c to obj/default/audio_nios.o
nios2-elf-gcc -xc -MP -MMD -c -I../nios_soft_bsp//HAL/inc -I../nios_soft_bsp/ -I../nios_soft_bsp//drivers/inc  -pipe -D__hal__ -DALT_NO_C_PLUS_PLUS -DALT_NO_CLEAN_EXIT -D'exit(a)=_exit(a)' -DALT_NO_EXIT -DALT_USE_DIRECT_DRIVERS -DALT_NO_INSTRUCTION_EMULATION -DALT_USE_SMALL_DRIVERS -DSMALL_C_LIB -DALT_SINGLE_THREADED    -Os -g -Wall   -mno-hw-div -mno-hw-mul -mno-hw-mulx -mgpopt=global  -o obj/default/audio_nios.o audio_nios.c
audio_nios.c: In function 'oc_i2c_audio_init':
audio_nios.c:88:12: warning: format '%lx' expects argument of type 'long unsigned int', but argument 2 has type 'int' [-Wformat=]
     printf("[NIOS] I2C prescaler LO = 0x%02lx\n",
            ^
audio_nios.c:88:12: warning: format '%lx' expects argument of type 'long unsigned int', but argument 2 has type 'int' [-Wformat=]
audio_nios.c:91:12: warning: format '%lx' expects argument of type 'long unsigned int', but argument 2 has type 'int' [-Wformat=]
     printf("[NIOS] I2C prescaler HI = 0x%02lx\n",
            ^
audio_nios.c:91:12: warning: format '%lx' expects argument of type 'long unsigned int', but argument 2 has type 'int' [-Wformat=]
audio_nios.c:94:12: warning: format '%lx' expects argument of type 'long unsigned int', but argument 2 has type 'int' [-Wformat=]
     printf("[NIOS] I2C control = 0x%02lx\n",
            ^
audio_nios.c:94:12: warning: format '%lx' expects argument of type 'long unsigned int', but argument 2 has type 'int' [-Wformat=]
Info: Compiling main.c to obj/default/main.o
nios2-elf-gcc -xc -MP -MMD -c -I../nios_soft_bsp//HAL/inc -I../nios_soft_bsp/ -I../nios_soft_bsp//drivers/inc  -pipe -D__hal__ -DALT_NO_C_PLUS_PLUS -DALT_NO_CLEAN_EXIT -D'exit(a)=_exit(a)' -DALT_NO_EXIT -DALT_USE_DIRECT_DRIVERS -DALT_NO_INSTRUCTION_EMULATION -DALT_USE_SMALL_DRIVERS -DSMALL_C_LIB -DALT_SINGLE_THREADED    -Os -g -Wall   -mno-hw-div -mno-hw-mul -mno-hw-mulx -mgpopt=global  -o obj/default/main.o main.c
Info: Linking nios_soft.elf
nios2-elf-g++  -T'../nios_soft_bsp//linker.x' -msys-crt0='../nios_soft_bsp//obj/HAL/src/crt0.o' -msys-lib=hal_bsp -L../nios_soft_bsp/  -msmallc  -Wl,-Map=nios_soft.map   -Os -g -Wall   -mno-hw-div -mno-hw-mul -mno-hw-mulx -mgpopt=global  -o nios_soft.elf obj/default/audio_nios.o obj/default/hello_world_small.o obj/default/main.o -lm -msys-lib=m
nios2-elf-insert nios_soft.elf --thread_model hal --cpu_name NIOS_cpu --qsys true --simulation_enabled false --id 2899645186 --sidp 0x10000 --timestamp 1780461083 --stderr_dev jtag_uart --stdin_dev jtag_uart --stdout_dev jtag_uart --sopc_system_name soc_system --quartus_project_dir "C:/fpga/DE1-SoC-MyPlayer-master" --jdi C:/fpga/DE1-SoC-MyPlayer-master/software/nios_soft_bsp/../../soc_system.jdi --sopcinfo C:/fpga/DE1-SoC-MyPlayer-master/software/nios_soft_bsp/../../soc_system.sopcinfo
Info: (nios_soft.elf) 7576 Bytes program size (code + initialized data).
Info:                 62 KBytes free for stack + heap.
Info: Creating nios_soft.objdump
nios2-elf-objdump --disassemble --syms --all-header --source nios_soft.elf >nios_soft.objdump
[nios_soft build complete]
11:34:44 **** Incremental Build of configuration Nios II for project nios_soft_bsp ****
make all 
[BSP build complete]
11:34:51 **** Incremental Build of configuration Nios II for project nios_soft ****
make all 
Info: Building ../nios_soft_bsp/
C:/intelFPGA_lite/18.1/nios2eds/bin/gnu/H-x86_64-mingw32/bin/make --no-print-directory -C ../nios_soft_bsp/
[BSP build complete]
[nios_soft build complete]
11:35:28 **** Incremental Build of configuration Nios II for project nios_soft ****
make all 
Info: Building ../nios_soft_bsp/
C:/intelFPGA_lite/18.1/nios2eds/bin/gnu/H-x86_64-mingw32/bin/make --no-print-directory -C ../nios_soft_bsp/
[BSP build complete]
Info: Compiling main.c to obj/default/main.o
nios2-elf-gcc -xc -MP -MMD -c -I../nios_soft_bsp//HAL/inc -I../nios_soft_bsp/ -I../nios_soft_bsp//drivers/inc  -pipe -D__hal__ -DALT_NO_C_PLUS_PLUS -DALT_NO_CLEAN_EXIT -D'exit(a)=_exit(a)' -DALT_NO_EXIT -DALT_USE_DIRECT_DRIVERS -DALT_NO_INSTRUCTION_EMULATION -DALT_USE_SMALL_DRIVERS -DSMALL_C_LIB -DALT_SINGLE_THREADED    -Os -g -Wall   -mno-hw-div -mno-hw-mul -mno-hw-mulx -mgpopt=global  -o obj/default/main.o main.c
main.c: In function 'play_one_buffer':
main.c:122:17: warning: unused variable 'left' [-Wunused-variable]
         int16_t left = fix_sample_format(raw_left);
                 ^
Info: Linking nios_soft.elf
nios2-elf-g++  -T'../nios_soft_bsp//linker.x' -msys-crt0='../nios_soft_bsp//obj/HAL/src/crt0.o' -msys-lib=hal_bsp -L../nios_soft_bsp/  -msmallc  -Wl,-Map=nios_soft.map   -Os -g -Wall   -mno-hw-div -mno-hw-mul -mno-hw-mulx -mgpopt=global  -o nios_soft.elf obj/default/audio_nios.o obj/default/hello_world_small.o obj/default/main.o -lm -msys-lib=m
nios2-elf-insert nios_soft.elf --thread_model hal --cpu_name NIOS_cpu --qsys true --simulation_enabled false --id 2899645186 --sidp 0x10000 --timestamp 1780461083 --stderr_dev jtag_uart --stdin_dev jtag_uart --stdout_dev jtag_uart --sopc_system_name soc_system --quartus_project_dir "C:/fpga/DE1-SoC-MyPlayer-master" --jdi C:/fpga/DE1-SoC-MyPlayer-master/software/nios_soft_bsp/../../soc_system.jdi --sopcinfo C:/fpga/DE1-SoC-MyPlayer-master/software/nios_soft_bsp/../../soc_system.sopcinfo
Info: (nios_soft.elf) 7544 Bytes program size (code + initialized data).
Info:                 62 KBytes free for stack + heap.
Info: Creating nios_soft.objdump
nios2-elf-objdump --disassemble --syms --all-header --source nios_soft.elf >nios_soft.objdump
[nios_soft build complete]
11:35:29 **** Incremental Build of configuration Nios II for project nios_soft_bsp ****
make all 
[BSP build complete]
11:35:39 **** Incremental Build of configuration Nios II for project nios_soft ****
make all 
Info: Building ../nios_soft_bsp/
C:/intelFPGA_lite/18.1/nios2eds/bin/gnu/H-x86_64-mingw32/bin/make --no-print-directory -C ../nios_soft_bsp/
[BSP build complete]
Info: Linking nios_soft.elf
nios2-elf-g++  -T'../nios_soft_bsp//linker.x' -msys-crt0='../nios_soft_bsp//obj/HAL/src/crt0.o' -msys-lib=hal_bsp -L../nios_soft_bsp/  -msmallc  -Wl,-Map=nios_soft.map   -Os -g -Wall   -mno-hw-div -mno-hw-mul -mno-hw-mulx -mgpopt=global  -o nios_soft.elf obj/default/audio_nios.o obj/default/hello_world_small.o obj/default/main.o -lm -msys-lib=m
nios2-elf-insert nios_soft.elf --thread_model hal --cpu_name NIOS_cpu --qsys true --simulation_enabled false --id 2899645186 --sidp 0x10000 --timestamp 1780461083 --stderr_dev jtag_uart --stdin_dev jtag_uart --stdout_dev jtag_uart --sopc_system_name soc_system --quartus_project_dir "C:/fpga/DE1-SoC-MyPlayer-master" --jdi C:/fpga/DE1-SoC-MyPlayer-master/software/nios_soft_bsp/../../soc_system.jdi --sopcinfo C:/fpga/DE1-SoC-MyPlayer-master/software/nios_soft_bsp/../../soc_system.sopcinfo
Info: (nios_soft.elf) 7544 Bytes program size (code + initialized data).
Info:                 62 KBytes free for stack + heap.
Info: Creating nios_soft.objdump
nios2-elf-objdump --disassemble --syms --all-header --source nios_soft.elf >nios_soft.objdump
[nios_soft build complete]
11:35:40 **** Incremental Build of configuration Nios II for project nios_soft_bsp ****
make all 
[BSP build complete]
11:35:50 **** Incremental Build of configuration Nios II for project nios_soft ****
make all 
Info: Building ../nios_soft_bsp/
C:/intelFPGA_lite/18.1/nios2eds/bin/gnu/H-x86_64-mingw32/bin/make --no-print-directory -C ../nios_soft_bsp/
[BSP build complete]
[nios_soft build complete]
11:37:08 **** Incremental Build of configuration Nios II for project nios_soft ****
make all 
Info: Building ../nios_soft_bsp/
C:/intelFPGA_lite/18.1/nios2eds/bin/gnu/H-x86_64-mingw32/bin/make --no-print-directory -C ../nios_soft_bsp/
[BSP build complete]
Info: Compiling main.c to obj/default/main.o
nios2-elf-gcc -xc -MP -MMD -c -I../nios_soft_bsp//HAL/inc -I../nios_soft_bsp/ -I../nios_soft_bsp//drivers/inc  -pipe -D__hal__ -DALT_NO_C_PLUS_PLUS -DALT_NO_CLEAN_EXIT -D'exit(a)=_exit(a)' -DALT_NO_EXIT -DALT_USE_DIRECT_DRIVERS -DALT_NO_INSTRUCTION_EMULATION -DALT_USE_SMALL_DRIVERS -DSMALL_C_LIB -DALT_SINGLE_THREADED    -Os -g -Wall   -mno-hw-div -mno-hw-mul -mno-hw-mulx -mgpopt=global  -o obj/default/main.o main.c
Info: Linking nios_soft.elf
nios2-elf-g++  -T'../nios_soft_bsp//linker.x' -msys-crt0='../nios_soft_bsp//obj/HAL/src/crt0.o' -msys-lib=hal_bsp -L../nios_soft_bsp/  -msmallc  -Wl,-Map=nios_soft.map   -Os -g -Wall   -mno-hw-div -mno-hw-mul -mno-hw-mulx -mgpopt=global  -o nios_soft.elf obj/default/audio_nios.o obj/default/hello_world_small.o obj/default/main.o -lm -msys-lib=m
nios2-elf-insert nios_soft.elf --thread_model hal --cpu_name NIOS_cpu --qsys true --simulation_enabled false --id 2899645186 --sidp 0x10000 --timestamp 1780461083 --stderr_dev jtag_uart --stdin_dev jtag_uart --stdout_dev jtag_uart --sopc_system_name soc_system --quartus_project_dir "C:/fpga/DE1-SoC-MyPlayer-master" --jdi C:/fpga/DE1-SoC-MyPlayer-master/software/nios_soft_bsp/../../soc_system.jdi --sopcinfo C:/fpga/DE1-SoC-MyPlayer-master/software/nios_soft_bsp/../../soc_system.sopcinfo
Info: (nios_soft.elf) 7576 Bytes program size (code + initialized data).
Info:                 62 KBytes free for stack + heap.
Info: Creating nios_soft.objdump
nios2-elf-objdump --disassemble --syms --all-header --source nios_soft.elf >nios_soft.objdump
[nios_soft build complete]
11:37:09 **** Incremental Build of configuration Nios II for project nios_soft_bsp ****
make all 
[BSP build complete]
11:37:15 **** Incremental Build of configuration Nios II for project nios_soft ****
make all 
Info: Building ../nios_soft_bsp/
C:/intelFPGA_lite/18.1/nios2eds/bin/gnu/H-x86_64-mingw32/bin/make --no-print-directory -C ../nios_soft_bsp/
[BSP build complete]
[nios_soft build complete]
11:49:36 **** Incremental Build of configuration Nios II for project nios_soft ****
make all 
Info: Building ../nios_soft_bsp/
C:/intelFPGA_lite/18.1/nios2eds/bin/gnu/H-x86_64-mingw32/bin/make --no-print-directory -C ../nios_soft_bsp/
Makefile not up to date.
../../soc_system.sopcinfo has been modified since the BSP was generated.

Generate the BSP to update the Makefile, and then build again.

To generate from Eclipse:
 1. Right-click the BSP project.
 2. In the Nios II Menu, click Generate BSP.

To generate from the command line:
 nios2-bsp-generate-files --settings=<settings file> --bsp-dir=<target bsp files directory>

make[1]: *** [public.mk] Error 1
make: *** [../nios_soft_bsp/-recurs-make-lib] Error 2
11:49:37 **** Incremental Build of configuration Nios II for project nios_soft_bsp ****
make all 
Makefile not up to date.
../../soc_system.sopcinfo has been modified since the BSP was generated.

Generate the BSP to update the Makefile, and then build again.

To generate from Eclipse:
 1. Right-click the BSP project.
 2. In the Nios II Menu, click Generate BSP.

To generate from the command line:
 nios2-bsp-generate-files --settings=<settings file> --bsp-dir=<target bsp files directory>

make: *** [public.mk] Error 1
11:49:56 **** Incremental Build of configuration Nios II for project nios_soft ****
make all 
Info: Building ../nios_soft_bsp/
C:/intelFPGA_lite/18.1/nios2eds/bin/gnu/H-x86_64-mingw32/bin/make --no-print-directory -C ../nios_soft_bsp/
Makefile not up to date.
../../soc_system.sopcinfo has been modified since the BSP was generated.

Generate the BSP to update the Makefile, and then build again.

To generate from Eclipse:
 1. Right-click the BSP project.
 2. In the Nios II Menu, click Generate BSP.

To generate from the command line:
 nios2-bsp-generate-files --settings=<settings file> --bsp-dir=<target bsp files directory>

make[1]: *** [public.mk] Error 1
make: *** [../nios_soft_bsp/-recurs-make-lib] Error 2
11:49:56 **** Incremental Build of configuration Nios II for project nios_soft_bsp ****
make all 
Makefile not up to date.
../../soc_system.sopcinfo has been modified since the BSP was generated.

Generate the BSP to update the Makefile, and then build again.

To generate from Eclipse:
 1. Right-click the BSP project.
 2. In the Nios II Menu, click Generate BSP.

To generate from the command line:
 nios2-bsp-generate-files --settings=<settings file> --bsp-dir=<target bsp files directory>

make: *** [public.mk] Error 1
11:57:26 **** Incremental Build of configuration Nios II for project nios_soft ****
make all 
Info: Building ../nios_soft_bsp/
C:/intelFPGA_lite/18.1/nios2eds/bin/gnu/H-x86_64-mingw32/bin/make --no-print-directory -C ../nios_soft_bsp/
Makefile not up to date.
../../soc_system.sopcinfo has been modified since the BSP was generated.

Generate the BSP to update the Makefile, and then build again.

To generate from Eclipse:
 1. Right-click the BSP project.
 2. In the Nios II Menu, click Generate BSP.

To generate from the command line:
 nios2-bsp-generate-files --settings=<settings file> --bsp-dir=<target bsp files directory>

make[1]: *** [public.mk] Error 1
make: *** [../nios_soft_bsp/-recurs-make-lib] Error 2
11:57:26 **** Incremental Build of configuration Nios II for project nios_soft_bsp ****
make all 
Makefile not up to date.
../../soc_system.sopcinfo has been modified since the BSP was generated.

Generate the BSP to update the Makefile, and then build again.

To generate from Eclipse:
 1. Right-click the BSP project.
 2. In the Nios II Menu, click Generate BSP.

To generate from the command line:
 nios2-bsp-generate-files --settings=<settings file> --bsp-dir=<target bsp files directory>

make: *** [public.mk] Error 1
11:59:19 **** Clean-only build of configuration Nios II for project nios_soft ****
make clean 
[nios_soft clean complete]
11:59:19 **** Clean-only build of configuration Nios II for project nios_soft_bsp ****
make clean 
[BSP clean complete]
11:59:19 **** Build of configuration Nios II for project nios_soft ****
make all 
Info: Building ../nios_soft_bsp/
C:/intelFPGA_lite/18.1/nios2eds/bin/gnu/H-x86_64-mingw32/bin/make --no-print-directory -C ../nios_soft_bsp/
Compiling alt_alarm_start.c...
nios2-elf-gcc -xc -MP -MMD -c  -I./HAL/inc -I. -I./drivers/inc -pipe -D__hal__ -DALT_NO_C_PLUS_PLUS -DALT_NO_CLEAN_EXIT -D'exit(a)=_exit(a)' -DALT_NO_EXIT -DALT_USE_DIRECT_DRIVERS -DALT_NO_INSTRUCTION_EMULATION -DALT_USE_SMALL_DRIVERS -DSMALL_C_LIB -DALT_SINGLE_THREADED    '-Os' -g -Wall  -mno-hw-div -mno-hw-mul -mno-hw-mulx -mgpopt=global   -o obj/HAL/src/alt_alarm_start.o HAL/src/alt_alarm_start.c
Compiling alt_busy_sleep.c...
nios2-elf-gcc -xc -MP -MMD -c  -I./HAL/inc -I. -I./drivers/inc -pipe -D__hal__ -DALT_NO_C_PLUS_PLUS -DALT_NO_CLEAN_EXIT -D'exit(a)=_exit(a)' -DALT_NO_EXIT -DALT_USE_DIRECT_DRIVERS -DALT_NO_INSTRUCTION_EMULATION -DALT_USE_SMALL_DRIVERS -DSMALL_C_LIB -DALT_SINGLE_THREADED    '-Os' -g -Wall  -mno-hw-div -mno-hw-mul -mno-hw-mulx -mgpopt=global   -o obj/HAL/src/alt_busy_sleep.o HAL/src/alt_busy_sleep.c
Compiling alt_close.c...
nios2-elf-gcc -xc -MP -MMD -c  -I./HAL/inc -I. -I./drivers/inc -pipe -D__hal__ -DALT_NO_C_PLUS_PLUS -DALT_NO_CLEAN_EXIT -D'exit(a)=_exit(a)' -DALT_NO_EXIT -DALT_USE_DIRECT_DRIVERS -DALT_NO_INSTRUCTION_EMULATION -DALT_USE_SMALL_DRIVERS -DSMALL_C_LIB -DALT_SINGLE_THREADED    '-Os' -g -Wall  -mno-hw-div -mno-hw-mul -mno-hw-mulx -mgpopt=global   -o obj/HAL/src/alt_close.o HAL/src/alt_close.c
Compiling alt_dcache_flush.c...
nios2-elf-gcc -xc -MP -MMD -c  -I./HAL/inc -I. -I./drivers/inc -pipe -D__hal__ -DALT_NO_C_PLUS_PLUS -DALT_NO_CLEAN_EXIT -D'exit(a)=_exit(a)' -DALT_NO_EXIT -DALT_USE_DIRECT_DRIVERS -DALT_NO_INSTRUCTION_EMULATION -DALT_USE_SMALL_DRIVERS -DSMALL_C_LIB -DALT_SINGLE_THREADED    '-Os' -g -Wall  -mno-hw-div -mno-hw-mul -mno-hw-mulx -mgpopt=global   -o obj/HAL/src/alt_dcache_flush.o HAL/src/alt_dcache_flush.c
Compiling alt_dcache_flush_all.c...
nios2-elf-gcc -xc -MP -MMD -c  -I./HAL/inc -I. -I./drivers/inc -pipe -D__hal__ -DALT_NO_C_PLUS_PLUS -DALT_NO_CLEAN_EXIT -D'exit(a)=_exit(a)' -DALT_NO_EXIT -DALT_USE_DIRECT_DRIVERS -DALT_NO_INSTRUCTION_EMULATION -DALT_USE_SMALL_DRIVERS -DSMALL_C_LIB -DALT_SINGLE_THREADED    '-Os' -g -Wall  -mno-hw-div -mno-hw-mul -mno-hw-mulx -mgpopt=global   -o obj/HAL/src/alt_dcache_flush_all.o HAL/src/alt_dcache_flush_all.c
Compiling alt_dcache_flush_no_writeback.c...
nios2-elf-gcc -xc -MP -MMD -c  -I./HAL/inc -I. -I./drivers/inc -pipe -D__hal__ -DALT_NO_C_PLUS_PLUS -DALT_NO_CLEAN_EXIT -D'exit(a)=_exit(a)' -DALT_NO_EXIT -DALT_USE_DIRECT_DRIVERS -DALT_NO_INSTRUCTION_EMULATION -DALT_USE_SMALL_DRIVERS -DSMALL_C_LIB -DALT_SINGLE_THREADED    '-Os' -g -Wall  -mno-hw-div -mno-hw-mul -mno-hw-mulx -mgpopt=global   -o obj/HAL/src/alt_dcache_flush_no_writeback.o HAL/src/alt_dcache_flush_no_writeback.c
Compiling alt_dev.c...
nios2-elf-gcc -xc -MP -MMD -c  -I./HAL/inc -I. -I./drivers/inc -pipe -D__hal__ -DALT_NO_C_PLUS_PLUS -DALT_NO_CLEAN_EXIT -D'exit(a)=_exit(a)' -DALT_NO_EXIT -DALT_USE_DIRECT_DRIVERS -DALT_NO_INSTRUCTION_EMULATION -DALT_USE_SMALL_DRIVERS -DSMALL_C_LIB -DALT_SINGLE_THREADED    '-Os' -g -Wall  -mno-hw-div -mno-hw-mul -mno-hw-mulx -mgpopt=global   -o obj/HAL/src/alt_dev.o HAL/src/alt_dev.c
Compiling alt_dev_llist_insert.c...
nios2-elf-gcc -xc -MP -MMD -c  -I./HAL/inc -I. -I./drivers/inc -pipe -D__hal__ -DALT_NO_C_PLUS_PLUS -DALT_NO_CLEAN_EXIT -D'exit(a)=_exit(a)' -DALT_NO_EXIT -DALT_USE_DIRECT_DRIVERS -DALT_NO_INSTRUCTION_EMULATION -DALT_USE_SMALL_DRIVERS -DSMALL_C_LIB -DALT_SINGLE_THREADED    '-Os' -g -Wall  -mno-hw-div -mno-hw-mul -mno-hw-mulx -mgpopt=global   -o obj/HAL/src/alt_dev_llist_insert.o HAL/src/alt_dev_llist_insert.c
Compiling alt_dma_rxchan_open.c...
nios2-elf-gcc -xc -MP -MMD -c  -I./HAL/inc -I. -I./drivers/inc -pipe -D__hal__ -DALT_NO_C_PLUS_PLUS -DALT_NO_CLEAN_EXIT -D'exit(a)=_exit(a)' -DALT_NO_EXIT -DALT_USE_DIRECT_DRIVERS -DALT_NO_INSTRUCTION_EMULATION -DALT_USE_SMALL_DRIVERS -DSMALL_C_LIB -DALT_SINGLE_THREADED    '-Os' -g -Wall  -mno-hw-div -mno-hw-mul -mno-hw-mulx -mgpopt=global   -o obj/HAL/src/alt_dma_rxchan_open.o HAL/src/alt_dma_rxchan_open.c
Compiling alt_dma_txchan_open.c...
nios2-elf-gcc -xc -MP -MMD -c  -I./HAL/inc -I. -I./drivers/inc -pipe -D__hal__ -DALT_NO_C_PLUS_PLUS -DALT_NO_CLEAN_EXIT -D'exit(a)=_exit(a)' -DALT_NO_EXIT -DALT_USE_DIRECT_DRIVERS -DALT_NO_INSTRUCTION_EMULATION -DALT_USE_SMALL_DRIVERS -DSMALL_C_LIB -DALT_SINGLE_THREADED    '-Os' -g -Wall  -mno-hw-div -mno-hw-mul -mno-hw-mulx -mgpopt=global   -o obj/HAL/src/alt_dma_txchan_open.o HAL/src/alt_dma_txchan_open.c
Compiling alt_do_ctors.c...
nios2-elf-gcc -xc -MP -MMD -c  -I./HAL/inc -I. -I./drivers/inc -pipe -D__hal__ -DALT_NO_C_PLUS_PLUS -DALT_NO_CLEAN_EXIT -D'exit(a)=_exit(a)' -DALT_NO_EXIT -DALT_USE_DIRECT_DRIVERS -DALT_NO_INSTRUCTION_EMULATION -DALT_USE_SMALL_DRIVERS -DSMALL_C_LIB -DALT_SINGLE_THREADED    '-Os' -g -Wall  -mno-hw-div -mno-hw-mul -mno-hw-mulx -mgpopt=global   -o obj/HAL/src/alt_do_ctors.o HAL/src/alt_do_ctors.c
Compiling alt_do_dtors.c...
nios2-elf-gcc -xc -MP -MMD -c  -I./HAL/inc -I. -I./drivers/inc -pipe -D__hal__ -DALT_NO_C_PLUS_PLUS -DALT_NO_CLEAN_EXIT -D'exit(a)=_exit(a)' -DALT_NO_EXIT -DALT_USE_DIRECT_DRIVERS -DALT_NO_INSTRUCTION_EMULATION -DALT_USE_SMALL_DRIVERS -DSMALL_C_LIB -DALT_SINGLE_THREADED    '-Os' -g -Wall  -mno-hw-div -mno-hw-mul -mno-hw-mulx -mgpopt=global   -o obj/HAL/src/alt_do_dtors.o HAL/src/alt_do_dtors.c
Compiling alt_ecc_fatal_entry.S...
nios2-elf-gcc -MP -MMD -c   '-Os' -g -Wall  -mno-hw-div -mno-hw-mul -mno-hw-mulx -mgpopt=global    -I./HAL/inc -I. -I./drivers/inc -pipe -D__hal__ -DALT_NO_C_PLUS_PLUS -DALT_NO_CLEAN_EXIT -D'exit(a)=_exit(a)' -DALT_NO_EXIT -DALT_USE_DIRECT_DRIVERS -DALT_NO_INSTRUCTION_EMULATION -DALT_USE_SMALL_DRIVERS -DSMALL_C_LIB -DALT_SINGLE_THREADED  -Wa,-gdwarf2  -o obj/HAL/src/alt_ecc_fatal_entry.o HAL/src/alt_ecc_fatal_entry.S
Compiling alt_ecc_fatal_exception.c...
nios2-elf-gcc -xc -MP -MMD -c  -I./HAL/inc -I. -I./drivers/inc -pipe -D__hal__ -DALT_NO_C_PLUS_PLUS -DALT_NO_CLEAN_EXIT -D'exit(a)=_exit(a)' -DALT_NO_EXIT -DALT_USE_DIRECT_DRIVERS -DALT_NO_INSTRUCTION_EMULATION -DALT_USE_SMALL_DRIVERS -DSMALL_C_LIB -DALT_SINGLE_THREADED    '-Os' -g -Wall  -mno-hw-div -mno-hw-mul -mno-hw-mulx -mgpopt=global   -o obj/HAL/src/alt_ecc_fatal_exception.o HAL/src/alt_ecc_fatal_exception.c
Compiling alt_env_lock.c...
nios2-elf-gcc -xc -MP -MMD -c  -I./HAL/inc -I. -I./drivers/inc -pipe -D__hal__ -DALT_NO_C_PLUS_PLUS -DALT_NO_CLEAN_EXIT -D'exit(a)=_exit(a)' -DALT_NO_EXIT -DALT_USE_DIRECT_DRIVERS -DALT_NO_INSTRUCTION_EMULATION -DALT_USE_SMALL_DRIVERS -DSMALL_C_LIB -DALT_SINGLE_THREADED    '-Os' -g -Wall  -mno-hw-div -mno-hw-mul -mno-hw-mulx -mgpopt=global   -o obj/HAL/src/alt_env_lock.o HAL/src/alt_env_lock.c
Compiling alt_environ.c...
nios2-elf-gcc -xc -MP -MMD -c  -I./HAL/inc -I. -I./drivers/inc -pipe -D__hal__ -DALT_NO_C_PLUS_PLUS -DALT_NO_CLEAN_EXIT -D'exit(a)=_exit(a)' -DALT_NO_EXIT -DALT_USE_DIRECT_DRIVERS -DALT_NO_INSTRUCTION_EMULATION -DALT_USE_SMALL_DRIVERS -DSMALL_C_LIB -DALT_SINGLE_THREADED    '-Os' -g -Wall  -mno-hw-div -mno-hw-mul -mno-hw-mulx -mgpopt=global   -o obj/HAL/src/alt_environ.o HAL/src/alt_environ.c
Compiling alt_errno.c...
nios2-elf-gcc -xc -MP -MMD -c  -I./HAL/inc -I. -I./drivers/inc -pipe -D__hal__ -DALT_NO_C_PLUS_PLUS -DALT_NO_CLEAN_EXIT -D'exit(a)=_exit(a)' -DALT_NO_EXIT -DALT_USE_DIRECT_DRIVERS -DALT_NO_INSTRUCTION_EMULATION -DALT_USE_SMALL_DRIVERS -DSMALL_C_LIB -DALT_SINGLE_THREADED    '-Os' -g -Wall  -mno-hw-div -mno-hw-mul -mno-hw-mulx -mgpopt=global   -o obj/HAL/src/alt_errno.o HAL/src/alt_errno.c
Compiling alt_exception_entry.S...
nios2-elf-gcc -MP -MMD -c   '-Os' -g -Wall  -mno-hw-div -mno-hw-mul -mno-hw-mulx -mgpopt=global    -I./HAL/inc -I. -I./drivers/inc -pipe -D__hal__ -DALT_NO_C_PLUS_PLUS -DALT_NO_CLEAN_EXIT -D'exit(a)=_exit(a)' -DALT_NO_EXIT -DALT_USE_DIRECT_DRIVERS -DALT_NO_INSTRUCTION_EMULATION -DALT_USE_SMALL_DRIVERS -DSMALL_C_LIB -DALT_SINGLE_THREADED  -Wa,-gdwarf2  -o obj/HAL/src/alt_exception_entry.o HAL/src/alt_exception_entry.S
Compiling alt_exception_muldiv.S...
nios2-elf-gcc -MP -MMD -c   '-Os' -g -Wall  -mno-hw-div -mno-hw-mul -mno-hw-mulx -mgpopt=global    -I./HAL/inc -I. -I./drivers/inc -pipe -D__hal__ -DALT_NO_C_PLUS_PLUS -DALT_NO_CLEAN_EXIT -D'exit(a)=_exit(a)' -DALT_NO_EXIT -DALT_USE_DIRECT_DRIVERS -DALT_NO_INSTRUCTION_EMULATION -DALT_USE_SMALL_DRIVERS -DSMALL_C_LIB -DALT_SINGLE_THREADED  -Wa,-gdwarf2  -o obj/HAL/src/alt_exception_muldiv.o HAL/src/alt_exception_muldiv.S
Compiling alt_exception_trap.S...
nios2-elf-gcc -MP -MMD -c   '-Os' -g -Wall  -mno-hw-div -mno-hw-mul -mno-hw-mulx -mgpopt=global    -I./HAL/inc -I. -I./drivers/inc -pipe -D__hal__ -DALT_NO_C_PLUS_PLUS -DALT_NO_CLEAN_EXIT -D'exit(a)=_exit(a)' -DALT_NO_EXIT -DALT_USE_DIRECT_DRIVERS -DALT_NO_INSTRUCTION_EMULATION -DALT_USE_SMALL_DRIVERS -DSMALL_C_LIB -DALT_SINGLE_THREADED  -Wa,-gdwarf2  -o obj/HAL/src/alt_exception_trap.o HAL/src/alt_exception_trap.S
Compiling alt_execve.c...
nios2-elf-gcc -xc -MP -MMD -c  -I./HAL/inc -I. -I./drivers/inc -pipe -D__hal__ -DALT_NO_C_PLUS_PLUS -DALT_NO_CLEAN_EXIT -D'exit(a)=_exit(a)' -DALT_NO_EXIT -DALT_USE_DIRECT_DRIVERS -DALT_NO_INSTRUCTION_EMULATION -DALT_USE_SMALL_DRIVERS -DSMALL_C_LIB -DALT_SINGLE_THREADED    '-Os' -g -Wall  -mno-hw-div -mno-hw-mul -mno-hw-mulx -mgpopt=global   -o obj/HAL/src/alt_execve.o HAL/src/alt_execve.c
Compiling alt_exit.c...
nios2-elf-gcc -xc -MP -MMD -c  -I./HAL/inc -I. -I./drivers/inc -pipe -D__hal__ -DALT_NO_C_PLUS_PLUS -DALT_NO_CLEAN_EXIT -D'exit(a)=_exit(a)' -DALT_NO_EXIT -DALT_USE_DIRECT_DRIVERS -DALT_NO_INSTRUCTION_EMULATION -DALT_USE_SMALL_DRIVERS -DSMALL_C_LIB -DALT_SINGLE_THREADED    '-Os' -g -Wall  -mno-hw-div -mno-hw-mul -mno-hw-mulx -mgpopt=global   -o obj/HAL/src/alt_exit.o HAL/src/alt_exit.c
Compiling alt_fcntl.c...
nios2-elf-gcc -xc -MP -MMD -c  -I./HAL/inc -I. -I./drivers/inc -pipe -D__hal__ -DALT_NO_C_PLUS_PLUS -DALT_NO_CLEAN_EXIT -D'exit(a)=_exit(a)' -DALT_NO_EXIT -DALT_USE_DIRECT_DRIVERS -DALT_NO_INSTRUCTION_EMULATION -DALT_USE_SMALL_DRIVERS -DSMALL_C_LIB -DALT_SINGLE_THREADED    '-Os' -g -Wall  -mno-hw-div -mno-hw-mul -mno-hw-mulx -mgpopt=global   -o obj/HAL/src/alt_fcntl.o HAL/src/alt_fcntl.c
Compiling alt_fd_lock.c...
nios2-elf-gcc -xc -MP -MMD -c  -I./HAL/inc -I. -I./drivers/inc -pipe -D__hal__ -DALT_NO_C_PLUS_PLUS -DALT_NO_CLEAN_EXIT -D'exit(a)=_exit(a)' -DALT_NO_EXIT -DALT_USE_DIRECT_DRIVERS -DALT_NO_INSTRUCTION_EMULATION -DALT_USE_SMALL_DRIVERS -DSMALL_C_LIB -DALT_SINGLE_THREADED    '-Os' -g -Wall  -mno-hw-div -mno-hw-mul -mno-hw-mulx -mgpopt=global   -o obj/HAL/src/alt_fd_lock.o HAL/src/alt_fd_lock.c
Compiling alt_fd_unlock.c...
nios2-elf-gcc -xc -MP -MMD -c  -I./HAL/inc -I. -I./drivers/inc -pipe -D__hal__ -DALT_NO_C_PLUS_PLUS -DALT_NO_CLEAN_EXIT -D'exit(a)=_exit(a)' -DALT_NO_EXIT -DALT_USE_DIRECT_DRIVERS -DALT_NO_INSTRUCTION_EMULATION -DALT_USE_SMALL_DRIVERS -DSMALL_C_LIB -DALT_SINGLE_THREADED    '-Os' -g -Wall  -mno-hw-div -mno-hw-mul -mno-hw-mulx -mgpopt=global   -o obj/HAL/src/alt_fd_unlock.o HAL/src/alt_fd_unlock.c
Compiling alt_find_dev.c...
nios2-elf-gcc -xc -MP -MMD -c  -I./HAL/inc -I. -I./drivers/inc -pipe -D__hal__ -DALT_NO_C_PLUS_PLUS -DALT_NO_CLEAN_EXIT -D'exit(a)=_exit(a)' -DALT_NO_EXIT -DALT_USE_DIRECT_DRIVERS -DALT_NO_INSTRUCTION_EMULATION -DALT_USE_SMALL_DRIVERS -DSMALL_C_LIB -DALT_SINGLE_THREADED    '-Os' -g -Wall  -mno-hw-div -mno-hw-mul -mno-hw-mulx -mgpopt=global   -o obj/HAL/src/alt_find_dev.o HAL/src/alt_find_dev.c
Compiling alt_find_file.c...
nios2-elf-gcc -xc -MP -MMD -c  -I./HAL/inc -I. -I./drivers/inc -pipe -D__hal__ -DALT_NO_C_PLUS_PLUS -DALT_NO_CLEAN_EXIT -D'exit(a)=_exit(a)' -DALT_NO_EXIT -DALT_USE_DIRECT_DRIVERS -DALT_NO_INSTRUCTION_EMULATION -DALT_USE_SMALL_DRIVERS -DSMALL_C_LIB -DALT_SINGLE_THREADED    '-Os' -g -Wall  -mno-hw-div -mno-hw-mul -mno-hw-mulx -mgpopt=global   -o obj/HAL/src/alt_find_file.o HAL/src/alt_find_file.c
Compiling alt_flash_dev.c...
nios2-elf-gcc -xc -MP -MMD -c  -I./HAL/inc -I. -I./drivers/inc -pipe -D__hal__ -DALT_NO_C_PLUS_PLUS -DALT_NO_CLEAN_EXIT -D'exit(a)=_exit(a)' -DALT_NO_EXIT -DALT_USE_DIRECT_DRIVERS -DALT_NO_INSTRUCTION_EMULATION -DALT_USE_SMALL_DRIVERS -DSMALL_C_LIB -DALT_SINGLE_THREADED    '-Os' -g -Wall  -mno-hw-div -mno-hw-mul -mno-hw-mulx -mgpopt=global   -o obj/HAL/src/alt_flash_dev.o HAL/src/alt_flash_dev.c
Compiling alt_fork.c...
nios2-elf-gcc -xc -MP -MMD -c  -I./HAL/inc -I. -I./drivers/inc -pipe -D__hal__ -DALT_NO_C_PLUS_PLUS -DALT_NO_CLEAN_EXIT -D'exit(a)=_exit(a)' -DALT_NO_EXIT -DALT_USE_DIRECT_DRIVERS -DALT_NO_INSTRUCTION_EMULATION -DALT_USE_SMALL_DRIVERS -DSMALL_C_LIB -DALT_SINGLE_THREADED    '-Os' -g -Wall  -mno-hw-div -mno-hw-mul -mno-hw-mulx -mgpopt=global   -o obj/HAL/src/alt_fork.o HAL/src/alt_fork.c
Compiling alt_fs_reg.c...
nios2-elf-gcc -xc -MP -MMD -c  -I./HAL/inc -I. -I./drivers/inc -pipe -D__hal__ -DALT_NO_C_PLUS_PLUS -DALT_NO_CLEAN_EXIT -D'exit(a)=_exit(a)' -DALT_NO_EXIT -DALT_USE_DIRECT_DRIVERS -DALT_NO_INSTRUCTION_EMULATION -DALT_USE_SMALL_DRIVERS -DSMALL_C_LIB -DALT_SINGLE_THREADED    '-Os' -g -Wall  -mno-hw-div -mno-hw-mul -mno-hw-mulx -mgpopt=global   -o obj/HAL/src/alt_fs_reg.o HAL/src/alt_fs_reg.c
Compiling alt_fstat.c...
nios2-elf-gcc -xc -MP -MMD -c  -I./HAL/inc -I. -I./drivers/inc -pipe -D__hal__ -DALT_NO_C_PLUS_PLUS -DALT_NO_CLEAN_EXIT -D'exit(a)=_exit(a)' -DALT_NO_EXIT -DALT_USE_DIRECT_DRIVERS -DALT_NO_INSTRUCTION_EMULATION -DALT_USE_SMALL_DRIVERS -DSMALL_C_LIB -DALT_SINGLE_THREADED    '-Os' -g -Wall  -mno-hw-div -mno-hw-mul -mno-hw-mulx -mgpopt=global   -o obj/HAL/src/alt_fstat.o HAL/src/alt_fstat.c
Compiling alt_get_fd.c...
nios2-elf-gcc -xc -MP -MMD -c  -I./HAL/inc -I. -I./drivers/inc -pipe -D__hal__ -DALT_NO_C_PLUS_PLUS -DALT_NO_CLEAN_EXIT -D'exit(a)=_exit(a)' -DALT_NO_EXIT -DALT_USE_DIRECT_DRIVERS -DALT_NO_INSTRUCTION_EMULATION -DALT_USE_SMALL_DRIVERS -DSMALL_C_LIB -DALT_SINGLE_THREADED    '-Os' -g -Wall  -mno-hw-div -mno-hw-mul -mno-hw-mulx -mgpopt=global   -o obj/HAL/src/alt_get_fd.o HAL/src/alt_get_fd.c
Compiling alt_getchar.c...
nios2-elf-gcc -xc -MP -MMD -c  -I./HAL/inc -I. -I./drivers/inc -pipe -D__hal__ -DALT_NO_C_PLUS_PLUS -DALT_NO_CLEAN_EXIT -D'exit(a)=_exit(a)' -DALT_NO_EXIT -DALT_USE_DIRECT_DRIVERS -DALT_NO_INSTRUCTION_EMULATION -DALT_USE_SMALL_DRIVERS -DSMALL_C_LIB -DALT_SINGLE_THREADED    '-Os' -g -Wall  -mno-hw-div -mno-hw-mul -mno-hw-mulx -mgpopt=global   -o obj/HAL/src/alt_getchar.o HAL/src/alt_getchar.c
Compiling alt_getpid.c...
nios2-elf-gcc -xc -MP -MMD -c  -I./HAL/inc -I. -I./drivers/inc -pipe -D__hal__ -DALT_NO_C_PLUS_PLUS -DALT_NO_CLEAN_EXIT -D'exit(a)=_exit(a)' -DALT_NO_EXIT -DALT_USE_DIRECT_DRIVERS -DALT_NO_INSTRUCTION_EMULATION -DALT_USE_SMALL_DRIVERS -DSMALL_C_LIB -DALT_SINGLE_THREADED    '-Os' -g -Wall  -mno-hw-div -mno-hw-mul -mno-hw-mulx -mgpopt=global   -o obj/HAL/src/alt_getpid.o HAL/src/alt_getpid.c
Compiling alt_gettod.c...
nios2-elf-gcc -xc -MP -MMD -c  -I./HAL/inc -I. -I./drivers/inc -pipe -D__hal__ -DALT_NO_C_PLUS_PLUS -DALT_NO_CLEAN_EXIT -D'exit(a)=_exit(a)' -DALT_NO_EXIT -DALT_USE_DIRECT_DRIVERS -DALT_NO_INSTRUCTION_EMULATION -DALT_USE_SMALL_DRIVERS -DSMALL_C_LIB -DALT_SINGLE_THREADED    '-Os' -g -Wall  -mno-hw-div -mno-hw-mul -mno-hw-mulx -mgpopt=global   -o obj/HAL/src/alt_gettod.o HAL/src/alt_gettod.c
Compiling alt_gmon.c...
nios2-elf-gcc -xc -MP -MMD -c  -I./HAL/inc -I. -I./drivers/inc -pipe -D__hal__ -DALT_NO_C_PLUS_PLUS -DALT_NO_CLEAN_EXIT -D'exit(a)=_exit(a)' -DALT_NO_EXIT -DALT_USE_DIRECT_DRIVERS -DALT_NO_INSTRUCTION_EMULATION -DALT_USE_SMALL_DRIVERS -DSMALL_C_LIB -DALT_SINGLE_THREADED    '-Os' -g -Wall  -mno-hw-div -mno-hw-mul -mno-hw-mulx -mgpopt=global   -o obj/HAL/src/alt_gmon.o HAL/src/alt_gmon.c
Compiling alt_icache_flush.c...
nios2-elf-gcc -xc -MP -MMD -c  -I./HAL/inc -I. -I./drivers/inc -pipe -D__hal__ -DALT_NO_C_PLUS_PLUS -DALT_NO_CLEAN_EXIT -D'exit(a)=_exit(a)' -DALT_NO_EXIT -DALT_USE_DIRECT_DRIVERS -DALT_NO_INSTRUCTION_EMULATION -DALT_USE_SMALL_DRIVERS -DSMALL_C_LIB -DALT_SINGLE_THREADED    '-Os' -g -Wall  -mno-hw-div -mno-hw-mul -mno-hw-mulx -mgpopt=global   -o obj/HAL/src/alt_icache_flush.o HAL/src/alt_icache_flush.c
Compiling alt_icache_flush_all.c...
nios2-elf-gcc -xc -MP -MMD -c  -I./HAL/inc -I. -I./drivers/inc -pipe -D__hal__ -DALT_NO_C_PLUS_PLUS -DALT_NO_CLEAN_EXIT -D'exit(a)=_exit(a)' -DALT_NO_EXIT -DALT_USE_DIRECT_DRIVERS -DALT_NO_INSTRUCTION_EMULATION -DALT_USE_SMALL_DRIVERS -DSMALL_C_LIB -DALT_SINGLE_THREADED    '-Os' -g -Wall  -mno-hw-div -mno-hw-mul -mno-hw-mulx -mgpopt=global   -o obj/HAL/src/alt_icache_flush_all.o HAL/src/alt_icache_flush_all.c
Compiling alt_iic.c...
nios2-elf-gcc -xc -MP -MMD -c  -I./HAL/inc -I. -I./drivers/inc -pipe -D__hal__ -DALT_NO_C_PLUS_PLUS -DALT_NO_CLEAN_EXIT -D'exit(a)=_exit(a)' -DALT_NO_EXIT -DALT_USE_DIRECT_DRIVERS -DALT_NO_INSTRUCTION_EMULATION -DALT_USE_SMALL_DRIVERS -DSMALL_C_LIB -DALT_SINGLE_THREADED    '-Os' -g -Wall  -mno-hw-div -mno-hw-mul -mno-hw-mulx -mgpopt=global   -o obj/HAL/src/alt_iic.o HAL/src/alt_iic.c
Compiling alt_iic_isr_register.c...
nios2-elf-gcc -xc -MP -MMD -c  -I./HAL/inc -I. -I./drivers/inc -pipe -D__hal__ -DALT_NO_C_PLUS_PLUS -DALT_NO_CLEAN_EXIT -D'exit(a)=_exit(a)' -DALT_NO_EXIT -DALT_USE_DIRECT_DRIVERS -DALT_NO_INSTRUCTION_EMULATION -DALT_USE_SMALL_DRIVERS -DSMALL_C_LIB -DALT_SINGLE_THREADED    '-Os' -g -Wall  -mno-hw-div -mno-hw-mul -mno-hw-mulx -mgpopt=global   -o obj/HAL/src/alt_iic_isr_register.o HAL/src/alt_iic_isr_register.c
Compiling alt_instruction_exception_entry.c...
nios2-elf-gcc -xc -MP -MMD -c  -I./HAL/inc -I. -I./drivers/inc -pipe -D__hal__ -DALT_NO_C_PLUS_PLUS -DALT_NO_CLEAN_EXIT -D'exit(a)=_exit(a)' -DALT_NO_EXIT -DALT_USE_DIRECT_DRIVERS -DALT_NO_INSTRUCTION_EMULATION -DALT_USE_SMALL_DRIVERS -DSMALL_C_LIB -DALT_SINGLE_THREADED    '-Os' -g -Wall  -mno-hw-div -mno-hw-mul -mno-hw-mulx -mgpopt=global   -o obj/HAL/src/alt_instruction_exception_entry.o HAL/src/alt_instruction_exception_entry.c
Compiling alt_instruction_exception_register.c...
nios2-elf-gcc -xc -MP -MMD -c  -I./HAL/inc -I. -I./drivers/inc -pipe -D__hal__ -DALT_NO_C_PLUS_PLUS -DALT_NO_CLEAN_EXIT -D'exit(a)=_exit(a)' -DALT_NO_EXIT -DALT_USE_DIRECT_DRIVERS -DALT_NO_INSTRUCTION_EMULATION -DALT_USE_SMALL_DRIVERS -DSMALL_C_LIB -DALT_SINGLE_THREADED    '-Os' -g -Wall  -mno-hw-div -mno-hw-mul -mno-hw-mulx -mgpopt=global   -o obj/HAL/src/alt_instruction_exception_register.o HAL/src/alt_instruction_exception_register.c
Compiling alt_io_redirect.c...
nios2-elf-gcc -xc -MP -MMD -c  -I./HAL/inc -I. -I./drivers/inc -pipe -D__hal__ -DALT_NO_C_PLUS_PLUS -DALT_NO_CLEAN_EXIT -D'exit(a)=_exit(a)' -DALT_NO_EXIT -DALT_USE_DIRECT_DRIVERS -DALT_NO_INSTRUCTION_EMULATION -DALT_USE_SMALL_DRIVERS -DSMALL_C_LIB -DALT_SINGLE_THREADED    '-Os' -g -Wall  -mno-hw-div -mno-hw-mul -mno-hw-mulx -mgpopt=global   -o obj/HAL/src/alt_io_redirect.o HAL/src/alt_io_redirect.c
Compiling alt_ioctl.c...
nios2-elf-gcc -xc -MP -MMD -c  -I./HAL/inc -I. -I./drivers/inc -pipe -D__hal__ -DALT_NO_C_PLUS_PLUS -DALT_NO_CLEAN_EXIT -D'exit(a)=_exit(a)' -DALT_NO_EXIT -DALT_USE_DIRECT_DRIVERS -DALT_NO_INSTRUCTION_EMULATION -DALT_USE_SMALL_DRIVERS -DSMALL_C_LIB -DALT_SINGLE_THREADED    '-Os' -g -Wall  -mno-hw-div -mno-hw-mul -mno-hw-mulx -mgpopt=global   -o obj/HAL/src/alt_ioctl.o HAL/src/alt_ioctl.c
Compiling alt_irq_entry.S...
nios2-elf-gcc -MP -MMD -c   '-Os' -g -Wall  -mno-hw-div -mno-hw-mul -mno-hw-mulx -mgpopt=global    -I./HAL/inc -I. -I./drivers/inc -pipe -D__hal__ -DALT_NO_C_PLUS_PLUS -DALT_NO_CLEAN_EXIT -D'exit(a)=_exit(a)' -DALT_NO_EXIT -DALT_USE_DIRECT_DRIVERS -DALT_NO_INSTRUCTION_EMULATION -DALT_USE_SMALL_DRIVERS -DSMALL_C_LIB -DALT_SINGLE_THREADED  -Wa,-gdwarf2  -o obj/HAL/src/alt_irq_entry.o HAL/src/alt_irq_entry.S
Compiling alt_irq_handler.c...
nios2-elf-gcc -xc -MP -MMD -c  -I./HAL/inc -I. -I./drivers/inc -pipe -D__hal__ -DALT_NO_C_PLUS_PLUS -DALT_NO_CLEAN_EXIT -D'exit(a)=_exit(a)' -DALT_NO_EXIT -DALT_USE_DIRECT_DRIVERS -DALT_NO_INSTRUCTION_EMULATION -DALT_USE_SMALL_DRIVERS -DSMALL_C_LIB -DALT_SINGLE_THREADED    '-Os' -g -Wall  -mno-hw-div -mno-hw-mul -mno-hw-mulx -mgpopt=global   -o obj/HAL/src/alt_irq_handler.o HAL/src/alt_irq_handler.c
Compiling alt_irq_register.c...
nios2-elf-gcc -xc -MP -MMD -c  -I./HAL/inc -I. -I./drivers/inc -pipe -D__hal__ -DALT_NO_C_PLUS_PLUS -DALT_NO_CLEAN_EXIT -D'exit(a)=_exit(a)' -DALT_NO_EXIT -DALT_USE_DIRECT_DRIVERS -DALT_NO_INSTRUCTION_EMULATION -DALT_USE_SMALL_DRIVERS -DSMALL_C_LIB -DALT_SINGLE_THREADED    '-Os' -g -Wall  -mno-hw-div -mno-hw-mul -mno-hw-mulx -mgpopt=global   -o obj/HAL/src/alt_irq_register.o HAL/src/alt_irq_register.c
Compiling alt_irq_vars.c...
nios2-elf-gcc -xc -MP -MMD -c  -I./HAL/inc -I. -I./drivers/inc -pipe -D__hal__ -DALT_NO_C_PLUS_PLUS -DALT_NO_CLEAN_EXIT -D'exit(a)=_exit(a)' -DALT_NO_EXIT -DALT_USE_DIRECT_DRIVERS -DALT_NO_INSTRUCTION_EMULATION -DALT_USE_SMALL_DRIVERS -DSMALL_C_LIB -DALT_SINGLE_THREADED    '-Os' -g -Wall  -mno-hw-div -mno-hw-mul -mno-hw-mulx -mgpopt=global   -o obj/HAL/src/alt_irq_vars.o HAL/src/alt_irq_vars.c
Compiling alt_isatty.c...
nios2-elf-gcc -xc -MP -MMD -c  -I./HAL/inc -I. -I./drivers/inc -pipe -D__hal__ -DALT_NO_C_PLUS_PLUS -DALT_NO_CLEAN_EXIT -D'exit(a)=_exit(a)' -DALT_NO_EXIT -DALT_USE_DIRECT_DRIVERS -DALT_NO_INSTRUCTION_EMULATION -DALT_USE_SMALL_DRIVERS -DSMALL_C_LIB -DALT_SINGLE_THREADED    '-Os' -g -Wall  -mno-hw-div -mno-hw-mul -mno-hw-mulx -mgpopt=global   -o obj/HAL/src/alt_isatty.o HAL/src/alt_isatty.c
Compiling alt_kill.c...
nios2-elf-gcc -xc -MP -MMD -c  -I./HAL/inc -I. -I./drivers/inc -pipe -D__hal__ -DALT_NO_C_PLUS_PLUS -DALT_NO_CLEAN_EXIT -D'exit(a)=_exit(a)' -DALT_NO_EXIT -DALT_USE_DIRECT_DRIVERS -DALT_NO_INSTRUCTION_EMULATION -DALT_USE_SMALL_DRIVERS -DSMALL_C_LIB -DALT_SINGLE_THREADED    '-Os' -g -Wall  -mno-hw-div -mno-hw-mul -mno-hw-mulx -mgpopt=global   -o obj/HAL/src/alt_kill.o HAL/src/alt_kill.c
Compiling alt_link.c...
nios2-elf-gcc -xc -MP -MMD -c  -I./HAL/inc -I. -I./drivers/inc -pipe -D__hal__ -DALT_NO_C_PLUS_PLUS -DALT_NO_CLEAN_EXIT -D'exit(a)=_exit(a)' -DALT_NO_EXIT -DALT_USE_DIRECT_DRIVERS -DALT_NO_INSTRUCTION_EMULATION -DALT_USE_SMALL_DRIVERS -DSMALL_C_LIB -DALT_SINGLE_THREADED    '-Os' -g -Wall  -mno-hw-div -mno-hw-mul -mno-hw-mulx -mgpopt=global   -o obj/HAL/src/alt_link.o HAL/src/alt_link.c
Compiling alt_load.c...
nios2-elf-gcc -xc -MP -MMD -c  -I./HAL/inc -I. -I./drivers/inc -pipe -D__hal__ -DALT_NO_C_PLUS_PLUS -DALT_NO_CLEAN_EXIT -D'exit(a)=_exit(a)' -DALT_NO_EXIT -DALT_USE_DIRECT_DRIVERS -DALT_NO_INSTRUCTION_EMULATION -DALT_USE_SMALL_DRIVERS -DSMALL_C_LIB -DALT_SINGLE_THREADED    '-Os' -g -Wall  -mno-hw-div -mno-hw-mul -mno-hw-mulx -mgpopt=global   -o obj/HAL/src/alt_load.o HAL/src/alt_load.c
Compiling alt_log_macro.S...
nios2-elf-gcc -MP -MMD -c   '-Os' -g -Wall  -mno-hw-div -mno-hw-mul -mno-hw-mulx -mgpopt=global    -I./HAL/inc -I. -I./drivers/inc -pipe -D__hal__ -DALT_NO_C_PLUS_PLUS -DALT_NO_CLEAN_EXIT -D'exit(a)=_exit(a)' -DALT_NO_EXIT -DALT_USE_DIRECT_DRIVERS -DALT_NO_INSTRUCTION_EMULATION -DALT_USE_SMALL_DRIVERS -DSMALL_C_LIB -DALT_SINGLE_THREADED  -Wa,-gdwarf2  -o obj/HAL/src/alt_log_macro.o HAL/src/alt_log_macro.S
Compiling alt_log_printf.c...
nios2-elf-gcc -xc -MP -MMD -c  -I./HAL/inc -I. -I./drivers/inc -pipe -D__hal__ -DALT_NO_C_PLUS_PLUS -DALT_NO_CLEAN_EXIT -D'exit(a)=_exit(a)' -DALT_NO_EXIT -DALT_USE_DIRECT_DRIVERS -DALT_NO_INSTRUCTION_EMULATION -DALT_USE_SMALL_DRIVERS -DSMALL_C_LIB -DALT_SINGLE_THREADED    '-Os' -g -Wall  -mno-hw-div -mno-hw-mul -mno-hw-mulx -mgpopt=global   -o obj/HAL/src/alt_log_printf.o HAL/src/alt_log_printf.c
Compiling alt_lseek.c...
nios2-elf-gcc -xc -MP -MMD -c  -I./HAL/inc -I. -I./drivers/inc -pipe -D__hal__ -DALT_NO_C_PLUS_PLUS -DALT_NO_CLEAN_EXIT -D'exit(a)=_exit(a)' -DALT_NO_EXIT -DALT_USE_DIRECT_DRIVERS -DALT_NO_INSTRUCTION_EMULATION -DALT_USE_SMALL_DRIVERS -DSMALL_C_LIB -DALT_SINGLE_THREADED    '-Os' -g -Wall  -mno-hw-div -mno-hw-mul -mno-hw-mulx -mgpopt=global   -o obj/HAL/src/alt_lseek.o HAL/src/alt_lseek.c
Compiling alt_main.c...
nios2-elf-gcc -xc -MP -MMD -c  -I./HAL/inc -I. -I./drivers/inc -pipe -D__hal__ -DALT_NO_C_PLUS_PLUS -DALT_NO_CLEAN_EXIT -D'exit(a)=_exit(a)' -DALT_NO_EXIT -DALT_USE_DIRECT_DRIVERS -DALT_NO_INSTRUCTION_EMULATION -DALT_USE_SMALL_DRIVERS -DSMALL_C_LIB -DALT_SINGLE_THREADED    '-Os' -g -Wall  -mno-hw-div -mno-hw-mul -mno-hw-mulx -mgpopt=global   -o obj/HAL/src/alt_main.o HAL/src/alt_main.c
Compiling alt_malloc_lock.c...
nios2-elf-gcc -xc -MP -MMD -c  -I./HAL/inc -I. -I./drivers/inc -pipe -D__hal__ -DALT_NO_C_PLUS_PLUS -DALT_NO_CLEAN_EXIT -D'exit(a)=_exit(a)' -DALT_NO_EXIT -DALT_USE_DIRECT_DRIVERS -DALT_NO_INSTRUCTION_EMULATION -DALT_USE_SMALL_DRIVERS -DSMALL_C_LIB -DALT_SINGLE_THREADED    '-Os' -g -Wall  -mno-hw-div -mno-hw-mul -mno-hw-mulx -mgpopt=global   -o obj/HAL/src/alt_malloc_lock.o HAL/src/alt_malloc_lock.c
Compiling alt_mcount.S...
nios2-elf-gcc -MP -MMD -c   '-Os' -g -Wall  -mno-hw-div -mno-hw-mul -mno-hw-mulx -mgpopt=global    -I./HAL/inc -I. -I./drivers/inc -pipe -D__hal__ -DALT_NO_C_PLUS_PLUS -DALT_NO_CLEAN_EXIT -D'exit(a)=_exit(a)' -DALT_NO_EXIT -DALT_USE_DIRECT_DRIVERS -DALT_NO_INSTRUCTION_EMULATION -DALT_USE_SMALL_DRIVERS -DSMALL_C_LIB -DALT_SINGLE_THREADED  -Wa,-gdwarf2  -o obj/HAL/src/alt_mcount.o HAL/src/alt_mcount.S
Compiling alt_open.c...
nios2-elf-gcc -xc -MP -MMD -c  -I./HAL/inc -I. -I./drivers/inc -pipe -D__hal__ -DALT_NO_C_PLUS_PLUS -DALT_NO_CLEAN_EXIT -D'exit(a)=_exit(a)' -DALT_NO_EXIT -DALT_USE_DIRECT_DRIVERS -DALT_NO_INSTRUCTION_EMULATION -DALT_USE_SMALL_DRIVERS -DSMALL_C_LIB -DALT_SINGLE_THREADED    '-Os' -g -Wall  -mno-hw-div -mno-hw-mul -mno-hw-mulx -mgpopt=global   -o obj/HAL/src/alt_open.o HAL/src/alt_open.c
Compiling alt_printf.c...
nios2-elf-gcc -xc -MP -MMD -c  -I./HAL/inc -I. -I./drivers/inc -pipe -D__hal__ -DALT_NO_C_PLUS_PLUS -DALT_NO_CLEAN_EXIT -D'exit(a)=_exit(a)' -DALT_NO_EXIT -DALT_USE_DIRECT_DRIVERS -DALT_NO_INSTRUCTION_EMULATION -DALT_USE_SMALL_DRIVERS -DSMALL_C_LIB -DALT_SINGLE_THREADED    '-Os' -g -Wall  -mno-hw-div -mno-hw-mul -mno-hw-mulx -mgpopt=global   -o obj/HAL/src/alt_printf.o HAL/src/alt_printf.c
Compiling alt_putchar.c...
nios2-elf-gcc -xc -MP -MMD -c  -I./HAL/inc -I. -I./drivers/inc -pipe -D__hal__ -DALT_NO_C_PLUS_PLUS -DALT_NO_CLEAN_EXIT -D'exit(a)=_exit(a)' -DALT_NO_EXIT -DALT_USE_DIRECT_DRIVERS -DALT_NO_INSTRUCTION_EMULATION -DALT_USE_SMALL_DRIVERS -DSMALL_C_LIB -DALT_SINGLE_THREADED    '-Os' -g -Wall  -mno-hw-div -mno-hw-mul -mno-hw-mulx -mgpopt=global   -o obj/HAL/src/alt_putchar.o HAL/src/alt_putchar.c
Compiling alt_putcharbuf.c...
nios2-elf-gcc -xc -MP -MMD -c  -I./HAL/inc -I. -I./drivers/inc -pipe -D__hal__ -DALT_NO_C_PLUS_PLUS -DALT_NO_CLEAN_EXIT -D'exit(a)=_exit(a)' -DALT_NO_EXIT -DALT_USE_DIRECT_DRIVERS -DALT_NO_INSTRUCTION_EMULATION -DALT_USE_SMALL_DRIVERS -DSMALL_C_LIB -DALT_SINGLE_THREADED    '-Os' -g -Wall  -mno-hw-div -mno-hw-mul -mno-hw-mulx -mgpopt=global   -o obj/HAL/src/alt_putcharbuf.o HAL/src/alt_putcharbuf.c
Compiling alt_putstr.c...
nios2-elf-gcc -xc -MP -MMD -c  -I./HAL/inc -I. -I./drivers/inc -pipe -D__hal__ -DALT_NO_C_PLUS_PLUS -DALT_NO_CLEAN_EXIT -D'exit(a)=_exit(a)' -DALT_NO_EXIT -DALT_USE_DIRECT_DRIVERS -DALT_NO_INSTRUCTION_EMULATION -DALT_USE_SMALL_DRIVERS -DSMALL_C_LIB -DALT_SINGLE_THREADED    '-Os' -g -Wall  -mno-hw-div -mno-hw-mul -mno-hw-mulx -mgpopt=global   -o obj/HAL/src/alt_putstr.o HAL/src/alt_putstr.c
Compiling alt_read.c...
nios2-elf-gcc -xc -MP -MMD -c  -I./HAL/inc -I. -I./drivers/inc -pipe -D__hal__ -DALT_NO_C_PLUS_PLUS -DALT_NO_CLEAN_EXIT -D'exit(a)=_exit(a)' -DALT_NO_EXIT -DALT_USE_DIRECT_DRIVERS -DALT_NO_INSTRUCTION_EMULATION -DALT_USE_SMALL_DRIVERS -DSMALL_C_LIB -DALT_SINGLE_THREADED    '-Os' -g -Wall  -mno-hw-div -mno-hw-mul -mno-hw-mulx -mgpopt=global   -o obj/HAL/src/alt_read.o HAL/src/alt_read.c
Compiling alt_release_fd.c...
nios2-elf-gcc -xc -MP -MMD -c  -I./HAL/inc -I. -I./drivers/inc -pipe -D__hal__ -DALT_NO_C_PLUS_PLUS -DALT_NO_CLEAN_EXIT -D'exit(a)=_exit(a)' -DALT_NO_EXIT -DALT_USE_DIRECT_DRIVERS -DALT_NO_INSTRUCTION_EMULATION -DALT_USE_SMALL_DRIVERS -DSMALL_C_LIB -DALT_SINGLE_THREADED    '-Os' -g -Wall  -mno-hw-div -mno-hw-mul -mno-hw-mulx -mgpopt=global   -o obj/HAL/src/alt_release_fd.o HAL/src/alt_release_fd.c
Compiling alt_remap_cached.c...
nios2-elf-gcc -xc -MP -MMD -c  -I./HAL/inc -I. -I./drivers/inc -pipe -D__hal__ -DALT_NO_C_PLUS_PLUS -DALT_NO_CLEAN_EXIT -D'exit(a)=_exit(a)' -DALT_NO_EXIT -DALT_USE_DIRECT_DRIVERS -DALT_NO_INSTRUCTION_EMULATION -DALT_USE_SMALL_DRIVERS -DSMALL_C_LIB -DALT_SINGLE_THREADED    '-Os' -g -Wall  -mno-hw-div -mno-hw-mul -mno-hw-mulx -mgpopt=global   -o obj/HAL/src/alt_remap_cached.o HAL/src/alt_remap_cached.c
Compiling alt_remap_uncached.c...
nios2-elf-gcc -xc -MP -MMD -c  -I./HAL/inc -I. -I./drivers/inc -pipe -D__hal__ -DALT_NO_C_PLUS_PLUS -DALT_NO_CLEAN_EXIT -D'exit(a)=_exit(a)' -DALT_NO_EXIT -DALT_USE_DIRECT_DRIVERS -DALT_NO_INSTRUCTION_EMULATION -DALT_USE_SMALL_DRIVERS -DSMALL_C_LIB -DALT_SINGLE_THREADED    '-Os' -g -Wall  -mno-hw-div -mno-hw-mul -mno-hw-mulx -mgpopt=global   -o obj/HAL/src/alt_remap_uncached.o HAL/src/alt_remap_uncached.c
Compiling alt_rename.c...
nios2-elf-gcc -xc -MP -MMD -c  -I./HAL/inc -I. -I./drivers/inc -pipe -D__hal__ -DALT_NO_C_PLUS_PLUS -DALT_NO_CLEAN_EXIT -D'exit(a)=_exit(a)' -DALT_NO_EXIT -DALT_USE_DIRECT_DRIVERS -DALT_NO_INSTRUCTION_EMULATION -DALT_USE_SMALL_DRIVERS -DSMALL_C_LIB -DALT_SINGLE_THREADED    '-Os' -g -Wall  -mno-hw-div -mno-hw-mul -mno-hw-mulx -mgpopt=global   -o obj/HAL/src/alt_rename.o HAL/src/alt_rename.c
Compiling alt_sbrk.c...
nios2-elf-gcc -xc -MP -MMD -c  -I./HAL/inc -I. -I./drivers/inc -pipe -D__hal__ -DALT_NO_C_PLUS_PLUS -DALT_NO_CLEAN_EXIT -D'exit(a)=_exit(a)' -DALT_NO_EXIT -DALT_USE_DIRECT_DRIVERS -DALT_NO_INSTRUCTION_EMULATION -DALT_USE_SMALL_DRIVERS -DSMALL_C_LIB -DALT_SINGLE_THREADED    '-Os' -g -Wall  -mno-hw-div -mno-hw-mul -mno-hw-mulx -mgpopt=global   -o obj/HAL/src/alt_sbrk.o HAL/src/alt_sbrk.c
Compiling alt_settod.c...
nios2-elf-gcc -xc -MP -MMD -c  -I./HAL/inc -I. -I./drivers/inc -pipe -D__hal__ -DALT_NO_C_PLUS_PLUS -DALT_NO_CLEAN_EXIT -D'exit(a)=_exit(a)' -DALT_NO_EXIT -DALT_USE_DIRECT_DRIVERS -DALT_NO_INSTRUCTION_EMULATION -DALT_USE_SMALL_DRIVERS -DSMALL_C_LIB -DALT_SINGLE_THREADED    '-Os' -g -Wall  -mno-hw-div -mno-hw-mul -mno-hw-mulx -mgpopt=global   -o obj/HAL/src/alt_settod.o HAL/src/alt_settod.c
Compiling alt_software_exception.S...
nios2-elf-gcc -MP -MMD -c   '-Os' -g -Wall  -mno-hw-div -mno-hw-mul -mno-hw-mulx -mgpopt=global    -I./HAL/inc -I. -I./drivers/inc -pipe -D__hal__ -DALT_NO_C_PLUS_PLUS -DALT_NO_CLEAN_EXIT -D'exit(a)=_exit(a)' -DALT_NO_EXIT -DALT_USE_DIRECT_DRIVERS -DALT_NO_INSTRUCTION_EMULATION -DALT_USE_SMALL_DRIVERS -DSMALL_C_LIB -DALT_SINGLE_THREADED  -Wa,-gdwarf2  -o obj/HAL/src/alt_software_exception.o HAL/src/alt_software_exception.S
Compiling alt_stat.c...
nios2-elf-gcc -xc -MP -MMD -c  -I./HAL/inc -I. -I./drivers/inc -pipe -D__hal__ -DALT_NO_C_PLUS_PLUS -DALT_NO_CLEAN_EXIT -D'exit(a)=_exit(a)' -DALT_NO_EXIT -DALT_USE_DIRECT_DRIVERS -DALT_NO_INSTRUCTION_EMULATION -DALT_USE_SMALL_DRIVERS -DSMALL_C_LIB -DALT_SINGLE_THREADED    '-Os' -g -Wall  -mno-hw-div -mno-hw-mul -mno-hw-mulx -mgpopt=global   -o obj/HAL/src/alt_stat.o HAL/src/alt_stat.c
Compiling alt_tick.c...
nios2-elf-gcc -xc -MP -MMD -c  -I./HAL/inc -I. -I./drivers/inc -pipe -D__hal__ -DALT_NO_C_PLUS_PLUS -DALT_NO_CLEAN_EXIT -D'exit(a)=_exit(a)' -DALT_NO_EXIT -DALT_USE_DIRECT_DRIVERS -DALT_NO_INSTRUCTION_EMULATION -DALT_USE_SMALL_DRIVERS -DSMALL_C_LIB -DALT_SINGLE_THREADED    '-Os' -g -Wall  -mno-hw-div -mno-hw-mul -mno-hw-mulx -mgpopt=global   -o obj/HAL/src/alt_tick.o HAL/src/alt_tick.c
Compiling alt_times.c...
nios2-elf-gcc -xc -MP -MMD -c  -I./HAL/inc -I. -I./drivers/inc -pipe -D__hal__ -DALT_NO_C_PLUS_PLUS -DALT_NO_CLEAN_EXIT -D'exit(a)=_exit(a)' -DALT_NO_EXIT -DALT_USE_DIRECT_DRIVERS -DALT_NO_INSTRUCTION_EMULATION -DALT_USE_SMALL_DRIVERS -DSMALL_C_LIB -DALT_SINGLE_THREADED    '-Os' -g -Wall  -mno-hw-div -mno-hw-mul -mno-hw-mulx -mgpopt=global   -o obj/HAL/src/alt_times.o HAL/src/alt_times.c
Compiling alt_uncached_free.c...
nios2-elf-gcc -xc -MP -MMD -c  -I./HAL/inc -I. -I./drivers/inc -pipe -D__hal__ -DALT_NO_C_PLUS_PLUS -DALT_NO_CLEAN_EXIT -D'exit(a)=_exit(a)' -DALT_NO_EXIT -DALT_USE_DIRECT_DRIVERS -DALT_NO_INSTRUCTION_EMULATION -DALT_USE_SMALL_DRIVERS -DSMALL_C_LIB -DALT_SINGLE_THREADED    '-Os' -g -Wall  -mno-hw-div -mno-hw-mul -mno-hw-mulx -mgpopt=global   -o obj/HAL/src/alt_uncached_free.o HAL/src/alt_uncached_free.c
Compiling alt_uncached_malloc.c...
nios2-elf-gcc -xc -MP -MMD -c  -I./HAL/inc -I. -I./drivers/inc -pipe -D__hal__ -DALT_NO_C_PLUS_PLUS -DALT_NO_CLEAN_EXIT -D'exit(a)=_exit(a)' -DALT_NO_EXIT -DALT_USE_DIRECT_DRIVERS -DALT_NO_INSTRUCTION_EMULATION -DALT_USE_SMALL_DRIVERS -DSMALL_C_LIB -DALT_SINGLE_THREADED    '-Os' -g -Wall  -mno-hw-div -mno-hw-mul -mno-hw-mulx -mgpopt=global   -o obj/HAL/src/alt_uncached_malloc.o HAL/src/alt_uncached_malloc.c
Compiling alt_unlink.c...
nios2-elf-gcc -xc -MP -MMD -c  -I./HAL/inc -I. -I./drivers/inc -pipe -D__hal__ -DALT_NO_C_PLUS_PLUS -DALT_NO_CLEAN_EXIT -D'exit(a)=_exit(a)' -DALT_NO_EXIT -DALT_USE_DIRECT_DRIVERS -DALT_NO_INSTRUCTION_EMULATION -DALT_USE_SMALL_DRIVERS -DSMALL_C_LIB -DALT_SINGLE_THREADED    '-Os' -g -Wall  -mno-hw-div -mno-hw-mul -mno-hw-mulx -mgpopt=global   -o obj/HAL/src/alt_unlink.o HAL/src/alt_unlink.c
Compiling alt_usleep.c...
nios2-elf-gcc -xc -MP -MMD -c  -I./HAL/inc -I. -I./drivers/inc -pipe -D__hal__ -DALT_NO_C_PLUS_PLUS -DALT_NO_CLEAN_EXIT -D'exit(a)=_exit(a)' -DALT_NO_EXIT -DALT_USE_DIRECT_DRIVERS -DALT_NO_INSTRUCTION_EMULATION -DALT_USE_SMALL_DRIVERS -DSMALL_C_LIB -DALT_SINGLE_THREADED    '-Os' -g -Wall  -mno-hw-div -mno-hw-mul -mno-hw-mulx -mgpopt=global   -o obj/HAL/src/alt_usleep.o HAL/src/alt_usleep.c
Compiling alt_wait.c...
nios2-elf-gcc -xc -MP -MMD -c  -I./HAL/inc -I. -I./drivers/inc -pipe -D__hal__ -DALT_NO_C_PLUS_PLUS -DALT_NO_CLEAN_EXIT -D'exit(a)=_exit(a)' -DALT_NO_EXIT -DALT_USE_DIRECT_DRIVERS -DALT_NO_INSTRUCTION_EMULATION -DALT_USE_SMALL_DRIVERS -DSMALL_C_LIB -DALT_SINGLE_THREADED    '-Os' -g -Wall  -mno-hw-div -mno-hw-mul -mno-hw-mulx -mgpopt=global   -o obj/HAL/src/alt_wait.o HAL/src/alt_wait.c
Compiling alt_write.c...
nios2-elf-gcc -xc -MP -MMD -c  -I./HAL/inc -I. -I./drivers/inc -pipe -D__hal__ -DALT_NO_C_PLUS_PLUS -DALT_NO_CLEAN_EXIT -D'exit(a)=_exit(a)' -DALT_NO_EXIT -DALT_USE_DIRECT_DRIVERS -DALT_NO_INSTRUCTION_EMULATION -DALT_USE_SMALL_DRIVERS -DSMALL_C_LIB -DALT_SINGLE_THREADED    '-Os' -g -Wall  -mno-hw-div -mno-hw-mul -mno-hw-mulx -mgpopt=global   -o obj/HAL/src/alt_write.o HAL/src/alt_write.c
Compiling altera_nios2_gen2_irq.c...
nios2-elf-gcc -xc -MP -MMD -c  -I./HAL/inc -I. -I./drivers/inc -pipe -D__hal__ -DALT_NO_C_PLUS_PLUS -DALT_NO_CLEAN_EXIT -D'exit(a)=_exit(a)' -DALT_NO_EXIT -DALT_USE_DIRECT_DRIVERS -DALT_NO_INSTRUCTION_EMULATION -DALT_USE_SMALL_DRIVERS -DSMALL_C_LIB -DALT_SINGLE_THREADED    '-Os' -g -Wall  -mno-hw-div -mno-hw-mul -mno-hw-mulx -mgpopt=global   -o obj/HAL/src/altera_nios2_gen2_irq.o HAL/src/altera_nios2_gen2_irq.c
Compiling crt0.S...
nios2-elf-gcc -MP -MMD -c   '-Os' -g -Wall  -mno-hw-div -mno-hw-mul -mno-hw-mulx -mgpopt=global    -I./HAL/inc -I. -I./drivers/inc -pipe -D__hal__ -DALT_NO_C_PLUS_PLUS -DALT_NO_CLEAN_EXIT -D'exit(a)=_exit(a)' -DALT_NO_EXIT -DALT_USE_DIRECT_DRIVERS -DALT_NO_INSTRUCTION_EMULATION -DALT_USE_SMALL_DRIVERS -DSMALL_C_LIB -DALT_SINGLE_THREADED  -Wa,-gdwarf2  -o obj/HAL/src/crt0.o HAL/src/crt0.S
Compiling alt_sys_init.c...
nios2-elf-gcc -xc -MP -MMD -c  -I./HAL/inc -I. -I./drivers/inc -pipe -D__hal__ -DALT_NO_C_PLUS_PLUS -DALT_NO_CLEAN_EXIT -D'exit(a)=_exit(a)' -DALT_NO_EXIT -DALT_USE_DIRECT_DRIVERS -DALT_NO_INSTRUCTION_EMULATION -DALT_USE_SMALL_DRIVERS -DSMALL_C_LIB -DALT_SINGLE_THREADED    '-Os' -g -Wall  -mno-hw-div -mno-hw-mul -mno-hw-mulx -mgpopt=global   -o obj/alt_sys_init.o alt_sys_init.c
Compiling altera_avalon_jtag_uart_fd.c...
nios2-elf-gcc -xc -MP -MMD -c  -I./HAL/inc -I. -I./drivers/inc -pipe -D__hal__ -DALT_NO_C_PLUS_PLUS -DALT_NO_CLEAN_EXIT -D'exit(a)=_exit(a)' -DALT_NO_EXIT -DALT_USE_DIRECT_DRIVERS -DALT_NO_INSTRUCTION_EMULATION -DALT_USE_SMALL_DRIVERS -DSMALL_C_LIB -DALT_SINGLE_THREADED    '-Os' -g -Wall  -mno-hw-div -mno-hw-mul -mno-hw-mulx -mgpopt=global   -o obj/drivers/src/altera_avalon_jtag_uart_fd.o drivers/src/altera_avalon_jtag_uart_fd.c
Compiling altera_avalon_jtag_uart_init.c...
nios2-elf-gcc -xc -MP -MMD -c  -I./HAL/inc -I. -I./drivers/inc -pipe -D__hal__ -DALT_NO_C_PLUS_PLUS -DALT_NO_CLEAN_EXIT -D'exit(a)=_exit(a)' -DALT_NO_EXIT -DALT_USE_DIRECT_DRIVERS -DALT_NO_INSTRUCTION_EMULATION -DALT_USE_SMALL_DRIVERS -DSMALL_C_LIB -DALT_SINGLE_THREADED    '-Os' -g -Wall  -mno-hw-div -mno-hw-mul -mno-hw-mulx -mgpopt=global   -o obj/drivers/src/altera_avalon_jtag_uart_init.o drivers/src/altera_avalon_jtag_uart_init.c
Compiling altera_avalon_jtag_uart_ioctl.c...
nios2-elf-gcc -xc -MP -MMD -c  -I./HAL/inc -I. -I./drivers/inc -pipe -D__hal__ -DALT_NO_C_PLUS_PLUS -DALT_NO_CLEAN_EXIT -D'exit(a)=_exit(a)' -DALT_NO_EXIT -DALT_USE_DIRECT_DRIVERS -DALT_NO_INSTRUCTION_EMULATION -DALT_USE_SMALL_DRIVERS -DSMALL_C_LIB -DALT_SINGLE_THREADED    '-Os' -g -Wall  -mno-hw-div -mno-hw-mul -mno-hw-mulx -mgpopt=global   -o obj/drivers/src/altera_avalon_jtag_uart_ioctl.o drivers/src/altera_avalon_jtag_uart_ioctl.c
Compiling altera_avalon_jtag_uart_read.c...
nios2-elf-gcc -xc -MP -MMD -c  -I./HAL/inc -I. -I./drivers/inc -pipe -D__hal__ -DALT_NO_C_PLUS_PLUS -DALT_NO_CLEAN_EXIT -D'exit(a)=_exit(a)' -DALT_NO_EXIT -DALT_USE_DIRECT_DRIVERS -DALT_NO_INSTRUCTION_EMULATION -DALT_USE_SMALL_DRIVERS -DSMALL_C_LIB -DALT_SINGLE_THREADED    '-Os' -g -Wall  -mno-hw-div -mno-hw-mul -mno-hw-mulx -mgpopt=global   -o obj/drivers/src/altera_avalon_jtag_uart_read.o drivers/src/altera_avalon_jtag_uart_read.c
Compiling altera_avalon_jtag_uart_write.c...
nios2-elf-gcc -xc -MP -MMD -c  -I./HAL/inc -I. -I./drivers/inc -pipe -D__hal__ -DALT_NO_C_PLUS_PLUS -DALT_NO_CLEAN_EXIT -D'exit(a)=_exit(a)' -DALT_NO_EXIT -DALT_USE_DIRECT_DRIVERS -DALT_NO_INSTRUCTION_EMULATION -DALT_USE_SMALL_DRIVERS -DSMALL_C_LIB -DALT_SINGLE_THREADED    '-Os' -g -Wall  -mno-hw-div -mno-hw-mul -mno-hw-mulx -mgpopt=global   -o obj/drivers/src/altera_avalon_jtag_uart_write.o drivers/src/altera_avalon_jtag_uart_write.c
Compiling altera_avalon_sysid_qsys.c...
nios2-elf-gcc -xc -MP -MMD -c  -I./HAL/inc -I. -I./drivers/inc -pipe -D__hal__ -DALT_NO_C_PLUS_PLUS -DALT_NO_CLEAN_EXIT -D'exit(a)=_exit(a)' -DALT_NO_EXIT -DALT_USE_DIRECT_DRIVERS -DALT_NO_INSTRUCTION_EMULATION -DALT_USE_SMALL_DRIVERS -DSMALL_C_LIB -DALT_SINGLE_THREADED    '-Os' -g -Wall  -mno-hw-div -mno-hw-mul -mno-hw-mulx -mgpopt=global   -o obj/drivers/src/altera_avalon_sysid_qsys.o drivers/src/altera_avalon_sysid_qsys.c
Compiling altera_avalon_timer_sc.c...
nios2-elf-gcc -xc -MP -MMD -c  -I./HAL/inc -I. -I./drivers/inc -pipe -D__hal__ -DALT_NO_C_PLUS_PLUS -DALT_NO_CLEAN_EXIT -D'exit(a)=_exit(a)' -DALT_NO_EXIT -DALT_USE_DIRECT_DRIVERS -DALT_NO_INSTRUCTION_EMULATION -DALT_USE_SMALL_DRIVERS -DSMALL_C_LIB -DALT_SINGLE_THREADED    '-Os' -g -Wall  -mno-hw-div -mno-hw-mul -mno-hw-mulx -mgpopt=global   -o obj/drivers/src/altera_avalon_timer_sc.o drivers/src/altera_avalon_timer_sc.c
Compiling altera_avalon_timer_ts.c...
nios2-elf-gcc -xc -MP -MMD -c  -I./HAL/inc -I. -I./drivers/inc -pipe -D__hal__ -DALT_NO_C_PLUS_PLUS -DALT_NO_CLEAN_EXIT -D'exit(a)=_exit(a)' -DALT_NO_EXIT -DALT_USE_DIRECT_DRIVERS -DALT_NO_INSTRUCTION_EMULATION -DALT_USE_SMALL_DRIVERS -DSMALL_C_LIB -DALT_SINGLE_THREADED    '-Os' -g -Wall  -mno-hw-div -mno-hw-mul -mno-hw-mulx -mgpopt=global   -o obj/drivers/src/altera_avalon_timer_ts.o drivers/src/altera_avalon_timer_ts.c
Compiling altera_avalon_timer_vars.c...
nios2-elf-gcc -xc -MP -MMD -c  -I./HAL/inc -I. -I./drivers/inc -pipe -D__hal__ -DALT_NO_C_PLUS_PLUS -DALT_NO_CLEAN_EXIT -D'exit(a)=_exit(a)' -DALT_NO_EXIT -DALT_USE_DIRECT_DRIVERS -DALT_NO_INSTRUCTION_EMULATION -DALT_USE_SMALL_DRIVERS -DSMALL_C_LIB -DALT_SINGLE_THREADED    '-Os' -g -Wall  -mno-hw-div -mno-hw-mul -mno-hw-mulx -mgpopt=global   -o obj/drivers/src/altera_avalon_timer_vars.o drivers/src/altera_avalon_timer_vars.c
Creating libhal_bsp.a...
rm -f -f libhal_bsp.a
nios2-elf-ar -src libhal_bsp.a obj/HAL/src/alt_alarm_start.o obj/HAL/src/alt_busy_sleep.o obj/HAL/src/alt_close.o obj/HAL/src/alt_dcache_flush.o obj/HAL/src/alt_dcache_flush_all.o obj/HAL/src/alt_dcache_flush_no_writeback.o obj/HAL/src/alt_dev.o obj/HAL/src/alt_dev_llist_insert.o obj/HAL/src/alt_dma_rxchan_open.o obj/HAL/src/alt_dma_txchan_open.o obj/HAL/src/alt_do_ctors.o obj/HAL/src/alt_do_dtors.o obj/HAL/src/alt_ecc_fatal_entry.o obj/HAL/src/alt_ecc_fatal_exception.o obj/HAL/src/alt_env_lock.o obj/HAL/src/alt_environ.o obj/HAL/src/alt_errno.o obj/HAL/src/alt_exception_entry.o obj/HAL/src/alt_exception_muldiv.o obj/HAL/src/alt_exception_trap.o obj/HAL/src/alt_execve.o obj/HAL/src/alt_exit.o obj/HAL/src/alt_fcntl.o obj/HAL/src/alt_fd_lock.o obj/HAL/src/alt_fd_unlock.o obj/HAL/src/alt_find_dev.o obj/HAL/src/alt_find_file.o obj/HAL/src/alt_flash_dev.o obj/HAL/src/alt_fork.o obj/HAL/src/alt_fs_reg.o obj/HAL/src/alt_fstat.o obj/HAL/src/alt_get_fd.o obj/HAL/src/alt_getchar.o obj/HAL/src/alt_getpid.o obj/HAL/src/alt_gettod.o obj/HAL/src/alt_gmon.o obj/HAL/src/alt_icache_flush.o obj/HAL/src/alt_icache_flush_all.o obj/HAL/src/alt_iic.o obj/HAL/src/alt_iic_isr_register.o obj/HAL/src/alt_instruction_exception_entry.o obj/HAL/src/alt_instruction_exception_register.o obj/HAL/src/alt_io_redirect.o obj/HAL/src/alt_ioctl.o obj/HAL/src/alt_irq_entry.o obj/HAL/src/alt_irq_handler.o obj/HAL/src/alt_irq_register.o obj/HAL/src/alt_irq_vars.o obj/HAL/src/alt_isatty.o obj/HAL/src/alt_kill.o obj/HAL/src/alt_link.o obj/HAL/src/alt_load.o obj/HAL/src/alt_log_macro.o obj/HAL/src/alt_log_printf.o obj/HAL/src/alt_lseek.o obj/HAL/src/alt_main.o obj/HAL/src/alt_malloc_lock.o obj/HAL/src/alt_mcount.o obj/HAL/src/alt_open.o obj/HAL/src/alt_printf.o obj/HAL/src/alt_putchar.o obj/HAL/src/alt_putcharbuf.o obj/HAL/src/alt_putstr.o obj/HAL/src/alt_read.o obj/HAL/src/alt_release_fd.o obj/HAL/src/alt_remap_cached.o obj/HAL/src/alt_remap_uncached.o obj/HAL/src/alt_rename.o obj/HAL/src/alt_sbrk.o obj/HAL/src/alt_settod.o obj/HAL/src/alt_software_exception.o obj/HAL/src/alt_stat.o obj/HAL/src/alt_tick.o obj/HAL/src/alt_times.o obj/HAL/src/alt_uncached_free.o obj/HAL/src/alt_uncached_malloc.o obj/HAL/src/alt_unlink.o obj/HAL/src/alt_usleep.o obj/HAL/src/alt_wait.o obj/HAL/src/alt_write.o obj/HAL/src/altera_nios2_gen2_irq.o obj/HAL/src/crt0.o obj/alt_sys_init.o obj/drivers/src/altera_avalon_jtag_uart_fd.o obj/drivers/src/altera_avalon_jtag_uart_init.o obj/drivers/src/altera_avalon_jtag_uart_ioctl.o obj/drivers/src/altera_avalon_jtag_uart_read.o obj/drivers/src/altera_avalon_jtag_uart_write.o obj/drivers/src/altera_avalon_sysid_qsys.o obj/drivers/src/altera_avalon_timer_sc.o obj/drivers/src/altera_avalon_timer_ts.o obj/drivers/src/altera_avalon_timer_vars.o
[BSP build complete]
Info: Compiling audio_nios.c to obj/default/audio_nios.o
nios2-elf-gcc -xc -MP -MMD -c -I../nios_soft_bsp//HAL/inc -I../nios_soft_bsp/ -I../nios_soft_bsp//drivers/inc  -pipe -D__hal__ -DALT_NO_C_PLUS_PLUS -DALT_NO_CLEAN_EXIT -D'exit(a)=_exit(a)' -DALT_NO_EXIT -DALT_USE_DIRECT_DRIVERS -DALT_NO_INSTRUCTION_EMULATION -DALT_USE_SMALL_DRIVERS -DSMALL_C_LIB -DALT_SINGLE_THREADED    -Os -g -Wall   -mno-hw-div -mno-hw-mul -mno-hw-mulx -mgpopt=global  -o obj/default/audio_nios.o audio_nios.c
audio_nios.c: In function 'oc_i2c_audio_init':
audio_nios.c:89:12: warning: format '%lx' expects argument of type 'long unsigned int', but argument 2 has type 'int' [-Wformat=]
     printf("[NIOS] I2C prescaler LO = 0x%02lx\n",
            ^
audio_nios.c:89:12: warning: format '%lx' expects argument of type 'long unsigned int', but argument 2 has type 'int' [-Wformat=]
audio_nios.c:92:12: warning: format '%lx' expects argument of type 'long unsigned int', but argument 2 has type 'int' [-Wformat=]
     printf("[NIOS] I2C prescaler HI = 0x%02lx\n",
            ^
audio_nios.c:92:12: warning: format '%lx' expects argument of type 'long unsigned int', but argument 2 has type 'int' [-Wformat=]
audio_nios.c:95:12: warning: format '%lx' expects argument of type 'long unsigned int', but argument 2 has type 'int' [-Wformat=]
     printf("[NIOS] I2C control = 0x%02lx\n",
            ^
audio_nios.c:95:12: warning: format '%lx' expects argument of type 'long unsigned int', but argument 2 has type 'int' [-Wformat=]
audio_nios.c: At top level:
audio_nios.c:131:3: error: expected identifier or '(' before 'void'
 * void audio_dac_fifo_set_data(int16_t left, int16_t right) {
   ^
make: *** [obj/default/audio_nios.o] Error 1
11:59:24 **** Build of configuration Nios II for project nios_soft_bsp ****
make all 
[BSP build complete]
11:59:51 **** Incremental Build of configuration Nios II for project nios_soft ****
make all 
Info: Building ../nios_soft_bsp/
C:/intelFPGA_lite/18.1/nios2eds/bin/gnu/H-x86_64-mingw32/bin/make --no-print-directory -C ../nios_soft_bsp/
[BSP build complete]
Info: Compiling audio_nios.c to obj/default/audio_nios.o
nios2-elf-gcc -xc -MP -MMD -c -I../nios_soft_bsp//HAL/inc -I../nios_soft_bsp/ -I../nios_soft_bsp//drivers/inc  -pipe -D__hal__ -DALT_NO_C_PLUS_PLUS -DALT_NO_CLEAN_EXIT -D'exit(a)=_exit(a)' -DALT_NO_EXIT -DALT_USE_DIRECT_DRIVERS -DALT_NO_INSTRUCTION_EMULATION -DALT_USE_SMALL_DRIVERS -DSMALL_C_LIB -DALT_SINGLE_THREADED    -Os -g -Wall   -mno-hw-div -mno-hw-mul -mno-hw-mulx -mgpopt=global  -o obj/default/audio_nios.o audio_nios.c
audio_nios.c: In function 'oc_i2c_audio_init':
audio_nios.c:89:12: warning: format '%lx' expects argument of type 'long unsigned int', but argument 2 has type 'int' [-Wformat=]
     printf("[NIOS] I2C prescaler LO = 0x%02lx\n",
            ^
audio_nios.c:89:12: warning: format '%lx' expects argument of type 'long unsigned int', but argument 2 has type 'int' [-Wformat=]
audio_nios.c:92:12: warning: format '%lx' expects argument of type 'long unsigned int', but argument 2 has type 'int' [-Wformat=]
     printf("[NIOS] I2C prescaler HI = 0x%02lx\n",
            ^
audio_nios.c:92:12: warning: format '%lx' expects argument of type 'long unsigned int', but argument 2 has type 'int' [-Wformat=]
audio_nios.c:95:12: warning: format '%lx' expects argument of type 'long unsigned int', but argument 2 has type 'int' [-Wformat=]
     printf("[NIOS] I2C control = 0x%02lx\n",
            ^
audio_nios.c:95:12: warning: format '%lx' expects argument of type 'long unsigned int', but argument 2 has type 'int' [-Wformat=]
Info: Compiling hello_world_small.c to obj/default/hello_world_small.o
nios2-elf-gcc -xc -MP -MMD -c -I../nios_soft_bsp//HAL/inc -I../nios_soft_bsp/ -I../nios_soft_bsp//drivers/inc  -pipe -D__hal__ -DALT_NO_C_PLUS_PLUS -DALT_NO_CLEAN_EXIT -D'exit(a)=_exit(a)' -DALT_NO_EXIT -DALT_USE_DIRECT_DRIVERS -DALT_NO_INSTRUCTION_EMULATION -DALT_USE_SMALL_DRIVERS -DSMALL_C_LIB -DALT_SINGLE_THREADED    -Os -g -Wall   -mno-hw-div -mno-hw-mul -mno-hw-mulx -mgpopt=global  -o obj/default/hello_world_small.o hello_world_small.c
Info: Compiling main.c to obj/default/main.o
nios2-elf-gcc -xc -MP -MMD -c -I../nios_soft_bsp//HAL/inc -I../nios_soft_bsp/ -I../nios_soft_bsp//drivers/inc  -pipe -D__hal__ -DALT_NO_C_PLUS_PLUS -DALT_NO_CLEAN_EXIT -D'exit(a)=_exit(a)' -DALT_NO_EXIT -DALT_USE_DIRECT_DRIVERS -DALT_NO_INSTRUCTION_EMULATION -DALT_USE_SMALL_DRIVERS -DSMALL_C_LIB -DALT_SINGLE_THREADED    -Os -g -Wall   -mno-hw-div -mno-hw-mul -mno-hw-mulx -mgpopt=global  -o obj/default/main.o main.c
Info: Linking nios_soft.elf
nios2-elf-g++  -T'../nios_soft_bsp//linker.x' -msys-crt0='../nios_soft_bsp//obj/HAL/src/crt0.o' -msys-lib=hal_bsp -L../nios_soft_bsp/  -msmallc  -Wl,-Map=nios_soft.map   -Os -g -Wall   -mno-hw-div -mno-hw-mul -mno-hw-mulx -mgpopt=global  -o nios_soft.elf obj/default/audio_nios.o obj/default/hello_world_small.o obj/default/main.o -lm -msys-lib=m
nios2-elf-insert nios_soft.elf --thread_model hal --cpu_name NIOS_cpu --qsys true --simulation_enabled false --id 2899645186 --sidp 0x10000 --timestamp 1780508765 --stderr_dev jtag_uart --stdin_dev jtag_uart --stdout_dev jtag_uart --sopc_system_name soc_system --quartus_project_dir "C:/fpga/DE1-SoC-MyPlayer-master" --jdi C:/fpga/DE1-SoC-MyPlayer-master/software/nios_soft_bsp/../../soc_system.jdi --sopcinfo C:/fpga/DE1-SoC-MyPlayer-master/software/nios_soft_bsp/../../soc_system.sopcinfo
Info: (nios_soft.elf) 7576 Bytes program size (code + initialized data).
Info:                 62 KBytes free for stack + heap.
Info: Creating nios_soft.objdump
nios2-elf-objdump --disassemble --syms --all-header --source nios_soft.elf >nios_soft.objdump
[nios_soft build complete]
11:59:52 **** Incremental Build of configuration Nios II for project nios_soft_bsp ****
make all 
[BSP build complete]
12:00:22 **** Incremental Build of configuration Nios II for project nios_soft ****
make all 
Info: Building ../nios_soft_bsp/
C:/intelFPGA_lite/18.1/nios2eds/bin/gnu/H-x86_64-mingw32/bin/make --no-print-directory -C ../nios_soft_bsp/
[BSP build complete]
[nios_soft build complete]
12:02:12 **** Incremental Build of configuration Nios II for project nios_soft ****
make all 
Info: Building ../nios_soft_bsp/
C:/intelFPGA_lite/18.1/nios2eds/bin/gnu/H-x86_64-mingw32/bin/make --no-print-directory -C ../nios_soft_bsp/
[BSP build complete]
Info: Compiling main.c to obj/default/main.o
nios2-elf-gcc -xc -MP -MMD -c -I../nios_soft_bsp//HAL/inc -I../nios_soft_bsp/ -I../nios_soft_bsp//drivers/inc  -pipe -D__hal__ -DALT_NO_C_PLUS_PLUS -DALT_NO_CLEAN_EXIT -D'exit(a)=_exit(a)' -DALT_NO_EXIT -DALT_USE_DIRECT_DRIVERS -DALT_NO_INSTRUCTION_EMULATION -DALT_USE_SMALL_DRIVERS -DSMALL_C_LIB -DALT_SINGLE_THREADED    -Os -g -Wall   -mno-hw-div -mno-hw-mul -mno-hw-mulx -mgpopt=global  -o obj/default/main.o main.c
main.c:37:17: warning: 'swap16_u' defined but not used [-Wunused-function]
 static uint16_t swap16_u(uint16_t x) {
                 ^
Info: Linking nios_soft.elf
nios2-elf-g++  -T'../nios_soft_bsp//linker.x' -msys-crt0='../nios_soft_bsp//obj/HAL/src/crt0.o' -msys-lib=hal_bsp -L../nios_soft_bsp/  -msmallc  -Wl,-Map=nios_soft.map   -Os -g -Wall   -mno-hw-div -mno-hw-mul -mno-hw-mulx -mgpopt=global  -o nios_soft.elf obj/default/audio_nios.o obj/default/hello_world_small.o obj/default/main.o -lm -msys-lib=m
nios2-elf-insert nios_soft.elf --thread_model hal --cpu_name NIOS_cpu --qsys true --simulation_enabled false --id 2899645186 --sidp 0x10000 --timestamp 1780508765 --stderr_dev jtag_uart --stdin_dev jtag_uart --stdout_dev jtag_uart --sopc_system_name soc_system --quartus_project_dir "C:/fpga/DE1-SoC-MyPlayer-master" --jdi C:/fpga/DE1-SoC-MyPlayer-master/software/nios_soft_bsp/../../soc_system.jdi --sopcinfo C:/fpga/DE1-SoC-MyPlayer-master/software/nios_soft_bsp/../../soc_system.sopcinfo
Info: (nios_soft.elf) 7528 Bytes program size (code + initialized data).
Info:                 62 KBytes free for stack + heap.
Info: Creating nios_soft.objdump
nios2-elf-objdump --disassemble --syms --all-header --source nios_soft.elf >nios_soft.objdump
[nios_soft build complete]
12:02:13 **** Incremental Build of configuration Nios II for project nios_soft_bsp ****
make all 
[BSP build complete]
12:02:21 **** Incremental Build of configuration Nios II for project nios_soft ****
make all 
Info: Building ../nios_soft_bsp/
C:/intelFPGA_lite/18.1/nios2eds/bin/gnu/H-x86_64-mingw32/bin/make --no-print-directory -C ../nios_soft_bsp/
[BSP build complete]
[nios_soft build complete]
12:12:20 **** Incremental Build of configuration Nios II for project nios_soft ****
make all 
Info: Building ../nios_soft_bsp/
C:/intelFPGA_lite/18.1/nios2eds/bin/gnu/H-x86_64-mingw32/bin/make --no-print-directory -C ../nios_soft_bsp/
[BSP build complete]
[nios_soft build complete]
15:10:39 **** Incremental Build of configuration Nios II for project nios_soft ****
make all 
Info: Building ../nios_soft_bsp/
C:/intelFPGA_lite/18.1/nios2eds/bin/gnu/H-x86_64-mingw32/bin/make --no-print-directory -C ../nios_soft_bsp/
[BSP build complete]
Info: Compiling audio_nios.c to obj/default/audio_nios.o
nios2-elf-gcc -xc -MP -MMD -c -I../nios_soft_bsp//HAL/inc -I../nios_soft_bsp/ -I../nios_soft_bsp//drivers/inc  -pipe -D__hal__ -DALT_NO_C_PLUS_PLUS -DALT_NO_CLEAN_EXIT -D'exit(a)=_exit(a)' -DALT_NO_EXIT -DALT_USE_DIRECT_DRIVERS -DALT_NO_INSTRUCTION_EMULATION -DALT_USE_SMALL_DRIVERS -DSMALL_C_LIB -DALT_SINGLE_THREADED    -Os -g -Wall   -mno-hw-div -mno-hw-mul -mno-hw-mulx -mgpopt=global  -o obj/default/audio_nios.o audio_nios.c
audio_nios.c: In function 'oc_i2c_audio_init':
audio_nios.c:86:12: warning: format '%lx' expects argument of type 'long unsigned int', but argument 2 has type 'int' [-Wformat=]
     printf("[NIOS] I2C prescaler LO = 0x%02lx\n",
            ^
audio_nios.c:86:12: warning: format '%lx' expects argument of type 'long unsigned int', but argument 2 has type 'int' [-Wformat=]
audio_nios.c:89:12: warning: format '%lx' expects argument of type 'long unsigned int', but argument 2 has type 'int' [-Wformat=]
     printf("[NIOS] I2C prescaler HI = 0x%02lx\n",
            ^
audio_nios.c:89:12: warning: format '%lx' expects argument of type 'long unsigned int', but argument 2 has type 'int' [-Wformat=]
audio_nios.c:92:12: warning: format '%lx' expects argument of type 'long unsigned int', but argument 2 has type 'int' [-Wformat=]
     printf("[NIOS] I2C control = 0x%02lx\n",
            ^
audio_nios.c:92:12: warning: format '%lx' expects argument of type 'long unsigned int', but argument 2 has type 'int' [-Wformat=]
audio_nios.c: At top level:
audio_nios.c:220:12: warning: 'audio_set_sample_rate_44k1' defined but not used [-Wunused-function]
 static int audio_set_sample_rate_44k1(void) {
            ^
Info: Compiling main.c to obj/default/main.o
nios2-elf-gcc -xc -MP -MMD -c -I../nios_soft_bsp//HAL/inc -I../nios_soft_bsp/ -I../nios_soft_bsp//drivers/inc  -pipe -D__hal__ -DALT_NO_C_PLUS_PLUS -DALT_NO_CLEAN_EXIT -D'exit(a)=_exit(a)' -DALT_NO_EXIT -DALT_USE_DIRECT_DRIVERS -DALT_NO_INSTRUCTION_EMULATION -DALT_USE_SMALL_DRIVERS -DSMALL_C_LIB -DALT_SINGLE_THREADED    -Os -g -Wall   -mno-hw-div -mno-hw-mul -mno-hw-mulx -mgpopt=global  -o obj/default/main.o main.c
main.c:32:17: warning: 'swap16_u' defined but not used [-Wunused-function]
 static uint16_t swap16_u(uint16_t x) {
                 ^
Info: Linking nios_soft.elf
nios2-elf-g++  -T'../nios_soft_bsp//linker.x' -msys-crt0='../nios_soft_bsp//obj/HAL/src/crt0.o' -msys-lib=hal_bsp -L../nios_soft_bsp/  -msmallc  -Wl,-Map=nios_soft.map   -Os -g -Wall   -mno-hw-div -mno-hw-mul -mno-hw-mulx -mgpopt=global  -o nios_soft.elf obj/default/audio_nios.o obj/default/hello_world_small.o obj/default/main.o -lm -msys-lib=m
nios2-elf-insert nios_soft.elf --thread_model hal --cpu_name NIOS_cpu --qsys true --simulation_enabled false --id 2899645186 --sidp 0x10000 --timestamp 1780508765 --stderr_dev jtag_uart --stdin_dev jtag_uart --stdout_dev jtag_uart --sopc_system_name soc_system --quartus_project_dir "C:/fpga/DE1-SoC-MyPlayer-master" --jdi C:/fpga/DE1-SoC-MyPlayer-master/software/nios_soft_bsp/../../soc_system.jdi --sopcinfo C:/fpga/DE1-SoC-MyPlayer-master/software/nios_soft_bsp/../../soc_system.sopcinfo
Info: (nios_soft.elf) 7500 Bytes program size (code + initialized data).
Info:                 62 KBytes free for stack + heap.
Info: Creating nios_soft.objdump
nios2-elf-objdump --disassemble --syms --all-header --source nios_soft.elf >nios_soft.objdump
[nios_soft build complete]
15:10:40 **** Incremental Build of configuration Nios II for project nios_soft_bsp ****
make all 
[BSP build complete]
15:27:37 **** Incremental Build of configuration Nios II for project nios_soft ****
make all 
Info: Building ../nios_soft_bsp/
C:/intelFPGA_lite/18.1/nios2eds/bin/gnu/H-x86_64-mingw32/bin/make --no-print-directory -C ../nios_soft_bsp/
[BSP build complete]
[nios_soft build complete]
15:27:38 **** Incremental Build of configuration Nios II for project nios_soft_bsp ****
make all 
[BSP build complete]
15:27:59 **** Incremental Build of configuration Nios II for project nios_soft ****
make all 
Info: Building ../nios_soft_bsp/
C:/intelFPGA_lite/18.1/nios2eds/bin/gnu/H-x86_64-mingw32/bin/make --no-print-directory -C ../nios_soft_bsp/
[BSP build complete]
[nios_soft build complete]
15:30:16 **** Incremental Build of configuration Nios II for project nios_soft ****
make all 
Info: Building ../nios_soft_bsp/
C:/intelFPGA_lite/18.1/nios2eds/bin/gnu/H-x86_64-mingw32/bin/make --no-print-directory -C ../nios_soft_bsp/
[BSP build complete]
Info: Compiling audio_nios.c to obj/default/audio_nios.o
nios2-elf-gcc -xc -MP -MMD -c -I../nios_soft_bsp//HAL/inc -I../nios_soft_bsp/ -I../nios_soft_bsp//drivers/inc  -pipe -D__hal__ -DALT_NO_C_PLUS_PLUS -DALT_NO_CLEAN_EXIT -D'exit(a)=_exit(a)' -DALT_NO_EXIT -DALT_USE_DIRECT_DRIVERS -DALT_NO_INSTRUCTION_EMULATION -DALT_USE_SMALL_DRIVERS -DSMALL_C_LIB -DALT_SINGLE_THREADED    -Os -g -Wall   -mno-hw-div -mno-hw-mul -mno-hw-mulx -mgpopt=global  -o obj/default/audio_nios.o audio_nios.c
audio_nios.c: In function 'oc_i2c_audio_init':
audio_nios.c:86:12: warning: format '%lx' expects argument of type 'long unsigned int', but argument 2 has type 'int' [-Wformat=]
     printf("[NIOS] I2C prescaler LO = 0x%02lx\n",
            ^
audio_nios.c:86:12: warning: format '%lx' expects argument of type 'long unsigned int', but argument 2 has type 'int' [-Wformat=]
audio_nios.c:89:12: warning: format '%lx' expects argument of type 'long unsigned int', but argument 2 has type 'int' [-Wformat=]
     printf("[NIOS] I2C prescaler HI = 0x%02lx\n",
            ^
audio_nios.c:89:12: warning: format '%lx' expects argument of type 'long unsigned int', but argument 2 has type 'int' [-Wformat=]
audio_nios.c:92:12: warning: format '%lx' expects argument of type 'long unsigned int', but argument 2 has type 'int' [-Wformat=]
     printf("[NIOS] I2C control = 0x%02lx\n",
            ^
audio_nios.c:92:12: warning: format '%lx' expects argument of type 'long unsigned int', but argument 2 has type 'int' [-Wformat=]
audio_nios.c: At top level:
audio_nios.c:220:12: warning: 'audio_set_sample_rate_44k1' defined but not used [-Wunused-function]
 static int audio_set_sample_rate_44k1(void) {
            ^
Info: Linking nios_soft.elf
nios2-elf-g++  -T'../nios_soft_bsp//linker.x' -msys-crt0='../nios_soft_bsp//obj/HAL/src/crt0.o' -msys-lib=hal_bsp -L../nios_soft_bsp/  -msmallc  -Wl,-Map=nios_soft.map   -Os -g -Wall   -mno-hw-div -mno-hw-mul -mno-hw-mulx -mgpopt=global  -o nios_soft.elf obj/default/audio_nios.o obj/default/hello_world_small.o obj/default/main.o -lm -msys-lib=m
nios2-elf-insert nios_soft.elf --thread_model hal --cpu_name NIOS_cpu --qsys true --simulation_enabled false --id 2899645186 --sidp 0x10000 --timestamp 1780508765 --stderr_dev jtag_uart --stdin_dev jtag_uart --stdout_dev jtag_uart --sopc_system_name soc_system --quartus_project_dir "C:/fpga/DE1-SoC-MyPlayer-master" --jdi C:/fpga/DE1-SoC-MyPlayer-master/software/nios_soft_bsp/../../soc_system.jdi --sopcinfo C:/fpga/DE1-SoC-MyPlayer-master/software/nios_soft_bsp/../../soc_system.sopcinfo
Info: (nios_soft.elf) 7500 Bytes program size (code + initialized data).
Info:                 62 KBytes free for stack + heap.
Info: Creating nios_soft.objdump
nios2-elf-objdump --disassemble --syms --all-header --source nios_soft.elf >nios_soft.objdump
[nios_soft build complete]
15:30:17 **** Incremental Build of configuration Nios II for project nios_soft_bsp ****
make all 
[BSP build complete]
15:30:24 **** Incremental Build of configuration Nios II for project nios_soft ****
make all 
Info: Building ../nios_soft_bsp/
C:/intelFPGA_lite/18.1/nios2eds/bin/gnu/H-x86_64-mingw32/bin/make --no-print-directory -C ../nios_soft_bsp/
[BSP build complete]
[nios_soft build complete]
15:32:49 **** Incremental Build of configuration Nios II for project nios_soft ****
make all 
Info: Building ../nios_soft_bsp/
C:/intelFPGA_lite/18.1/nios2eds/bin/gnu/H-x86_64-mingw32/bin/make --no-print-directory -C ../nios_soft_bsp/
[BSP build complete]
[nios_soft build complete]
15:37:09 **** Incremental Build of configuration Nios II for project nios_soft ****
make all 
Info: Building ../nios_soft_bsp/
C:/intelFPGA_lite/18.1/nios2eds/bin/gnu/H-x86_64-mingw32/bin/make --no-print-directory -C ../nios_soft_bsp/
[BSP build complete]
[nios_soft build complete]
15:39:13 **** Incremental Build of configuration Nios II for project nios_soft ****
make all 
Info: Building ../nios_soft_bsp/
C:/intelFPGA_lite/18.1/nios2eds/bin/gnu/H-x86_64-mingw32/bin/make --no-print-directory -C ../nios_soft_bsp/
[BSP build complete]
[nios_soft build complete]
15:40:29 **** Incremental Build of configuration Nios II for project nios_soft ****
make all 
Info: Building ../nios_soft_bsp/
C:/intelFPGA_lite/18.1/nios2eds/bin/gnu/H-x86_64-mingw32/bin/make --no-print-directory -C ../nios_soft_bsp/
[BSP build complete]
Info: Compiling audio_nios.c to obj/default/audio_nios.o
nios2-elf-gcc -xc -MP -MMD -c -I../nios_soft_bsp//HAL/inc -I../nios_soft_bsp/ -I../nios_soft_bsp//drivers/inc  -pipe -D__hal__ -DALT_NO_C_PLUS_PLUS -DALT_NO_CLEAN_EXIT -D'exit(a)=_exit(a)' -DALT_NO_EXIT -DALT_USE_DIRECT_DRIVERS -DALT_NO_INSTRUCTION_EMULATION -DALT_USE_SMALL_DRIVERS -DSMALL_C_LIB -DALT_SINGLE_THREADED    -Os -g -Wall   -mno-hw-div -mno-hw-mul -mno-hw-mulx -mgpopt=global  -o obj/default/audio_nios.o audio_nios.c
audio_nios.c: In function 'oc_i2c_audio_init':
audio_nios.c:86:12: warning: format '%lx' expects argument of type 'long unsigned int', but argument 2 has type 'int' [-Wformat=]
     printf("[NIOS] I2C prescaler LO = 0x%02lx\n",
            ^
audio_nios.c:86:12: warning: format '%lx' expects argument of type 'long unsigned int', but argument 2 has type 'int' [-Wformat=]
audio_nios.c:89:12: warning: format '%lx' expects argument of type 'long unsigned int', but argument 2 has type 'int' [-Wformat=]
     printf("[NIOS] I2C prescaler HI = 0x%02lx\n",
            ^
audio_nios.c:89:12: warning: format '%lx' expects argument of type 'long unsigned int', but argument 2 has type 'int' [-Wformat=]
audio_nios.c:92:12: warning: format '%lx' expects argument of type 'long unsigned int', but argument 2 has type 'int' [-Wformat=]
     printf("[NIOS] I2C control = 0x%02lx\n",
            ^
audio_nios.c:92:12: warning: format '%lx' expects argument of type 'long unsigned int', but argument 2 has type 'int' [-Wformat=]
Info: Linking nios_soft.elf
nios2-elf-g++  -T'../nios_soft_bsp//linker.x' -msys-crt0='../nios_soft_bsp//obj/HAL/src/crt0.o' -msys-lib=hal_bsp -L../nios_soft_bsp/  -msmallc  -Wl,-Map=nios_soft.map   -Os -g -Wall   -mno-hw-div -mno-hw-mul -mno-hw-mulx -mgpopt=global  -o nios_soft.elf obj/default/audio_nios.o obj/default/hello_world_small.o obj/default/main.o -lm -msys-lib=m
nios2-elf-insert nios_soft.elf --thread_model hal --cpu_name NIOS_cpu --qsys true --simulation_enabled false --id 2899645186 --sidp 0x10000 --timestamp 1780508765 --stderr_dev jtag_uart --stdin_dev jtag_uart --stdout_dev jtag_uart --sopc_system_name soc_system --quartus_project_dir "C:/fpga/DE1-SoC-MyPlayer-master" --jdi C:/fpga/DE1-SoC-MyPlayer-master/software/nios_soft_bsp/../../soc_system.jdi --sopcinfo C:/fpga/DE1-SoC-MyPlayer-master/software/nios_soft_bsp/../../soc_system.sopcinfo
Info: (nios_soft.elf) 7528 Bytes program size (code + initialized data).
Info:                 62 KBytes free for stack + heap.
Info: Creating nios_soft.objdump
nios2-elf-objdump --disassemble --syms --all-header --source nios_soft.elf >nios_soft.objdump
[nios_soft build complete]
15:42:59 **** Incremental Build of configuration Nios II for project nios_soft ****
make all 
Info: Building ../nios_soft_bsp/
C:/intelFPGA_lite/18.1/nios2eds/bin/gnu/H-x86_64-mingw32/bin/make --no-print-directory -C ../nios_soft_bsp/
[BSP build complete]
Info: Compiling audio_nios.c to obj/default/audio_nios.o
nios2-elf-gcc -xc -MP -MMD -c -I../nios_soft_bsp//HAL/inc -I../nios_soft_bsp/ -I../nios_soft_bsp//drivers/inc  -pipe -D__hal__ -DALT_NO_C_PLUS_PLUS -DALT_NO_CLEAN_EXIT -D'exit(a)=_exit(a)' -DALT_NO_EXIT -DALT_USE_DIRECT_DRIVERS -DALT_NO_INSTRUCTION_EMULATION -DALT_USE_SMALL_DRIVERS -DSMALL_C_LIB -DALT_SINGLE_THREADED    -Os -g -Wall   -mno-hw-div -mno-hw-mul -mno-hw-mulx -mgpopt=global  -o obj/default/audio_nios.o audio_nios.c
audio_nios.c: In function 'oc_i2c_audio_init':
audio_nios.c:86:12: warning: format '%lx' expects argument of type 'long unsigned int', but argument 2 has type 'int' [-Wformat=]
     printf("[NIOS] I2C prescaler LO = 0x%02lx\n",
            ^
audio_nios.c:86:12: warning: format '%lx' expects argument of type 'long unsigned int', but argument 2 has type 'int' [-Wformat=]
audio_nios.c:89:12: warning: format '%lx' expects argument of type 'long unsigned int', but argument 2 has type 'int' [-Wformat=]
     printf("[NIOS] I2C prescaler HI = 0x%02lx\n",
            ^
audio_nios.c:89:12: warning: format '%lx' expects argument of type 'long unsigned int', but argument 2 has type 'int' [-Wformat=]
audio_nios.c:92:12: warning: format '%lx' expects argument of type 'long unsigned int', but argument 2 has type 'int' [-Wformat=]
     printf("[NIOS] I2C control = 0x%02lx\n",
            ^
audio_nios.c:92:12: warning: format '%lx' expects argument of type 'long unsigned int', but argument 2 has type 'int' [-Wformat=]
audio_nios.c: In function 'audio_set_sample_rate_32k':
audio_nios.c:227:5: error: expected ',' or ';' before 'return'
     return oc_i2c_audio_wr_reg(8, control);
     ^
audio_nios.c:226:14: warning: unused variable 'control' [-Wunused-variable]
     uint16_t control = (0x6 << 2) | 0x02
              ^
audio_nios.c:228:1: warning: no return statement in function returning non-void [-Wreturn-type]
 }
 ^
make: *** [obj/default/audio_nios.o] Error 1
15:43:00 **** Incremental Build of configuration Nios II for project nios_soft_bsp ****
make all 
[BSP build complete]
15:44:03 **** Incremental Build of configuration Nios II for project nios_soft ****
make all 
Info: Building ../nios_soft_bsp/
C:/intelFPGA_lite/18.1/nios2eds/bin/gnu/H-x86_64-mingw32/bin/make --no-print-directory -C ../nios_soft_bsp/
[BSP build complete]
Info: Compiling audio_nios.c to obj/default/audio_nios.o
nios2-elf-gcc -xc -MP -MMD -c -I../nios_soft_bsp//HAL/inc -I../nios_soft_bsp/ -I../nios_soft_bsp//drivers/inc  -pipe -D__hal__ -DALT_NO_C_PLUS_PLUS -DALT_NO_CLEAN_EXIT -D'exit(a)=_exit(a)' -DALT_NO_EXIT -DALT_USE_DIRECT_DRIVERS -DALT_NO_INSTRUCTION_EMULATION -DALT_USE_SMALL_DRIVERS -DSMALL_C_LIB -DALT_SINGLE_THREADED    -Os -g -Wall   -mno-hw-div -mno-hw-mul -mno-hw-mulx -mgpopt=global  -o obj/default/audio_nios.o audio_nios.c
audio_nios.c: In function 'oc_i2c_audio_init':
audio_nios.c:86:12: warning: format '%lx' expects argument of type 'long unsigned int', but argument 2 has type 'int' [-Wformat=]
     printf("[NIOS] I2C prescaler LO = 0x%02lx\n",
            ^
audio_nios.c:86:12: warning: format '%lx' expects argument of type 'long unsigned int', but argument 2 has type 'int' [-Wformat=]
audio_nios.c:89:12: warning: format '%lx' expects argument of type 'long unsigned int', but argument 2 has type 'int' [-Wformat=]
     printf("[NIOS] I2C prescaler HI = 0x%02lx\n",
            ^
audio_nios.c:89:12: warning: format '%lx' expects argument of type 'long unsigned int', but argument 2 has type 'int' [-Wformat=]
audio_nios.c:92:12: warning: format '%lx' expects argument of type 'long unsigned int', but argument 2 has type 'int' [-Wformat=]
     printf("[NIOS] I2C control = 0x%02lx\n",
            ^
audio_nios.c:92:12: warning: format '%lx' expects argument of type 'long unsigned int', but argument 2 has type 'int' [-Wformat=]
Info: Linking nios_soft.elf
nios2-elf-g++  -T'../nios_soft_bsp//linker.x' -msys-crt0='../nios_soft_bsp//obj/HAL/src/crt0.o' -msys-lib=hal_bsp -L../nios_soft_bsp/  -msmallc  -Wl,-Map=nios_soft.map   -Os -g -Wall   -mno-hw-div -mno-hw-mul -mno-hw-mulx -mgpopt=global  -o nios_soft.elf obj/default/audio_nios.o obj/default/hello_world_small.o obj/default/main.o -lm -msys-lib=m
nios2-elf-insert nios_soft.elf --thread_model hal --cpu_name NIOS_cpu --qsys true --simulation_enabled false --id 2899645186 --sidp 0x10000 --timestamp 1780508765 --stderr_dev jtag_uart --stdin_dev jtag_uart --stdout_dev jtag_uart --sopc_system_name soc_system --quartus_project_dir "C:/fpga/DE1-SoC-MyPlayer-master" --jdi C:/fpga/DE1-SoC-MyPlayer-master/software/nios_soft_bsp/../../soc_system.jdi --sopcinfo C:/fpga/DE1-SoC-MyPlayer-master/software/nios_soft_bsp/../../soc_system.sopcinfo
Info: (nios_soft.elf) 7528 Bytes program size (code + initialized data).
Info:                 62 KBytes free for stack + heap.
Info: Creating nios_soft.objdump
nios2-elf-objdump --disassemble --syms --all-header --source nios_soft.elf >nios_soft.objdump
[nios_soft build complete]
15:44:04 **** Incremental Build of configuration Nios II for project nios_soft_bsp ****
make all 
[BSP build complete]
15:44:16 **** Incremental Build of configuration Nios II for project nios_soft ****
make all 
Info: Building ../nios_soft_bsp/
C:/intelFPGA_lite/18.1/nios2eds/bin/gnu/H-x86_64-mingw32/bin/make --no-print-directory -C ../nios_soft_bsp/
[BSP build complete]
[nios_soft build complete]
15:51:40 **** Incremental Build of configuration Nios II for project nios_soft ****
make all 
Info: Building ../nios_soft_bsp/
C:/intelFPGA_lite/18.1/nios2eds/bin/gnu/H-x86_64-mingw32/bin/make --no-print-directory -C ../nios_soft_bsp/
[BSP build complete]
[nios_soft build complete]
15:51:41 **** Incremental Build of configuration Nios II for project nios_soft_bsp ****
make all 
[BSP build complete]
15:52:36 **** Incremental Build of configuration Nios II for project nios_soft ****
make all 
Info: Building ../nios_soft_bsp/
C:/intelFPGA_lite/18.1/nios2eds/bin/gnu/H-x86_64-mingw32/bin/make --no-print-directory -C ../nios_soft_bsp/
[BSP build complete]
Info: Compiling audio_nios.c to obj/default/audio_nios.o
nios2-elf-gcc -xc -MP -MMD -c -I../nios_soft_bsp//HAL/inc -I../nios_soft_bsp/ -I../nios_soft_bsp//drivers/inc  -pipe -D__hal__ -DALT_NO_C_PLUS_PLUS -DALT_NO_CLEAN_EXIT -D'exit(a)=_exit(a)' -DALT_NO_EXIT -DALT_USE_DIRECT_DRIVERS -DALT_NO_INSTRUCTION_EMULATION -DALT_USE_SMALL_DRIVERS -DSMALL_C_LIB -DALT_SINGLE_THREADED    -Os -g -Wall   -mno-hw-div -mno-hw-mul -mno-hw-mulx -mgpopt=global  -o obj/default/audio_nios.o audio_nios.c
audio_nios.c: In function 'oc_i2c_audio_init':
audio_nios.c:86:12: warning: format '%lx' expects argument of type 'long unsigned int', but argument 2 has type 'int' [-Wformat=]
     printf("[NIOS] I2C prescaler LO = 0x%02lx\n",
            ^
audio_nios.c:86:12: warning: format '%lx' expects argument of type 'long unsigned int', but argument 2 has type 'int' [-Wformat=]
audio_nios.c:89:12: warning: format '%lx' expects argument of type 'long unsigned int', but argument 2 has type 'int' [-Wformat=]
     printf("[NIOS] I2C prescaler HI = 0x%02lx\n",
            ^
audio_nios.c:89:12: warning: format '%lx' expects argument of type 'long unsigned int', but argument 2 has type 'int' [-Wformat=]
audio_nios.c:92:12: warning: format '%lx' expects argument of type 'long unsigned int', but argument 2 has type 'int' [-Wformat=]
     printf("[NIOS] I2C control = 0x%02lx\n",
            ^
audio_nios.c:92:12: warning: format '%lx' expects argument of type 'long unsigned int', but argument 2 has type 'int' [-Wformat=]
Info: Linking nios_soft.elf
nios2-elf-g++  -T'../nios_soft_bsp//linker.x' -msys-crt0='../nios_soft_bsp//obj/HAL/src/crt0.o' -msys-lib=hal_bsp -L../nios_soft_bsp/  -msmallc  -Wl,-Map=nios_soft.map   -Os -g -Wall   -mno-hw-div -mno-hw-mul -mno-hw-mulx -mgpopt=global  -o nios_soft.elf obj/default/audio_nios.o obj/default/hello_world_small.o obj/default/main.o -lm -msys-lib=m
nios2-elf-insert nios_soft.elf --thread_model hal --cpu_name NIOS_cpu --qsys true --simulation_enabled false --id 2899645186 --sidp 0x10000 --timestamp 1780508765 --stderr_dev jtag_uart --stdin_dev jtag_uart --stdout_dev jtag_uart --sopc_system_name soc_system --quartus_project_dir "C:/fpga/DE1-SoC-MyPlayer-master" --jdi C:/fpga/DE1-SoC-MyPlayer-master/software/nios_soft_bsp/../../soc_system.jdi --sopcinfo C:/fpga/DE1-SoC-MyPlayer-master/software/nios_soft_bsp/../../soc_system.sopcinfo
Info: (nios_soft.elf) 7528 Bytes program size (code + initialized data).
Info:                 62 KBytes free for stack + heap.
Info: Creating nios_soft.objdump
nios2-elf-objdump --disassemble --syms --all-header --source nios_soft.elf >nios_soft.objdump
[nios_soft build complete]
15:52:37 **** Incremental Build of configuration Nios II for project nios_soft_bsp ****
make all 
[BSP build complete]
15:52:44 **** Incremental Build of configuration Nios II for project nios_soft ****
make all 
Info: Building ../nios_soft_bsp/
C:/intelFPGA_lite/18.1/nios2eds/bin/gnu/H-x86_64-mingw32/bin/make --no-print-directory -C ../nios_soft_bsp/
[BSP build complete]
[nios_soft build complete]
15:56:30 **** Incremental Build of configuration Nios II for project nios_soft ****
make all 
Info: Building ../nios_soft_bsp/
C:/intelFPGA_lite/18.1/nios2eds/bin/gnu/H-x86_64-mingw32/bin/make --no-print-directory -C ../nios_soft_bsp/
[BSP build complete]
Info: Compiling audio_nios.c to obj/default/audio_nios.o
nios2-elf-gcc -xc -MP -MMD -c -I../nios_soft_bsp//HAL/inc -I../nios_soft_bsp/ -I../nios_soft_bsp//drivers/inc  -pipe -D__hal__ -DALT_NO_C_PLUS_PLUS -DALT_NO_CLEAN_EXIT -D'exit(a)=_exit(a)' -DALT_NO_EXIT -DALT_USE_DIRECT_DRIVERS -DALT_NO_INSTRUCTION_EMULATION -DALT_USE_SMALL_DRIVERS -DSMALL_C_LIB -DALT_SINGLE_THREADED    -Os -g -Wall   -mno-hw-div -mno-hw-mul -mno-hw-mulx -mgpopt=global  -o obj/default/audio_nios.o audio_nios.c
audio_nios.c: In function 'oc_i2c_audio_init':
audio_nios.c:86:12: warning: format '%lx' expects argument of type 'long unsigned int', but argument 2 has type 'int' [-Wformat=]
     printf("[NIOS] I2C prescaler LO = 0x%02lx\n",
            ^
audio_nios.c:86:12: warning: format '%lx' expects argument of type 'long unsigned int', but argument 2 has type 'int' [-Wformat=]
audio_nios.c:89:12: warning: format '%lx' expects argument of type 'long unsigned int', but argument 2 has type 'int' [-Wformat=]
     printf("[NIOS] I2C prescaler HI = 0x%02lx\n",
            ^
audio_nios.c:89:12: warning: format '%lx' expects argument of type 'long unsigned int', but argument 2 has type 'int' [-Wformat=]
audio_nios.c:92:12: warning: format '%lx' expects argument of type 'long unsigned int', but argument 2 has type 'int' [-Wformat=]
     printf("[NIOS] I2C control = 0x%02lx\n",
            ^
audio_nios.c:92:12: warning: format '%lx' expects argument of type 'long unsigned int', but argument 2 has type 'int' [-Wformat=]
audio_nios.c: At top level:
audio_nios.c:219:12: warning: 'audio_set_sample_rate_44k1' defined but not used [-Wunused-function]
 static int audio_set_sample_rate_44k1(void) {
            ^
Info: Linking nios_soft.elf
nios2-elf-g++  -T'../nios_soft_bsp//linker.x' -msys-crt0='../nios_soft_bsp//obj/HAL/src/crt0.o' -msys-lib=hal_bsp -L../nios_soft_bsp/  -msmallc  -Wl,-Map=nios_soft.map   -Os -g -Wall   -mno-hw-div -mno-hw-mul -mno-hw-mulx -mgpopt=global  -o nios_soft.elf obj/default/audio_nios.o obj/default/hello_world_small.o obj/default/main.o -lm -msys-lib=m
nios2-elf-insert nios_soft.elf --thread_model hal --cpu_name NIOS_cpu --qsys true --simulation_enabled false --id 2899645186 --sidp 0x10000 --timestamp 1780508765 --stderr_dev jtag_uart --stdin_dev jtag_uart --stdout_dev jtag_uart --sopc_system_name soc_system --quartus_project_dir "C:/fpga/DE1-SoC-MyPlayer-master" --jdi C:/fpga/DE1-SoC-MyPlayer-master/software/nios_soft_bsp/../../soc_system.jdi --sopcinfo C:/fpga/DE1-SoC-MyPlayer-master/software/nios_soft_bsp/../../soc_system.sopcinfo
Info: (nios_soft.elf) 7500 Bytes program size (code + initialized data).
Info:                 62 KBytes free for stack + heap.
Info: Creating nios_soft.objdump
nios2-elf-objdump --disassemble --syms --all-header --source nios_soft.elf >nios_soft.objdump
[nios_soft build complete]
15:56:31 **** Incremental Build of configuration Nios II for project nios_soft_bsp ****
make all 
[BSP build complete]
15:56:39 **** Incremental Build of configuration Nios II for project nios_soft ****
make all 
Info: Building ../nios_soft_bsp/
C:/intelFPGA_lite/18.1/nios2eds/bin/gnu/H-x86_64-mingw32/bin/make --no-print-directory -C ../nios_soft_bsp/
[BSP build complete]
[nios_soft build complete]
16:02:22 **** Incremental Build of configuration Nios II for project nios_soft ****
make all 
Info: Building ../nios_soft_bsp/
C:/intelFPGA_lite/18.1/nios2eds/bin/gnu/H-x86_64-mingw32/bin/make --no-print-directory -C ../nios_soft_bsp/
[BSP build complete]
Info: Compiling audio_nios.c to obj/default/audio_nios.o
nios2-elf-gcc -xc -MP -MMD -c -I../nios_soft_bsp//HAL/inc -I../nios_soft_bsp/ -I../nios_soft_bsp//drivers/inc  -pipe -D__hal__ -DALT_NO_C_PLUS_PLUS -DALT_NO_CLEAN_EXIT -D'exit(a)=_exit(a)' -DALT_NO_EXIT -DALT_USE_DIRECT_DRIVERS -DALT_NO_INSTRUCTION_EMULATION -DALT_USE_SMALL_DRIVERS -DSMALL_C_LIB -DALT_SINGLE_THREADED    -Os -g -Wall   -mno-hw-div -mno-hw-mul -mno-hw-mulx -mgpopt=global  -o obj/default/audio_nios.o audio_nios.c
audio_nios.c: In function 'oc_i2c_audio_init':
audio_nios.c:86:12: warning: format '%lx' expects argument of type 'long unsigned int', but argument 2 has type 'int' [-Wformat=]
     printf("[NIOS] I2C prescaler LO = 0x%02lx\n",
            ^
audio_nios.c:86:12: warning: format '%lx' expects argument of type 'long unsigned int', but argument 2 has type 'int' [-Wformat=]
audio_nios.c:89:12: warning: format '%lx' expects argument of type 'long unsigned int', but argument 2 has type 'int' [-Wformat=]
     printf("[NIOS] I2C prescaler HI = 0x%02lx\n",
            ^
audio_nios.c:89:12: warning: format '%lx' expects argument of type 'long unsigned int', but argument 2 has type 'int' [-Wformat=]
audio_nios.c:92:12: warning: format '%lx' expects argument of type 'long unsigned int', but argument 2 has type 'int' [-Wformat=]
     printf("[NIOS] I2C control = 0x%02lx\n",
            ^
audio_nios.c:92:12: warning: format '%lx' expects argument of type 'long unsigned int', but argument 2 has type 'int' [-Wformat=]
audio_nios.c: At top level:
audio_nios.c:219:12: warning: 'audio_set_sample_rate_44k1' defined but not used [-Wunused-function]
 static int audio_set_sample_rate_44k1(void) {
            ^
audio_nios.c:224:12: warning: 'audio_set_sample_rate_32k' defined but not used [-Wunused-function]
 static int audio_set_sample_rate_32k(void) {
            ^
Info: Linking nios_soft.elf
nios2-elf-g++  -T'../nios_soft_bsp//linker.x' -msys-crt0='../nios_soft_bsp//obj/HAL/src/crt0.o' -msys-lib=hal_bsp -L../nios_soft_bsp/  -msmallc  -Wl,-Map=nios_soft.map   -Os -g -Wall   -mno-hw-div -mno-hw-mul -mno-hw-mulx -mgpopt=global  -o nios_soft.elf obj/default/audio_nios.o obj/default/hello_world_small.o obj/default/main.o -lm -msys-lib=m
nios2-elf-insert nios_soft.elf --thread_model hal --cpu_name NIOS_cpu --qsys true --simulation_enabled false --id 2899645186 --sidp 0x10000 --timestamp 1780508765 --stderr_dev jtag_uart --stdin_dev jtag_uart --stdout_dev jtag_uart --sopc_system_name soc_system --quartus_project_dir "C:/fpga/DE1-SoC-MyPlayer-master" --jdi C:/fpga/DE1-SoC-MyPlayer-master/software/nios_soft_bsp/../../soc_system.jdi --sopcinfo C:/fpga/DE1-SoC-MyPlayer-master/software/nios_soft_bsp/../../soc_system.sopcinfo
Info: (nios_soft.elf) 7500 Bytes program size (code + initialized data).
Info:                 62 KBytes free for stack + heap.
Info: Creating nios_soft.objdump
nios2-elf-objdump --disassemble --syms --all-header --source nios_soft.elf >nios_soft.objdump
[nios_soft build complete]
16:02:23 **** Incremental Build of configuration Nios II for project nios_soft_bsp ****
make all 
[BSP build complete]
16:04:13 **** Incremental Build of configuration Nios II for project nios_soft ****
make all 
Info: Building ../nios_soft_bsp/
C:/intelFPGA_lite/18.1/nios2eds/bin/gnu/H-x86_64-mingw32/bin/make --no-print-directory -C ../nios_soft_bsp/
[BSP build complete]
[nios_soft build complete]
16:05:13 **** Incremental Build of configuration Nios II for project nios_soft ****
make all 
Info: Building ../nios_soft_bsp/
C:/intelFPGA_lite/18.1/nios2eds/bin/gnu/H-x86_64-mingw32/bin/make --no-print-directory -C ../nios_soft_bsp/
[BSP build complete]
Info: Compiling audio_nios.c to obj/default/audio_nios.o
nios2-elf-gcc -xc -MP -MMD -c -I../nios_soft_bsp//HAL/inc -I../nios_soft_bsp/ -I../nios_soft_bsp//drivers/inc  -pipe -D__hal__ -DALT_NO_C_PLUS_PLUS -DALT_NO_CLEAN_EXIT -D'exit(a)=_exit(a)' -DALT_NO_EXIT -DALT_USE_DIRECT_DRIVERS -DALT_NO_INSTRUCTION_EMULATION -DALT_USE_SMALL_DRIVERS -DSMALL_C_LIB -DALT_SINGLE_THREADED    -Os -g -Wall   -mno-hw-div -mno-hw-mul -mno-hw-mulx -mgpopt=global  -o obj/default/audio_nios.o audio_nios.c
audio_nios.c: In function 'oc_i2c_audio_init':
audio_nios.c:86:12: warning: format '%lx' expects argument of type 'long unsigned int', but argument 2 has type 'int' [-Wformat=]
     printf("[NIOS] I2C prescaler LO = 0x%02lx\n",
            ^
audio_nios.c:86:12: warning: format '%lx' expects argument of type 'long unsigned int', but argument 2 has type 'int' [-Wformat=]
audio_nios.c:89:12: warning: format '%lx' expects argument of type 'long unsigned int', but argument 2 has type 'int' [-Wformat=]
     printf("[NIOS] I2C prescaler HI = 0x%02lx\n",
            ^
audio_nios.c:89:12: warning: format '%lx' expects argument of type 'long unsigned int', but argument 2 has type 'int' [-Wformat=]
audio_nios.c:92:12: warning: format '%lx' expects argument of type 'long unsigned int', but argument 2 has type 'int' [-Wformat=]
     printf("[NIOS] I2C control = 0x%02lx\n",
            ^
audio_nios.c:92:12: warning: format '%lx' expects argument of type 'long unsigned int', but argument 2 has type 'int' [-Wformat=]
audio_nios.c: At top level:
audio_nios.c:219:12: warning: 'audio_set_sample_rate_44k1' defined but not used [-Wunused-function]
 static int audio_set_sample_rate_44k1(void) {
            ^
audio_nios.c:229:12: warning: 'audio_set_sample_rate_48k' defined but not used [-Wunused-function]
 static int audio_set_sample_rate_48k(void) {
            ^
Info: Linking nios_soft.elf
nios2-elf-g++  -T'../nios_soft_bsp//linker.x' -msys-crt0='../nios_soft_bsp//obj/HAL/src/crt0.o' -msys-lib=hal_bsp -L../nios_soft_bsp/  -msmallc  -Wl,-Map=nios_soft.map   -Os -g -Wall   -mno-hw-div -mno-hw-mul -mno-hw-mulx -mgpopt=global  -o nios_soft.elf obj/default/audio_nios.o obj/default/hello_world_small.o obj/default/main.o -lm -msys-lib=m
nios2-elf-insert nios_soft.elf --thread_model hal --cpu_name NIOS_cpu --qsys true --simulation_enabled false --id 2899645186 --sidp 0x10000 --timestamp 1780508765 --stderr_dev jtag_uart --stdin_dev jtag_uart --stdout_dev jtag_uart --sopc_system_name soc_system --quartus_project_dir "C:/fpga/DE1-SoC-MyPlayer-master" --jdi C:/fpga/DE1-SoC-MyPlayer-master/software/nios_soft_bsp/../../soc_system.jdi --sopcinfo C:/fpga/DE1-SoC-MyPlayer-master/software/nios_soft_bsp/../../soc_system.sopcinfo
Info: (nios_soft.elf) 7500 Bytes program size (code + initialized data).
Info:                 62 KBytes free for stack + heap.
Info: Creating nios_soft.objdump
nios2-elf-objdump --disassemble --syms --all-header --source nios_soft.elf >nios_soft.objdump
[nios_soft build complete]
16:05:14 **** Incremental Build of configuration Nios II for project nios_soft_bsp ****
make all 
[BSP build complete]
16:05:18 **** Incremental Build of configuration Nios II for project nios_soft ****
make all 
Info: Building ../nios_soft_bsp/
C:/intelFPGA_lite/18.1/nios2eds/bin/gnu/H-x86_64-mingw32/bin/make --no-print-directory -C ../nios_soft_bsp/
[BSP build complete]
[nios_soft build complete]
16:06:37 **** Incremental Build of configuration Nios II for project nios_soft ****
make all 
Info: Building ../nios_soft_bsp/
C:/intelFPGA_lite/18.1/nios2eds/bin/gnu/H-x86_64-mingw32/bin/make --no-print-directory -C ../nios_soft_bsp/
[BSP build complete]
Info: Compiling audio_nios.c to obj/default/audio_nios.o
nios2-elf-gcc -xc -MP -MMD -c -I../nios_soft_bsp//HAL/inc -I../nios_soft_bsp/ -I../nios_soft_bsp//drivers/inc  -pipe -D__hal__ -DALT_NO_C_PLUS_PLUS -DALT_NO_CLEAN_EXIT -D'exit(a)=_exit(a)' -DALT_NO_EXIT -DALT_USE_DIRECT_DRIVERS -DALT_NO_INSTRUCTION_EMULATION -DALT_USE_SMALL_DRIVERS -DSMALL_C_LIB -DALT_SINGLE_THREADED    -Os -g -Wall   -mno-hw-div -mno-hw-mul -mno-hw-mulx -mgpopt=global  -o obj/default/audio_nios.o audio_nios.c
audio_nios.c: In function 'oc_i2c_audio_init':
audio_nios.c:86:12: warning: format '%lx' expects argument of type 'long unsigned int', but argument 2 has type 'int' [-Wformat=]
     printf("[NIOS] I2C prescaler LO = 0x%02lx\n",
            ^
audio_nios.c:86:12: warning: format '%lx' expects argument of type 'long unsigned int', but argument 2 has type 'int' [-Wformat=]
audio_nios.c:89:12: warning: format '%lx' expects argument of type 'long unsigned int', but argument 2 has type 'int' [-Wformat=]
     printf("[NIOS] I2C prescaler HI = 0x%02lx\n",
            ^
audio_nios.c:89:12: warning: format '%lx' expects argument of type 'long unsigned int', but argument 2 has type 'int' [-Wformat=]
audio_nios.c:92:12: warning: format '%lx' expects argument of type 'long unsigned int', but argument 2 has type 'int' [-Wformat=]
     printf("[NIOS] I2C control = 0x%02lx\n",
            ^
audio_nios.c:92:12: warning: format '%lx' expects argument of type 'long unsigned int', but argument 2 has type 'int' [-Wformat=]
audio_nios.c: At top level:
audio_nios.c:229:12: warning: 'audio_set_sample_rate_48k' defined but not used [-Wunused-function]
 static int audio_set_sample_rate_48k(void) {
            ^
Info: Linking nios_soft.elf
nios2-elf-g++  -T'../nios_soft_bsp//linker.x' -msys-crt0='../nios_soft_bsp//obj/HAL/src/crt0.o' -msys-lib=hal_bsp -L../nios_soft_bsp/  -msmallc  -Wl,-Map=nios_soft.map   -Os -g -Wall   -mno-hw-div -mno-hw-mul -mno-hw-mulx -mgpopt=global  -o nios_soft.elf obj/default/audio_nios.o obj/default/hello_world_small.o obj/default/main.o -lm -msys-lib=m
nios2-elf-insert nios_soft.elf --thread_model hal --cpu_name NIOS_cpu --qsys true --simulation_enabled false --id 2899645186 --sidp 0x10000 --timestamp 1780508765 --stderr_dev jtag_uart --stdin_dev jtag_uart --stdout_dev jtag_uart --sopc_system_name soc_system --quartus_project_dir "C:/fpga/DE1-SoC-MyPlayer-master" --jdi C:/fpga/DE1-SoC-MyPlayer-master/software/nios_soft_bsp/../../soc_system.jdi --sopcinfo C:/fpga/DE1-SoC-MyPlayer-master/software/nios_soft_bsp/../../soc_system.sopcinfo
Info: (nios_soft.elf) 7528 Bytes program size (code + initialized data).
Info:                 62 KBytes free for stack + heap.
Info: Creating nios_soft.objdump
nios2-elf-objdump --disassemble --syms --all-header --source nios_soft.elf >nios_soft.objdump
[nios_soft build complete]
16:06:38 **** Incremental Build of configuration Nios II for project nios_soft_bsp ****
make all 
[BSP build complete]
16:06:48 **** Incremental Build of configuration Nios II for project nios_soft ****
make all 
Info: Building ../nios_soft_bsp/
C:/intelFPGA_lite/18.1/nios2eds/bin/gnu/H-x86_64-mingw32/bin/make --no-print-directory -C ../nios_soft_bsp/
[BSP build complete]
[nios_soft build complete]
16:07:32 **** Incremental Build of configuration Nios II for project nios_soft ****
make all 
Info: Building ../nios_soft_bsp/
C:/intelFPGA_lite/18.1/nios2eds/bin/gnu/H-x86_64-mingw32/bin/make --no-print-directory -C ../nios_soft_bsp/
[BSP build complete]
Info: Compiling audio_nios.c to obj/default/audio_nios.o
nios2-elf-gcc -xc -MP -MMD -c -I../nios_soft_bsp//HAL/inc -I../nios_soft_bsp/ -I../nios_soft_bsp//drivers/inc  -pipe -D__hal__ -DALT_NO_C_PLUS_PLUS -DALT_NO_CLEAN_EXIT -D'exit(a)=_exit(a)' -DALT_NO_EXIT -DALT_USE_DIRECT_DRIVERS -DALT_NO_INSTRUCTION_EMULATION -DALT_USE_SMALL_DRIVERS -DSMALL_C_LIB -DALT_SINGLE_THREADED    -Os -g -Wall   -mno-hw-div -mno-hw-mul -mno-hw-mulx -mgpopt=global  -o obj/default/audio_nios.o audio_nios.c
audio_nios.c: In function 'oc_i2c_audio_init':
audio_nios.c:86:12: warning: format '%lx' expects argument of type 'long unsigned int', but argument 2 has type 'int' [-Wformat=]
     printf("[NIOS] I2C prescaler LO = 0x%02lx\n",
            ^
audio_nios.c:86:12: warning: format '%lx' expects argument of type 'long unsigned int', but argument 2 has type 'int' [-Wformat=]
audio_nios.c:89:12: warning: format '%lx' expects argument of type 'long unsigned int', but argument 2 has type 'int' [-Wformat=]
     printf("[NIOS] I2C prescaler HI = 0x%02lx\n",
            ^
audio_nios.c:89:12: warning: format '%lx' expects argument of type 'long unsigned int', but argument 2 has type 'int' [-Wformat=]
audio_nios.c:92:12: warning: format '%lx' expects argument of type 'long unsigned int', but argument 2 has type 'int' [-Wformat=]
     printf("[NIOS] I2C control = 0x%02lx\n",
            ^
audio_nios.c:92:12: warning: format '%lx' expects argument of type 'long unsigned int', but argument 2 has type 'int' [-Wformat=]
Info: Linking nios_soft.elf
nios2-elf-g++  -T'../nios_soft_bsp//linker.x' -msys-crt0='../nios_soft_bsp//obj/HAL/src/crt0.o' -msys-lib=hal_bsp -L../nios_soft_bsp/  -msmallc  -Wl,-Map=nios_soft.map   -Os -g -Wall   -mno-hw-div -mno-hw-mul -mno-hw-mulx -mgpopt=global  -o nios_soft.elf obj/default/audio_nios.o obj/default/hello_world_small.o obj/default/main.o -lm -msys-lib=m
nios2-elf-insert nios_soft.elf --thread_model hal --cpu_name NIOS_cpu --qsys true --simulation_enabled false --id 2899645186 --sidp 0x10000 --timestamp 1780508765 --stderr_dev jtag_uart --stdin_dev jtag_uart --stdout_dev jtag_uart --sopc_system_name soc_system --quartus_project_dir "C:/fpga/DE1-SoC-MyPlayer-master" --jdi C:/fpga/DE1-SoC-MyPlayer-master/software/nios_soft_bsp/../../soc_system.jdi --sopcinfo C:/fpga/DE1-SoC-MyPlayer-master/software/nios_soft_bsp/../../soc_system.sopcinfo
Info: (nios_soft.elf) 7556 Bytes program size (code + initialized data).
Info:                 62 KBytes free for stack + heap.
Info: Creating nios_soft.objdump
nios2-elf-objdump --disassemble --syms --all-header --source nios_soft.elf >nios_soft.objdump
[nios_soft build complete]
16:07:33 **** Incremental Build of configuration Nios II for project nios_soft_bsp ****
make all 
[BSP build complete]
16:07:37 **** Incremental Build of configuration Nios II for project nios_soft ****
make all 
Info: Building ../nios_soft_bsp/
C:/intelFPGA_lite/18.1/nios2eds/bin/gnu/H-x86_64-mingw32/bin/make --no-print-directory -C ../nios_soft_bsp/
[BSP build complete]
[nios_soft build complete]
16:19:12 **** Incremental Build of configuration Nios II for project nios_soft ****
make all 
Info: Building ../nios_soft_bsp/
C:/intelFPGA_lite/18.1/nios2eds/bin/gnu/H-x86_64-mingw32/bin/make --no-print-directory -C ../nios_soft_bsp/
[BSP build complete]
Info: Compiling audio_nios.c to obj/default/audio_nios.o
nios2-elf-gcc -xc -MP -MMD -c -I../nios_soft_bsp//HAL/inc -I../nios_soft_bsp/ -I../nios_soft_bsp//drivers/inc  -pipe -D__hal__ -DALT_NO_C_PLUS_PLUS -DALT_NO_CLEAN_EXIT -D'exit(a)=_exit(a)' -DALT_NO_EXIT -DALT_USE_DIRECT_DRIVERS -DALT_NO_INSTRUCTION_EMULATION -DALT_USE_SMALL_DRIVERS -DSMALL_C_LIB -DALT_SINGLE_THREADED    -Os -g -Wall   -mno-hw-div -mno-hw-mul -mno-hw-mulx -mgpopt=global  -o obj/default/audio_nios.o audio_nios.c
audio_nios.c: In function 'oc_i2c_audio_init':
audio_nios.c:86:12: warning: format '%lx' expects argument of type 'long unsigned int', but argument 2 has type 'int' [-Wformat=]
     printf("[NIOS] I2C prescaler LO = 0x%02lx\n",
            ^
audio_nios.c:86:12: warning: format '%lx' expects argument of type 'long unsigned int', but argument 2 has type 'int' [-Wformat=]
audio_nios.c:89:12: warning: format '%lx' expects argument of type 'long unsigned int', but argument 2 has type 'int' [-Wformat=]
     printf("[NIOS] I2C prescaler HI = 0x%02lx\n",
            ^
audio_nios.c:89:12: warning: format '%lx' expects argument of type 'long unsigned int', but argument 2 has type 'int' [-Wformat=]
audio_nios.c:92:12: warning: format '%lx' expects argument of type 'long unsigned int', but argument 2 has type 'int' [-Wformat=]
     printf("[NIOS] I2C control = 0x%02lx\n",
            ^
audio_nios.c:92:12: warning: format '%lx' expects argument of type 'long unsigned int', but argument 2 has type 'int' [-Wformat=]
audio_nios.c: At top level:
audio_nios.c:219:12: warning: 'audio_set_sample_rate_44k1' defined but not used [-Wunused-function]
 static int audio_set_sample_rate_44k1(void) {
            ^
audio_nios.c:224:12: warning: 'audio_set_sample_rate_32k' defined but not used [-Wunused-function]
 static int audio_set_sample_rate_32k(void) {
            ^
Info: Linking nios_soft.elf
nios2-elf-g++  -T'../nios_soft_bsp//linker.x' -msys-crt0='../nios_soft_bsp//obj/HAL/src/crt0.o' -msys-lib=hal_bsp -L../nios_soft_bsp/  -msmallc  -Wl,-Map=nios_soft.map   -Os -g -Wall   -mno-hw-div -mno-hw-mul -mno-hw-mulx -mgpopt=global  -o nios_soft.elf obj/default/audio_nios.o obj/default/hello_world_small.o obj/default/main.o -lm -msys-lib=m
nios2-elf-insert nios_soft.elf --thread_model hal --cpu_name NIOS_cpu --qsys true --simulation_enabled false --id 2899645186 --sidp 0x10000 --timestamp 1780508765 --stderr_dev jtag_uart --stdin_dev jtag_uart --stdout_dev jtag_uart --sopc_system_name soc_system --quartus_project_dir "C:/fpga/DE1-SoC-MyPlayer-master" --jdi C:/fpga/DE1-SoC-MyPlayer-master/software/nios_soft_bsp/../../soc_system.jdi --sopcinfo C:/fpga/DE1-SoC-MyPlayer-master/software/nios_soft_bsp/../../soc_system.sopcinfo
Info: (nios_soft.elf) 7500 Bytes program size (code + initialized data).
Info:                 62 KBytes free for stack + heap.
Info: Creating nios_soft.objdump
nios2-elf-objdump --disassemble --syms --all-header --source nios_soft.elf >nios_soft.objdump
[nios_soft build complete]
16:19:13 **** Incremental Build of configuration Nios II for project nios_soft_bsp ****
make all 
[BSP build complete]
16:19:29 **** Incremental Build of configuration Nios II for project nios_soft ****
make all 
Info: Building ../nios_soft_bsp/
C:/intelFPGA_lite/18.1/nios2eds/bin/gnu/H-x86_64-mingw32/bin/make --no-print-directory -C ../nios_soft_bsp/
[BSP build complete]
[nios_soft build complete]
16:24:24 **** Incremental Build of configuration Nios II for project nios_soft ****
make all 
Info: Building ../nios_soft_bsp/
C:/intelFPGA_lite/18.1/nios2eds/bin/gnu/H-x86_64-mingw32/bin/make --no-print-directory -C ../nios_soft_bsp/
[BSP build complete]
[nios_soft build complete]
16:27:03 **** Incremental Build of configuration Nios II for project nios_soft ****
make all 
Info: Building ../nios_soft_bsp/
C:/intelFPGA_lite/18.1/nios2eds/bin/gnu/H-x86_64-mingw32/bin/make --no-print-directory -C ../nios_soft_bsp/
[BSP build complete]
Info: Compiling audio_nios.c to obj/default/audio_nios.o
nios2-elf-gcc -xc -MP -MMD -c -I../nios_soft_bsp//HAL/inc -I../nios_soft_bsp/ -I../nios_soft_bsp//drivers/inc  -pipe -D__hal__ -DALT_NO_C_PLUS_PLUS -DALT_NO_CLEAN_EXIT -D'exit(a)=_exit(a)' -DALT_NO_EXIT -DALT_USE_DIRECT_DRIVERS -DALT_NO_INSTRUCTION_EMULATION -DALT_USE_SMALL_DRIVERS -DSMALL_C_LIB -DALT_SINGLE_THREADED    -Os -g -Wall   -mno-hw-div -mno-hw-mul -mno-hw-mulx -mgpopt=global  -o obj/default/audio_nios.o audio_nios.c
audio_nios.c: In function 'oc_i2c_audio_init':
audio_nios.c:86:12: warning: format '%lx' expects argument of type 'long unsigned int', but argument 2 has type 'int' [-Wformat=]
     printf("[NIOS] I2C prescaler LO = 0x%02lx\n",
            ^
audio_nios.c:86:12: warning: format '%lx' expects argument of type 'long unsigned int', but argument 2 has type 'int' [-Wformat=]
audio_nios.c:89:12: warning: format '%lx' expects argument of type 'long unsigned int', but argument 2 has type 'int' [-Wformat=]
     printf("[NIOS] I2C prescaler HI = 0x%02lx\n",
            ^
audio_nios.c:89:12: warning: format '%lx' expects argument of type 'long unsigned int', but argument 2 has type 'int' [-Wformat=]
audio_nios.c:92:12: warning: format '%lx' expects argument of type 'long unsigned int', but argument 2 has type 'int' [-Wformat=]
     printf("[NIOS] I2C control = 0x%02lx\n",
            ^
audio_nios.c:92:12: warning: format '%lx' expects argument of type 'long unsigned int', but argument 2 has type 'int' [-Wformat=]
audio_nios.c: At top level:
audio_nios.c:219:12: warning: 'audio_set_sample_rate_44k1' defined but not used [-Wunused-function]
 static int audio_set_sample_rate_44k1(void) {
            ^
audio_nios.c:224:12: warning: 'audio_set_sample_rate_32k' defined but not used [-Wunused-function]
 static int audio_set_sample_rate_32k(void) {
            ^
Info: Linking nios_soft.elf
nios2-elf-g++  -T'../nios_soft_bsp//linker.x' -msys-crt0='../nios_soft_bsp//obj/HAL/src/crt0.o' -msys-lib=hal_bsp -L../nios_soft_bsp/  -msmallc  -Wl,-Map=nios_soft.map   -Os -g -Wall   -mno-hw-div -mno-hw-mul -mno-hw-mulx -mgpopt=global  -o nios_soft.elf obj/default/audio_nios.o obj/default/hello_world_small.o obj/default/main.o -lm -msys-lib=m
nios2-elf-insert nios_soft.elf --thread_model hal --cpu_name NIOS_cpu --qsys true --simulation_enabled false --id 2899645186 --sidp 0x10000 --timestamp 1780508765 --stderr_dev jtag_uart --stdin_dev jtag_uart --stdout_dev jtag_uart --sopc_system_name soc_system --quartus_project_dir "C:/fpga/DE1-SoC-MyPlayer-master" --jdi C:/fpga/DE1-SoC-MyPlayer-master/software/nios_soft_bsp/../../soc_system.jdi --sopcinfo C:/fpga/DE1-SoC-MyPlayer-master/software/nios_soft_bsp/../../soc_system.sopcinfo
Info: (nios_soft.elf) 7500 Bytes program size (code + initialized data).
Info:                 62 KBytes free for stack + heap.
Info: Creating nios_soft.objdump
nios2-elf-objdump --disassemble --syms --all-header --source nios_soft.elf >nios_soft.objdump
[nios_soft build complete]
16:27:04 **** Incremental Build of configuration Nios II for project nios_soft_bsp ****
make all 
[BSP build complete]
16:27:10 **** Incremental Build of configuration Nios II for project nios_soft ****
make all 
Info: Building ../nios_soft_bsp/
C:/intelFPGA_lite/18.1/nios2eds/bin/gnu/H-x86_64-mingw32/bin/make --no-print-directory -C ../nios_soft_bsp/
[BSP build complete]
[nios_soft build complete]
16:31:15 **** Incremental Build of configuration Nios II for project nios_soft ****
make all 
Info: Building ../nios_soft_bsp/
C:/intelFPGA_lite/18.1/nios2eds/bin/gnu/H-x86_64-mingw32/bin/make --no-print-directory -C ../nios_soft_bsp/
[BSP build complete]
Info: Compiling audio_nios.c to obj/default/audio_nios.o
nios2-elf-gcc -xc -MP -MMD -c -I../nios_soft_bsp//HAL/inc -I../nios_soft_bsp/ -I../nios_soft_bsp//drivers/inc  -pipe -D__hal__ -DALT_NO_C_PLUS_PLUS -DALT_NO_CLEAN_EXIT -D'exit(a)=_exit(a)' -DALT_NO_EXIT -DALT_USE_DIRECT_DRIVERS -DALT_NO_INSTRUCTION_EMULATION -DALT_USE_SMALL_DRIVERS -DSMALL_C_LIB -DALT_SINGLE_THREADED    -Os -g -Wall   -mno-hw-div -mno-hw-mul -mno-hw-mulx -mgpopt=global  -o obj/default/audio_nios.o audio_nios.c
audio_nios.c: In function 'oc_i2c_audio_init':
audio_nios.c:86:12: warning: format '%lx' expects argument of type 'long unsigned int', but argument 2 has type 'int' [-Wformat=]
     printf("[NIOS] I2C prescaler LO = 0x%02lx\n",
            ^
audio_nios.c:86:12: warning: format '%lx' expects argument of type 'long unsigned int', but argument 2 has type 'int' [-Wformat=]
audio_nios.c:89:12: warning: format '%lx' expects argument of type 'long unsigned int', but argument 2 has type 'int' [-Wformat=]
     printf("[NIOS] I2C prescaler HI = 0x%02lx\n",
            ^
audio_nios.c:89:12: warning: format '%lx' expects argument of type 'long unsigned int', but argument 2 has type 'int' [-Wformat=]
audio_nios.c:92:12: warning: format '%lx' expects argument of type 'long unsigned int', but argument 2 has type 'int' [-Wformat=]
     printf("[NIOS] I2C control = 0x%02lx\n",
            ^
audio_nios.c:92:12: warning: format '%lx' expects argument of type 'long unsigned int', but argument 2 has type 'int' [-Wformat=]
audio_nios.c: At top level:
audio_nios.c:219:12: warning: 'audio_set_sample_rate_44k1' defined but not used [-Wunused-function]
 static int audio_set_sample_rate_44k1(void) {
            ^
audio_nios.c:224:12: warning: 'audio_set_sample_rate_32k' defined but not used [-Wunused-function]
 static int audio_set_sample_rate_32k(void) {
            ^
Info: Linking nios_soft.elf
nios2-elf-g++  -T'../nios_soft_bsp//linker.x' -msys-crt0='../nios_soft_bsp//obj/HAL/src/crt0.o' -msys-lib=hal_bsp -L../nios_soft_bsp/  -msmallc  -Wl,-Map=nios_soft.map   -Os -g -Wall   -mno-hw-div -mno-hw-mul -mno-hw-mulx -mgpopt=global  -o nios_soft.elf obj/default/audio_nios.o obj/default/hello_world_small.o obj/default/main.o -lm -msys-lib=m
nios2-elf-insert nios_soft.elf --thread_model hal --cpu_name NIOS_cpu --qsys true --simulation_enabled false --id 2899645186 --sidp 0x10000 --timestamp 1780508765 --stderr_dev jtag_uart --stdin_dev jtag_uart --stdout_dev jtag_uart --sopc_system_name soc_system --quartus_project_dir "C:/fpga/DE1-SoC-MyPlayer-master" --jdi C:/fpga/DE1-SoC-MyPlayer-master/software/nios_soft_bsp/../../soc_system.jdi --sopcinfo C:/fpga/DE1-SoC-MyPlayer-master/software/nios_soft_bsp/../../soc_system.sopcinfo
Info: (nios_soft.elf) 7500 Bytes program size (code + initialized data).
Info:                 62 KBytes free for stack + heap.
Info: Creating nios_soft.objdump
nios2-elf-objdump --disassemble --syms --all-header --source nios_soft.elf >nios_soft.objdump
[nios_soft build complete]
16:31:16 **** Incremental Build of configuration Nios II for project nios_soft_bsp ****
make all 
[BSP build complete]
16:31:21 **** Incremental Build of configuration Nios II for project nios_soft ****
make all 
Info: Building ../nios_soft_bsp/
C:/intelFPGA_lite/18.1/nios2eds/bin/gnu/H-x86_64-mingw32/bin/make --no-print-directory -C ../nios_soft_bsp/
[BSP build complete]
[nios_soft build complete]
16:32:27 **** Incremental Build of configuration Nios II for project nios_soft ****
make all 
Info: Building ../nios_soft_bsp/
C:/intelFPGA_lite/18.1/nios2eds/bin/gnu/H-x86_64-mingw32/bin/make --no-print-directory -C ../nios_soft_bsp/
[BSP build complete]
[nios_soft build complete]
16:32:28 **** Incremental Build of configuration Nios II for project nios_soft_bsp ****
make all 
[BSP build complete]
16:32:34 **** Incremental Build of configuration Nios II for project nios_soft ****
make all 
Info: Building ../nios_soft_bsp/
C:/intelFPGA_lite/18.1/nios2eds/bin/gnu/H-x86_64-mingw32/bin/make --no-print-directory -C ../nios_soft_bsp/
[BSP build complete]
[nios_soft build complete]
16:36:00 **** Incremental Build of configuration Nios II for project nios_soft ****
make all 
Info: Building ../nios_soft_bsp/
C:/intelFPGA_lite/18.1/nios2eds/bin/gnu/H-x86_64-mingw32/bin/make --no-print-directory -C ../nios_soft_bsp/
[BSP build complete]
[nios_soft build complete]
16:36:49 **** Incremental Build of configuration Nios II for project nios_soft ****
make all 
Info: Building ../nios_soft_bsp/
C:/intelFPGA_lite/18.1/nios2eds/bin/gnu/H-x86_64-mingw32/bin/make --no-print-directory -C ../nios_soft_bsp/
[BSP build complete]
Info: Compiling audio_nios.c to obj/default/audio_nios.o
nios2-elf-gcc -xc -MP -MMD -c -I../nios_soft_bsp//HAL/inc -I../nios_soft_bsp/ -I../nios_soft_bsp//drivers/inc  -pipe -D__hal__ -DALT_NO_C_PLUS_PLUS -DALT_NO_CLEAN_EXIT -D'exit(a)=_exit(a)' -DALT_NO_EXIT -DALT_USE_DIRECT_DRIVERS -DALT_NO_INSTRUCTION_EMULATION -DALT_USE_SMALL_DRIVERS -DSMALL_C_LIB -DALT_SINGLE_THREADED    -Os -g -Wall   -mno-hw-div -mno-hw-mul -mno-hw-mulx -mgpopt=global  -o obj/default/audio_nios.o audio_nios.c
audio_nios.c: In function 'oc_i2c_audio_init':
audio_nios.c:86:12: warning: format '%lx' expects argument of type 'long unsigned int', but argument 2 has type 'int' [-Wformat=]
     printf("[NIOS] I2C prescaler LO = 0x%02lx\n",
            ^
audio_nios.c:86:12: warning: format '%lx' expects argument of type 'long unsigned int', but argument 2 has type 'int' [-Wformat=]
audio_nios.c:89:12: warning: format '%lx' expects argument of type 'long unsigned int', but argument 2 has type 'int' [-Wformat=]
     printf("[NIOS] I2C prescaler HI = 0x%02lx\n",
            ^
audio_nios.c:89:12: warning: format '%lx' expects argument of type 'long unsigned int', but argument 2 has type 'int' [-Wformat=]
audio_nios.c:92:12: warning: format '%lx' expects argument of type 'long unsigned int', but argument 2 has type 'int' [-Wformat=]
     printf("[NIOS] I2C control = 0x%02lx\n",
            ^
audio_nios.c:92:12: warning: format '%lx' expects argument of type 'long unsigned int', but argument 2 has type 'int' [-Wformat=]
audio_nios.c: At top level:
audio_nios.c:219:12: warning: 'audio_set_sample_rate_44k1' defined but not used [-Wunused-function]
 static int audio_set_sample_rate_44k1(void) {
            ^
audio_nios.c:224:12: warning: 'audio_set_sample_rate_32k' defined but not used [-Wunused-function]
 static int audio_set_sample_rate_32k(void) {
            ^
Info: Linking nios_soft.elf
nios2-elf-g++  -T'../nios_soft_bsp//linker.x' -msys-crt0='../nios_soft_bsp//obj/HAL/src/crt0.o' -msys-lib=hal_bsp -L../nios_soft_bsp/  -msmallc  -Wl,-Map=nios_soft.map   -Os -g -Wall   -mno-hw-div -mno-hw-mul -mno-hw-mulx -mgpopt=global  -o nios_soft.elf obj/default/audio_nios.o obj/default/hello_world_small.o obj/default/main.o -lm -msys-lib=m
nios2-elf-insert nios_soft.elf --thread_model hal --cpu_name NIOS_cpu --qsys true --simulation_enabled false --id 2899645186 --sidp 0x10000 --timestamp 1780508765 --stderr_dev jtag_uart --stdin_dev jtag_uart --stdout_dev jtag_uart --sopc_system_name soc_system --quartus_project_dir "C:/fpga/DE1-SoC-MyPlayer-master" --jdi C:/fpga/DE1-SoC-MyPlayer-master/software/nios_soft_bsp/../../soc_system.jdi --sopcinfo C:/fpga/DE1-SoC-MyPlayer-master/software/nios_soft_bsp/../../soc_system.sopcinfo
Info: (nios_soft.elf) 7500 Bytes program size (code + initialized data).
Info:                 62 KBytes free for stack + heap.
Info: Creating nios_soft.objdump
nios2-elf-objdump --disassemble --syms --all-header --source nios_soft.elf >nios_soft.objdump
[nios_soft build complete]
16:36:50 **** Incremental Build of configuration Nios II for project nios_soft_bsp ****
make all 
[BSP build complete]
16:36:59 **** Incremental Build of configuration Nios II for project nios_soft ****
make all 
Info: Building ../nios_soft_bsp/
C:/intelFPGA_lite/18.1/nios2eds/bin/gnu/H-x86_64-mingw32/bin/make --no-print-directory -C ../nios_soft_bsp/
[BSP build complete]
[nios_soft build complete]
16:37:36 **** Incremental Build of configuration Nios II for project nios_soft ****
make all 
Info: Building ../nios_soft_bsp/
C:/intelFPGA_lite/18.1/nios2eds/bin/gnu/H-x86_64-mingw32/bin/make --no-print-directory -C ../nios_soft_bsp/
[BSP build complete]
Info: Compiling audio_nios.c to obj/default/audio_nios.o
nios2-elf-gcc -xc -MP -MMD -c -I../nios_soft_bsp//HAL/inc -I../nios_soft_bsp/ -I../nios_soft_bsp//drivers/inc  -pipe -D__hal__ -DALT_NO_C_PLUS_PLUS -DALT_NO_CLEAN_EXIT -D'exit(a)=_exit(a)' -DALT_NO_EXIT -DALT_USE_DIRECT_DRIVERS -DALT_NO_INSTRUCTION_EMULATION -DALT_USE_SMALL_DRIVERS -DSMALL_C_LIB -DALT_SINGLE_THREADED    -Os -g -Wall   -mno-hw-div -mno-hw-mul -mno-hw-mulx -mgpopt=global  -o obj/default/audio_nios.o audio_nios.c
audio_nios.c: In function 'oc_i2c_audio_init':
audio_nios.c:86:12: warning: format '%lx' expects argument of type 'long unsigned int', but argument 2 has type 'int' [-Wformat=]
     printf("[NIOS] I2C prescaler LO = 0x%02lx\n",
            ^
audio_nios.c:86:12: warning: format '%lx' expects argument of type 'long unsigned int', but argument 2 has type 'int' [-Wformat=]
audio_nios.c:89:12: warning: format '%lx' expects argument of type 'long unsigned int', but argument 2 has type 'int' [-Wformat=]
     printf("[NIOS] I2C prescaler HI = 0x%02lx\n",
            ^
audio_nios.c:89:12: warning: format '%lx' expects argument of type 'long unsigned int', but argument 2 has type 'int' [-Wformat=]
audio_nios.c:92:12: warning: format '%lx' expects argument of type 'long unsigned int', but argument 2 has type 'int' [-Wformat=]
     printf("[NIOS] I2C control = 0x%02lx\n",
            ^
audio_nios.c:92:12: warning: format '%lx' expects argument of type 'long unsigned int', but argument 2 has type 'int' [-Wformat=]
audio_nios.c: At top level:
audio_nios.c:219:12: warning: 'audio_set_sample_rate_44k1' defined but not used [-Wunused-function]
 static int audio_set_sample_rate_44k1(void) {
            ^
audio_nios.c:224:12: warning: 'audio_set_sample_rate_32k' defined but not used [-Wunused-function]
 static int audio_set_sample_rate_32k(void) {
            ^
Info: Linking nios_soft.elf
nios2-elf-g++  -T'../nios_soft_bsp//linker.x' -msys-crt0='../nios_soft_bsp//obj/HAL/src/crt0.o' -msys-lib=hal_bsp -L../nios_soft_bsp/  -msmallc  -Wl,-Map=nios_soft.map   -Os -g -Wall   -mno-hw-div -mno-hw-mul -mno-hw-mulx -mgpopt=global  -o nios_soft.elf obj/default/audio_nios.o obj/default/hello_world_small.o obj/default/main.o -lm -msys-lib=m
nios2-elf-insert nios_soft.elf --thread_model hal --cpu_name NIOS_cpu --qsys true --simulation_enabled false --id 2899645186 --sidp 0x10000 --timestamp 1780508765 --stderr_dev jtag_uart --stdin_dev jtag_uart --stdout_dev jtag_uart --sopc_system_name soc_system --quartus_project_dir "C:/fpga/DE1-SoC-MyPlayer-master" --jdi C:/fpga/DE1-SoC-MyPlayer-master/software/nios_soft_bsp/../../soc_system.jdi --sopcinfo C:/fpga/DE1-SoC-MyPlayer-master/software/nios_soft_bsp/../../soc_system.sopcinfo
Info: (nios_soft.elf) 7500 Bytes program size (code + initialized data).
Info:                 62 KBytes free for stack + heap.
Info: Creating nios_soft.objdump
nios2-elf-objdump --disassemble --syms --all-header --source nios_soft.elf >nios_soft.objdump
[nios_soft build complete]
16:37:37 **** Incremental Build of configuration Nios II for project nios_soft_bsp ****
make all 
[BSP build complete]
16:37:42 **** Incremental Build of configuration Nios II for project nios_soft ****
make all 
Info: Building ../nios_soft_bsp/
C:/intelFPGA_lite/18.1/nios2eds/bin/gnu/H-x86_64-mingw32/bin/make --no-print-directory -C ../nios_soft_bsp/
[BSP build complete]
[nios_soft build complete]
16:48:40 **** Incremental Build of configuration Nios II for project nios_soft ****
make all 
Info: Building ../nios_soft_bsp/
C:/intelFPGA_lite/18.1/nios2eds/bin/gnu/H-x86_64-mingw32/bin/make --no-print-directory -C ../nios_soft_bsp/
[BSP build complete]
Info: Compiling audio_nios.c to obj/default/audio_nios.o
nios2-elf-gcc -xc -MP -MMD -c -I../nios_soft_bsp//HAL/inc -I../nios_soft_bsp/ -I../nios_soft_bsp//drivers/inc  -pipe -D__hal__ -DALT_NO_C_PLUS_PLUS -DALT_NO_CLEAN_EXIT -D'exit(a)=_exit(a)' -DALT_NO_EXIT -DALT_USE_DIRECT_DRIVERS -DALT_NO_INSTRUCTION_EMULATION -DALT_USE_SMALL_DRIVERS -DSMALL_C_LIB -DALT_SINGLE_THREADED    -Os -g -Wall   -mno-hw-div -mno-hw-mul -mno-hw-mulx -mgpopt=global  -o obj/default/audio_nios.o audio_nios.c
audio_nios.c: In function 'oc_i2c_audio_init':
audio_nios.c:86:12: warning: format '%lx' expects argument of type 'long unsigned int', but argument 2 has type 'int' [-Wformat=]
     printf("[NIOS] I2C prescaler LO = 0x%02lx\n",
            ^
audio_nios.c:86:12: warning: format '%lx' expects argument of type 'long unsigned int', but argument 2 has type 'int' [-Wformat=]
audio_nios.c:89:12: warning: format '%lx' expects argument of type 'long unsigned int', but argument 2 has type 'int' [-Wformat=]
     printf("[NIOS] I2C prescaler HI = 0x%02lx\n",
            ^
audio_nios.c:89:12: warning: format '%lx' expects argument of type 'long unsigned int', but argument 2 has type 'int' [-Wformat=]
audio_nios.c:92:12: warning: format '%lx' expects argument of type 'long unsigned int', but argument 2 has type 'int' [-Wformat=]
     printf("[NIOS] I2C control = 0x%02lx\n",
            ^
audio_nios.c:92:12: warning: format '%lx' expects argument of type 'long unsigned int', but argument 2 has type 'int' [-Wformat=]
audio_nios.c: At top level:
audio_nios.c:219:12: warning: 'audio_set_sample_rate_44k1' defined but not used [-Wunused-function]
 static int audio_set_sample_rate_44k1(void) {
            ^
audio_nios.c:224:12: warning: 'audio_set_sample_rate_32k' defined but not used [-Wunused-function]
 static int audio_set_sample_rate_32k(void) {
            ^
Info: Linking nios_soft.elf
nios2-elf-g++  -T'../nios_soft_bsp//linker.x' -msys-crt0='../nios_soft_bsp//obj/HAL/src/crt0.o' -msys-lib=hal_bsp -L../nios_soft_bsp/  -msmallc  -Wl,-Map=nios_soft.map   -Os -g -Wall   -mno-hw-div -mno-hw-mul -mno-hw-mulx -mgpopt=global  -o nios_soft.elf obj/default/audio_nios.o obj/default/hello_world_small.o obj/default/main.o -lm -msys-lib=m
nios2-elf-insert nios_soft.elf --thread_model hal --cpu_name NIOS_cpu --qsys true --simulation_enabled false --id 2899645186 --sidp 0x10000 --timestamp 1780508765 --stderr_dev jtag_uart --stdin_dev jtag_uart --stdout_dev jtag_uart --sopc_system_name soc_system --quartus_project_dir "C:/fpga/DE1-SoC-MyPlayer-master" --jdi C:/fpga/DE1-SoC-MyPlayer-master/software/nios_soft_bsp/../../soc_system.jdi --sopcinfo C:/fpga/DE1-SoC-MyPlayer-master/software/nios_soft_bsp/../../soc_system.sopcinfo
Info: (nios_soft.elf) 7500 Bytes program size (code + initialized data).
Info:                 62 KBytes free for stack + heap.
Info: Creating nios_soft.objdump
nios2-elf-objdump --disassemble --syms --all-header --source nios_soft.elf >nios_soft.objdump
[nios_soft build complete]
16:48:41 **** Incremental Build of configuration Nios II for project nios_soft_bsp ****
make all 
[BSP build complete]
16:51:40 **** Incremental Build of configuration Nios II for project nios_soft ****
make all 
Info: Building ../nios_soft_bsp/
C:/intelFPGA_lite/18.1/nios2eds/bin/gnu/H-x86_64-mingw32/bin/make --no-print-directory -C ../nios_soft_bsp/
[BSP build complete]
Info: Compiling audio_nios.c to obj/default/audio_nios.o
nios2-elf-gcc -xc -MP -MMD -c -I../nios_soft_bsp//HAL/inc -I../nios_soft_bsp/ -I../nios_soft_bsp//drivers/inc  -pipe -D__hal__ -DALT_NO_C_PLUS_PLUS -DALT_NO_CLEAN_EXIT -D'exit(a)=_exit(a)' -DALT_NO_EXIT -DALT_USE_DIRECT_DRIVERS -DALT_NO_INSTRUCTION_EMULATION -DALT_USE_SMALL_DRIVERS -DSMALL_C_LIB -DALT_SINGLE_THREADED    -Os -g -Wall   -mno-hw-div -mno-hw-mul -mno-hw-mulx -mgpopt=global  -o obj/default/audio_nios.o audio_nios.c
audio_nios.c: In function 'oc_i2c_audio_init':
audio_nios.c:86:12: warning: format '%lx' expects argument of type 'long unsigned int', but argument 2 has type 'int' [-Wformat=]
     printf("[NIOS] I2C prescaler LO = 0x%02lx\n",
            ^
audio_nios.c:86:12: warning: format '%lx' expects argument of type 'long unsigned int', but argument 2 has type 'int' [-Wformat=]
audio_nios.c:89:12: warning: format '%lx' expects argument of type 'long unsigned int', but argument 2 has type 'int' [-Wformat=]
     printf("[NIOS] I2C prescaler HI = 0x%02lx\n",
            ^
audio_nios.c:89:12: warning: format '%lx' expects argument of type 'long unsigned int', but argument 2 has type 'int' [-Wformat=]
audio_nios.c:92:12: warning: format '%lx' expects argument of type 'long unsigned int', but argument 2 has type 'int' [-Wformat=]
     printf("[NIOS] I2C control = 0x%02lx\n",
            ^
audio_nios.c:92:12: warning: format '%lx' expects argument of type 'long unsigned int', but argument 2 has type 'int' [-Wformat=]
audio_nios.c: At top level:
audio_nios.c:224:12: warning: 'audio_set_sample_rate_32k' defined but not used [-Wunused-function]
 static int audio_set_sample_rate_32k(void) {
            ^
audio_nios.c:229:12: warning: 'audio_set_sample_rate_44k1' defined but not used [-Wunused-function]
 static int audio_set_sample_rate_44k1(void) {
            ^
Info: Linking nios_soft.elf
nios2-elf-g++  -T'../nios_soft_bsp//linker.x' -msys-crt0='../nios_soft_bsp//obj/HAL/src/crt0.o' -msys-lib=hal_bsp -L../nios_soft_bsp/  -msmallc  -Wl,-Map=nios_soft.map   -Os -g -Wall   -mno-hw-div -mno-hw-mul -mno-hw-mulx -mgpopt=global  -o nios_soft.elf obj/default/audio_nios.o obj/default/hello_world_small.o obj/default/main.o -lm -msys-lib=m
nios2-elf-insert nios_soft.elf --thread_model hal --cpu_name NIOS_cpu --qsys true --simulation_enabled false --id 2899645186 --sidp 0x10000 --timestamp 1780508765 --stderr_dev jtag_uart --stdin_dev jtag_uart --stdout_dev jtag_uart --sopc_system_name soc_system --quartus_project_dir "C:/fpga/DE1-SoC-MyPlayer-master" --jdi C:/fpga/DE1-SoC-MyPlayer-master/software/nios_soft_bsp/../../soc_system.jdi --sopcinfo C:/fpga/DE1-SoC-MyPlayer-master/software/nios_soft_bsp/../../soc_system.sopcinfo
Info: (nios_soft.elf) 7472 Bytes program size (code + initialized data).
Info:                 62 KBytes free for stack + heap.
Info: Creating nios_soft.objdump
nios2-elf-objdump --disassemble --syms --all-header --source nios_soft.elf >nios_soft.objdump
[nios_soft build complete]
16:51:42 **** Incremental Build of configuration Nios II for project nios_soft_bsp ****
make all 
[BSP build complete]
16:51:47 **** Incremental Build of configuration Nios II for project nios_soft ****
make all 
Info: Building ../nios_soft_bsp/
C:/intelFPGA_lite/18.1/nios2eds/bin/gnu/H-x86_64-mingw32/bin/make --no-print-directory -C ../nios_soft_bsp/
[BSP build complete]
[nios_soft build complete]
16:53:09 **** Incremental Build of configuration Nios II for project nios_soft ****
make all 
Info: Building ../nios_soft_bsp/
C:/intelFPGA_lite/18.1/nios2eds/bin/gnu/H-x86_64-mingw32/bin/make --no-print-directory -C ../nios_soft_bsp/
[BSP build complete]
[nios_soft build complete]
16:54:37 **** Incremental Build of configuration Nios II for project nios_soft ****
make all 
Info: Building ../nios_soft_bsp/
C:/intelFPGA_lite/18.1/nios2eds/bin/gnu/H-x86_64-mingw32/bin/make --no-print-directory -C ../nios_soft_bsp/
[BSP build complete]
Info: Compiling audio_nios.c to obj/default/audio_nios.o
nios2-elf-gcc -xc -MP -MMD -c -I../nios_soft_bsp//HAL/inc -I../nios_soft_bsp/ -I../nios_soft_bsp//drivers/inc  -pipe -D__hal__ -DALT_NO_C_PLUS_PLUS -DALT_NO_CLEAN_EXIT -D'exit(a)=_exit(a)' -DALT_NO_EXIT -DALT_USE_DIRECT_DRIVERS -DALT_NO_INSTRUCTION_EMULATION -DALT_USE_SMALL_DRIVERS -DSMALL_C_LIB -DALT_SINGLE_THREADED    -Os -g -Wall   -mno-hw-div -mno-hw-mul -mno-hw-mulx -mgpopt=global  -o obj/default/audio_nios.o audio_nios.c
audio_nios.c: In function 'oc_i2c_audio_init':
audio_nios.c:86:12: warning: format '%lx' expects argument of type 'long unsigned int', but argument 2 has type 'int' [-Wformat=]
     printf("[NIOS] I2C prescaler LO = 0x%02lx\n",
            ^
audio_nios.c:86:12: warning: format '%lx' expects argument of type 'long unsigned int', but argument 2 has type 'int' [-Wformat=]
audio_nios.c:89:12: warning: format '%lx' expects argument of type 'long unsigned int', but argument 2 has type 'int' [-Wformat=]
     printf("[NIOS] I2C prescaler HI = 0x%02lx\n",
            ^
audio_nios.c:89:12: warning: format '%lx' expects argument of type 'long unsigned int', but argument 2 has type 'int' [-Wformat=]
audio_nios.c:92:12: warning: format '%lx' expects argument of type 'long unsigned int', but argument 2 has type 'int' [-Wformat=]
     printf("[NIOS] I2C control = 0x%02lx\n",
            ^
audio_nios.c:92:12: warning: format '%lx' expects argument of type 'long unsigned int', but argument 2 has type 'int' [-Wformat=]
audio_nios.c: At top level:
audio_nios.c:225:12: warning: 'audio_set_sample_rate_32k' defined but not used [-Wunused-function]
 static int audio_set_sample_rate_32k(void) {
            ^
audio_nios.c:230:12: warning: 'audio_set_sample_rate_44k1' defined but not used [-Wunused-function]
 static int audio_set_sample_rate_44k1(void) {
            ^
Info: Linking nios_soft.elf
nios2-elf-g++  -T'../nios_soft_bsp//linker.x' -msys-crt0='../nios_soft_bsp//obj/HAL/src/crt0.o' -msys-lib=hal_bsp -L../nios_soft_bsp/  -msmallc  -Wl,-Map=nios_soft.map   -Os -g -Wall   -mno-hw-div -mno-hw-mul -mno-hw-mulx -mgpopt=global  -o nios_soft.elf obj/default/audio_nios.o obj/default/hello_world_small.o obj/default/main.o -lm -msys-lib=m
nios2-elf-insert nios_soft.elf --thread_model hal --cpu_name NIOS_cpu --qsys true --simulation_enabled false --id 2899645186 --sidp 0x10000 --timestamp 1780508765 --stderr_dev jtag_uart --stdin_dev jtag_uart --stdout_dev jtag_uart --sopc_system_name soc_system --quartus_project_dir "C:/fpga/DE1-SoC-MyPlayer-master" --jdi C:/fpga/DE1-SoC-MyPlayer-master/software/nios_soft_bsp/../../soc_system.jdi --sopcinfo C:/fpga/DE1-SoC-MyPlayer-master/software/nios_soft_bsp/../../soc_system.sopcinfo
Info: (nios_soft.elf) 7500 Bytes program size (code + initialized data).
Info:                 62 KBytes free for stack + heap.
Info: Creating nios_soft.objdump
nios2-elf-objdump --disassemble --syms --all-header --source nios_soft.elf >nios_soft.objdump
[nios_soft build complete]
16:54:38 **** Incremental Build of configuration Nios II for project nios_soft_bsp ****
make all 
[BSP build complete]
16:54:56 **** Incremental Build of configuration Nios II for project nios_soft ****
make all 
Info: Building ../nios_soft_bsp/
C:/intelFPGA_lite/18.1/nios2eds/bin/gnu/H-x86_64-mingw32/bin/make --no-print-directory -C ../nios_soft_bsp/
[BSP build complete]
[nios_soft build complete]
16:55:39 **** Incremental Build of configuration Nios II for project nios_soft ****
make all 
Info: Building ../nios_soft_bsp/
C:/intelFPGA_lite/18.1/nios2eds/bin/gnu/H-x86_64-mingw32/bin/make --no-print-directory -C ../nios_soft_bsp/
[BSP build complete]
Info: Compiling audio_nios.c to obj/default/audio_nios.o
nios2-elf-gcc -xc -MP -MMD -c -I../nios_soft_bsp//HAL/inc -I../nios_soft_bsp/ -I../nios_soft_bsp//drivers/inc  -pipe -D__hal__ -DALT_NO_C_PLUS_PLUS -DALT_NO_CLEAN_EXIT -D'exit(a)=_exit(a)' -DALT_NO_EXIT -DALT_USE_DIRECT_DRIVERS -DALT_NO_INSTRUCTION_EMULATION -DALT_USE_SMALL_DRIVERS -DSMALL_C_LIB -DALT_SINGLE_THREADED    -Os -g -Wall   -mno-hw-div -mno-hw-mul -mno-hw-mulx -mgpopt=global  -o obj/default/audio_nios.o audio_nios.c
audio_nios.c: In function 'oc_i2c_audio_init':
audio_nios.c:86:12: warning: format '%lx' expects argument of type 'long unsigned int', but argument 2 has type 'int' [-Wformat=]
     printf("[NIOS] I2C prescaler LO = 0x%02lx\n",
            ^
audio_nios.c:86:12: warning: format '%lx' expects argument of type 'long unsigned int', but argument 2 has type 'int' [-Wformat=]
audio_nios.c:89:12: warning: format '%lx' expects argument of type 'long unsigned int', but argument 2 has type 'int' [-Wformat=]
     printf("[NIOS] I2C prescaler HI = 0x%02lx\n",
            ^
audio_nios.c:89:12: warning: format '%lx' expects argument of type 'long unsigned int', but argument 2 has type 'int' [-Wformat=]
audio_nios.c:92:12: warning: format '%lx' expects argument of type 'long unsigned int', but argument 2 has type 'int' [-Wformat=]
     printf("[NIOS] I2C control = 0x%02lx\n",
            ^
audio_nios.c:92:12: warning: format '%lx' expects argument of type 'long unsigned int', but argument 2 has type 'int' [-Wformat=]
audio_nios.c: At top level:
audio_nios.c:219:12: warning: 'audio_set_sample_rate_44k1' defined but not used [-Wunused-function]
 static int audio_set_sample_rate_44k1(void) {
            ^
audio_nios.c:224:12: warning: 'audio_set_sample_rate_32k' defined but not used [-Wunused-function]
 static int audio_set_sample_rate_32k(void) {
            ^
Info: Linking nios_soft.elf
nios2-elf-g++  -T'../nios_soft_bsp//linker.x' -msys-crt0='../nios_soft_bsp//obj/HAL/src/crt0.o' -msys-lib=hal_bsp -L../nios_soft_bsp/  -msmallc  -Wl,-Map=nios_soft.map   -Os -g -Wall   -mno-hw-div -mno-hw-mul -mno-hw-mulx -mgpopt=global  -o nios_soft.elf obj/default/audio_nios.o obj/default/hello_world_small.o obj/default/main.o -lm -msys-lib=m
nios2-elf-insert nios_soft.elf --thread_model hal --cpu_name NIOS_cpu --qsys true --simulation_enabled false --id 2899645186 --sidp 0x10000 --timestamp 1780508765 --stderr_dev jtag_uart --stdin_dev jtag_uart --stdout_dev jtag_uart --sopc_system_name soc_system --quartus_project_dir "C:/fpga/DE1-SoC-MyPlayer-master" --jdi C:/fpga/DE1-SoC-MyPlayer-master/software/nios_soft_bsp/../../soc_system.jdi --sopcinfo C:/fpga/DE1-SoC-MyPlayer-master/software/nios_soft_bsp/../../soc_system.sopcinfo
Info: (nios_soft.elf) 7500 Bytes program size (code + initialized data).
Info:                 62 KBytes free for stack + heap.
Info: Creating nios_soft.objdump
nios2-elf-objdump --disassemble --syms --all-header --source nios_soft.elf >nios_soft.objdump
[nios_soft build complete]
16:55:40 **** Incremental Build of configuration Nios II for project nios_soft_bsp ****
make all 
[BSP build complete]
16:55:45 **** Incremental Build of configuration Nios II for project nios_soft ****
make all 
Info: Building ../nios_soft_bsp/
C:/intelFPGA_lite/18.1/nios2eds/bin/gnu/H-x86_64-mingw32/bin/make --no-print-directory -C ../nios_soft_bsp/
[BSP build complete]
[nios_soft build complete]
16:57:21 **** Incremental Build of configuration Nios II for project nios_soft ****
make all 
Info: Building ../nios_soft_bsp/
C:/intelFPGA_lite/18.1/nios2eds/bin/gnu/H-x86_64-mingw32/bin/make --no-print-directory -C ../nios_soft_bsp/
[BSP build complete]
Info: Compiling audio_nios.c to obj/default/audio_nios.o
nios2-elf-gcc -xc -MP -MMD -c -I../nios_soft_bsp//HAL/inc -I../nios_soft_bsp/ -I../nios_soft_bsp//drivers/inc  -pipe -D__hal__ -DALT_NO_C_PLUS_PLUS -DALT_NO_CLEAN_EXIT -D'exit(a)=_exit(a)' -DALT_NO_EXIT -DALT_USE_DIRECT_DRIVERS -DALT_NO_INSTRUCTION_EMULATION -DALT_USE_SMALL_DRIVERS -DSMALL_C_LIB -DALT_SINGLE_THREADED    -Os -g -Wall   -mno-hw-div -mno-hw-mul -mno-hw-mulx -mgpopt=global  -o obj/default/audio_nios.o audio_nios.c
audio_nios.c: In function 'oc_i2c_audio_init':
audio_nios.c:86:12: warning: format '%lx' expects argument of type 'long unsigned int', but argument 2 has type 'int' [-Wformat=]
     printf("[NIOS] I2C prescaler LO = 0x%02lx\n",
            ^
audio_nios.c:86:12: warning: format '%lx' expects argument of type 'long unsigned int', but argument 2 has type 'int' [-Wformat=]
audio_nios.c:89:12: warning: format '%lx' expects argument of type 'long unsigned int', but argument 2 has type 'int' [-Wformat=]
     printf("[NIOS] I2C prescaler HI = 0x%02lx\n",
            ^
audio_nios.c:89:12: warning: format '%lx' expects argument of type 'long unsigned int', but argument 2 has type 'int' [-Wformat=]
audio_nios.c:92:12: warning: format '%lx' expects argument of type 'long unsigned int', but argument 2 has type 'int' [-Wformat=]
     printf("[NIOS] I2C control = 0x%02lx\n",
            ^
audio_nios.c:92:12: warning: format '%lx' expects argument of type 'long unsigned int', but argument 2 has type 'int' [-Wformat=]
audio_nios.c: At top level:
audio_nios.c:219:12: warning: 'audio_set_sample_rate_44k1' defined but not used [-Wunused-function]
 static int audio_set_sample_rate_44k1(void) {
            ^
audio_nios.c:229:12: warning: 'audio_set_sample_rate_48k' defined but not used [-Wunused-function]
 static int audio_set_sample_rate_48k(void) {
            ^
Info: Linking nios_soft.elf
nios2-elf-g++  -T'../nios_soft_bsp//linker.x' -msys-crt0='../nios_soft_bsp//obj/HAL/src/crt0.o' -msys-lib=hal_bsp -L../nios_soft_bsp/  -msmallc  -Wl,-Map=nios_soft.map   -Os -g -Wall   -mno-hw-div -mno-hw-mul -mno-hw-mulx -mgpopt=global  -o nios_soft.elf obj/default/audio_nios.o obj/default/hello_world_small.o obj/default/main.o -lm -msys-lib=m
nios2-elf-insert nios_soft.elf --thread_model hal --cpu_name NIOS_cpu --qsys true --simulation_enabled false --id 2899645186 --sidp 0x10000 --timestamp 1780508765 --stderr_dev jtag_uart --stdin_dev jtag_uart --stdout_dev jtag_uart --sopc_system_name soc_system --quartus_project_dir "C:/fpga/DE1-SoC-MyPlayer-master" --jdi C:/fpga/DE1-SoC-MyPlayer-master/software/nios_soft_bsp/../../soc_system.jdi --sopcinfo C:/fpga/DE1-SoC-MyPlayer-master/software/nios_soft_bsp/../../soc_system.sopcinfo
Info: (nios_soft.elf) 7500 Bytes program size (code + initialized data).
Info:                 62 KBytes free for stack + heap.
Info: Creating nios_soft.objdump
nios2-elf-objdump --disassemble --syms --all-header --source nios_soft.elf >nios_soft.objdump
[nios_soft build complete]
16:57:22 **** Incremental Build of configuration Nios II for project nios_soft_bsp ****
make all 
[BSP build complete]
16:57:27 **** Incremental Build of configuration Nios II for project nios_soft ****
make all 
Info: Building ../nios_soft_bsp/
C:/intelFPGA_lite/18.1/nios2eds/bin/gnu/H-x86_64-mingw32/bin/make --no-print-directory -C ../nios_soft_bsp/
[BSP build complete]
[nios_soft build complete]
17:00:21 **** Incremental Build of configuration Nios II for project nios_soft ****
make all 
Info: Building ../nios_soft_bsp/
C:/intelFPGA_lite/18.1/nios2eds/bin/gnu/H-x86_64-mingw32/bin/make --no-print-directory -C ../nios_soft_bsp/
[BSP build complete]
Info: Compiling audio_nios.c to obj/default/audio_nios.o
nios2-elf-gcc -xc -MP -MMD -c -I../nios_soft_bsp//HAL/inc -I../nios_soft_bsp/ -I../nios_soft_bsp//drivers/inc  -pipe -D__hal__ -DALT_NO_C_PLUS_PLUS -DALT_NO_CLEAN_EXIT -D'exit(a)=_exit(a)' -DALT_NO_EXIT -DALT_USE_DIRECT_DRIVERS -DALT_NO_INSTRUCTION_EMULATION -DALT_USE_SMALL_DRIVERS -DSMALL_C_LIB -DALT_SINGLE_THREADED    -Os -g -Wall   -mno-hw-div -mno-hw-mul -mno-hw-mulx -mgpopt=global  -o obj/default/audio_nios.o audio_nios.c
audio_nios.c: In function 'oc_i2c_audio_init':
audio_nios.c:86:12: warning: format '%lx' expects argument of type 'long unsigned int', but argument 2 has type 'int' [-Wformat=]
     printf("[NIOS] I2C prescaler LO = 0x%02lx\n",
            ^
audio_nios.c:86:12: warning: format '%lx' expects argument of type 'long unsigned int', but argument 2 has type 'int' [-Wformat=]
audio_nios.c:89:12: warning: format '%lx' expects argument of type 'long unsigned int', but argument 2 has type 'int' [-Wformat=]
     printf("[NIOS] I2C prescaler HI = 0x%02lx\n",
            ^
audio_nios.c:89:12: warning: format '%lx' expects argument of type 'long unsigned int', but argument 2 has type 'int' [-Wformat=]
audio_nios.c:92:12: warning: format '%lx' expects argument of type 'long unsigned int', but argument 2 has type 'int' [-Wformat=]
     printf("[NIOS] I2C control = 0x%02lx\n",
            ^
audio_nios.c:92:12: warning: format '%lx' expects argument of type 'long unsigned int', but argument 2 has type 'int' [-Wformat=]
audio_nios.c: At top level:
audio_nios.c:219:12: warning: 'audio_set_sample_rate_44k1' defined but not used [-Wunused-function]
 static int audio_set_sample_rate_44k1(void) {
            ^
audio_nios.c:229:12: warning: 'audio_set_sample_rate_48k' defined but not used [-Wunused-function]
 static int audio_set_sample_rate_48k(void) {
            ^
Info: Linking nios_soft.elf
nios2-elf-g++  -T'../nios_soft_bsp//linker.x' -msys-crt0='../nios_soft_bsp//obj/HAL/src/crt0.o' -msys-lib=hal_bsp -L../nios_soft_bsp/  -msmallc  -Wl,-Map=nios_soft.map   -Os -g -Wall   -mno-hw-div -mno-hw-mul -mno-hw-mulx -mgpopt=global  -o nios_soft.elf obj/default/audio_nios.o obj/default/hello_world_small.o obj/default/main.o -lm -msys-lib=m
nios2-elf-insert nios_soft.elf --thread_model hal --cpu_name NIOS_cpu --qsys true --simulation_enabled false --id 2899645186 --sidp 0x10000 --timestamp 1780508765 --stderr_dev jtag_uart --stdin_dev jtag_uart --stdout_dev jtag_uart --sopc_system_name soc_system --quartus_project_dir "C:/fpga/DE1-SoC-MyPlayer-master" --jdi C:/fpga/DE1-SoC-MyPlayer-master/software/nios_soft_bsp/../../soc_system.jdi --sopcinfo C:/fpga/DE1-SoC-MyPlayer-master/software/nios_soft_bsp/../../soc_system.sopcinfo
Info: (nios_soft.elf) 7472 Bytes program size (code + initialized data).
Info:                 62 KBytes free for stack + heap.
Info: Creating nios_soft.objdump
nios2-elf-objdump --disassemble --syms --all-header --source nios_soft.elf >nios_soft.objdump
[nios_soft build complete]
17:00:22 **** Incremental Build of configuration Nios II for project nios_soft_bsp ****
make all 
[BSP build complete]
17:00:29 **** Incremental Build of configuration Nios II for project nios_soft ****
make all 
Info: Building ../nios_soft_bsp/
C:/intelFPGA_lite/18.1/nios2eds/bin/gnu/H-x86_64-mingw32/bin/make --no-print-directory -C ../nios_soft_bsp/
[BSP build complete]
[nios_soft build complete]
17:09:28 **** Incremental Build of configuration Nios II for project nios_soft ****
make all 
Info: Building ../nios_soft_bsp/
C:/intelFPGA_lite/18.1/nios2eds/bin/gnu/H-x86_64-mingw32/bin/make --no-print-directory -C ../nios_soft_bsp/
[BSP build complete]
Info: Compiling audio_nios.c to obj/default/audio_nios.o
nios2-elf-gcc -xc -MP -MMD -c -I../nios_soft_bsp//HAL/inc -I../nios_soft_bsp/ -I../nios_soft_bsp//drivers/inc  -pipe -D__hal__ -DALT_NO_C_PLUS_PLUS -DALT_NO_CLEAN_EXIT -D'exit(a)=_exit(a)' -DALT_NO_EXIT -DALT_USE_DIRECT_DRIVERS -DALT_NO_INSTRUCTION_EMULATION -DALT_USE_SMALL_DRIVERS -DSMALL_C_LIB -DALT_SINGLE_THREADED    -Os -g -Wall   -mno-hw-div -mno-hw-mul -mno-hw-mulx -mgpopt=global  -o obj/default/audio_nios.o audio_nios.c
audio_nios.c: In function 'oc_i2c_audio_init':
audio_nios.c:86:12: warning: format '%lx' expects argument of type 'long unsigned int', but argument 2 has type 'int' [-Wformat=]
     printf("[NIOS] I2C prescaler LO = 0x%02lx\n",
            ^
audio_nios.c:86:12: warning: format '%lx' expects argument of type 'long unsigned int', but argument 2 has type 'int' [-Wformat=]
audio_nios.c:89:12: warning: format '%lx' expects argument of type 'long unsigned int', but argument 2 has type 'int' [-Wformat=]
     printf("[NIOS] I2C prescaler HI = 0x%02lx\n",
            ^
audio_nios.c:89:12: warning: format '%lx' expects argument of type 'long unsigned int', but argument 2 has type 'int' [-Wformat=]
audio_nios.c:92:12: warning: format '%lx' expects argument of type 'long unsigned int', but argument 2 has type 'int' [-Wformat=]
     printf("[NIOS] I2C control = 0x%02lx\n",
            ^
audio_nios.c:92:12: warning: format '%lx' expects argument of type 'long unsigned int', but argument 2 has type 'int' [-Wformat=]
audio_nios.c: At top level:
audio_nios.c:219:12: warning: 'audio_set_sample_rate_44k1' defined but not used [-Wunused-function]
 static int audio_set_sample_rate_44k1(void) {
            ^
audio_nios.c:229:12: warning: 'audio_set_sample_rate_48k' defined but not used [-Wunused-function]
 static int audio_set_sample_rate_48k(void) {
            ^
Info: Linking nios_soft.elf
nios2-elf-g++  -T'../nios_soft_bsp//linker.x' -msys-crt0='../nios_soft_bsp//obj/HAL/src/crt0.o' -msys-lib=hal_bsp -L../nios_soft_bsp/  -msmallc  -Wl,-Map=nios_soft.map   -Os -g -Wall   -mno-hw-div -mno-hw-mul -mno-hw-mulx -mgpopt=global  -o nios_soft.elf obj/default/audio_nios.o obj/default/hello_world_small.o obj/default/main.o -lm -msys-lib=m
nios2-elf-insert nios_soft.elf --thread_model hal --cpu_name NIOS_cpu --qsys true --simulation_enabled false --id 2899645186 --sidp 0x10000 --timestamp 1780508765 --stderr_dev jtag_uart --stdin_dev jtag_uart --stdout_dev jtag_uart --sopc_system_name soc_system --quartus_project_dir "C:/fpga/DE1-SoC-MyPlayer-master" --jdi C:/fpga/DE1-SoC-MyPlayer-master/software/nios_soft_bsp/../../soc_system.jdi --sopcinfo C:/fpga/DE1-SoC-MyPlayer-master/software/nios_soft_bsp/../../soc_system.sopcinfo
Info: (nios_soft.elf) 7472 Bytes program size (code + initialized data).
Info:                 62 KBytes free for stack + heap.
Info: Creating nios_soft.objdump
nios2-elf-objdump --disassemble --syms --all-header --source nios_soft.elf >nios_soft.objdump
[nios_soft build complete]
17:09:29 **** Incremental Build of configuration Nios II for project nios_soft_bsp ****
make all 
[BSP build complete]
17:09:34 **** Incremental Build of configuration Nios II for project nios_soft ****
make all 
Info: Building ../nios_soft_bsp/
C:/intelFPGA_lite/18.1/nios2eds/bin/gnu/H-x86_64-mingw32/bin/make --no-print-directory -C ../nios_soft_bsp/
[BSP build complete]
[nios_soft build complete]
17:13:17 **** Incremental Build of configuration Nios II for project nios_soft ****
make all 
Info: Building ../nios_soft_bsp/
C:/intelFPGA_lite/18.1/nios2eds/bin/gnu/H-x86_64-mingw32/bin/make --no-print-directory -C ../nios_soft_bsp/
[BSP build complete]
[nios_soft build complete]
17:14:21 **** Incremental Build of configuration Nios II for project nios_soft ****
make all 
Info: Building ../nios_soft_bsp/
C:/intelFPGA_lite/18.1/nios2eds/bin/gnu/H-x86_64-mingw32/bin/make --no-print-directory -C ../nios_soft_bsp/
[BSP build complete]
Info: Compiling audio_nios.c to obj/default/audio_nios.o
nios2-elf-gcc -xc -MP -MMD -c -I../nios_soft_bsp//HAL/inc -I../nios_soft_bsp/ -I../nios_soft_bsp//drivers/inc  -pipe -D__hal__ -DALT_NO_C_PLUS_PLUS -DALT_NO_CLEAN_EXIT -D'exit(a)=_exit(a)' -DALT_NO_EXIT -DALT_USE_DIRECT_DRIVERS -DALT_NO_INSTRUCTION_EMULATION -DALT_USE_SMALL_DRIVERS -DSMALL_C_LIB -DALT_SINGLE_THREADED    -Os -g -Wall   -mno-hw-div -mno-hw-mul -mno-hw-mulx -mgpopt=global  -o obj/default/audio_nios.o audio_nios.c
audio_nios.c: In function 'oc_i2c_audio_init':
audio_nios.c:86:12: warning: format '%lx' expects argument of type 'long unsigned int', but argument 2 has type 'int' [-Wformat=]
     printf("[NIOS] I2C prescaler LO = 0x%02lx\n",
            ^
audio_nios.c:86:12: warning: format '%lx' expects argument of type 'long unsigned int', but argument 2 has type 'int' [-Wformat=]
audio_nios.c:89:12: warning: format '%lx' expects argument of type 'long unsigned int', but argument 2 has type 'int' [-Wformat=]
     printf("[NIOS] I2C prescaler HI = 0x%02lx\n",
            ^
audio_nios.c:89:12: warning: format '%lx' expects argument of type 'long unsigned int', but argument 2 has type 'int' [-Wformat=]
audio_nios.c:92:12: warning: format '%lx' expects argument of type 'long unsigned int', but argument 2 has type 'int' [-Wformat=]
     printf("[NIOS] I2C control = 0x%02lx\n",
            ^
audio_nios.c:92:12: warning: format '%lx' expects argument of type 'long unsigned int', but argument 2 has type 'int' [-Wformat=]
audio_nios.c: At top level:
audio_nios.c:219:12: warning: 'audio_set_sample_rate_44k1' defined but not used [-Wunused-function]
 static int audio_set_sample_rate_44k1(void) {
            ^
audio_nios.c:229:12: warning: 'audio_set_sample_rate_48k' defined but not used [-Wunused-function]
 static int audio_set_sample_rate_48k(void) {
            ^
Info: Linking nios_soft.elf
nios2-elf-g++  -T'../nios_soft_bsp//linker.x' -msys-crt0='../nios_soft_bsp//obj/HAL/src/crt0.o' -msys-lib=hal_bsp -L../nios_soft_bsp/  -msmallc  -Wl,-Map=nios_soft.map   -Os -g -Wall   -mno-hw-div -mno-hw-mul -mno-hw-mulx -mgpopt=global  -o nios_soft.elf obj/default/audio_nios.o obj/default/hello_world_small.o obj/default/main.o -lm -msys-lib=m
nios2-elf-insert nios_soft.elf --thread_model hal --cpu_name NIOS_cpu --qsys true --simulation_enabled false --id 2899645186 --sidp 0x10000 --timestamp 1780508765 --stderr_dev jtag_uart --stdin_dev jtag_uart --stdout_dev jtag_uart --sopc_system_name soc_system --quartus_project_dir "C:/fpga/DE1-SoC-MyPlayer-master" --jdi C:/fpga/DE1-SoC-MyPlayer-master/software/nios_soft_bsp/../../soc_system.jdi --sopcinfo C:/fpga/DE1-SoC-MyPlayer-master/software/nios_soft_bsp/../../soc_system.sopcinfo
Info: (nios_soft.elf) 7472 Bytes program size (code + initialized data).
Info:                 62 KBytes free for stack + heap.
Info: Creating nios_soft.objdump
nios2-elf-objdump --disassemble --syms --all-header --source nios_soft.elf >nios_soft.objdump
[nios_soft build complete]
17:14:22 **** Incremental Build of configuration Nios II for project nios_soft_bsp ****
make all 
[BSP build complete]
17:14:29 **** Incremental Build of configuration Nios II for project nios_soft ****
make all 
Info: Building ../nios_soft_bsp/
C:/intelFPGA_lite/18.1/nios2eds/bin/gnu/H-x86_64-mingw32/bin/make --no-print-directory -C ../nios_soft_bsp/
[BSP build complete]
[nios_soft build complete]
17:41:45 **** Incremental Build of configuration Nios II for project nios_soft ****
make all 
Info: Building ../nios_soft_bsp/
C:/intelFPGA_lite/18.1/nios2eds/bin/gnu/H-x86_64-mingw32/bin/make --no-print-directory -C ../nios_soft_bsp/
[BSP build complete]
Info: Compiling audio_nios.c to obj/default/audio_nios.o
nios2-elf-gcc -xc -MP -MMD -c -I../nios_soft_bsp//HAL/inc -I../nios_soft_bsp/ -I../nios_soft_bsp//drivers/inc  -pipe -D__hal__ -DALT_NO_C_PLUS_PLUS -DALT_NO_CLEAN_EXIT -D'exit(a)=_exit(a)' -DALT_NO_EXIT -DALT_USE_DIRECT_DRIVERS -DALT_NO_INSTRUCTION_EMULATION -DALT_USE_SMALL_DRIVERS -DSMALL_C_LIB -DALT_SINGLE_THREADED    -Os -g -Wall   -mno-hw-div -mno-hw-mul -mno-hw-mulx -mgpopt=global  -o obj/default/audio_nios.o audio_nios.c
audio_nios.c: In function 'oc_i2c_audio_init':
audio_nios.c:86:12: warning: format '%lx' expects argument of type 'long unsigned int', but argument 2 has type 'int' [-Wformat=]
     printf("[NIOS] I2C prescaler LO = 0x%02lx\n",
            ^
audio_nios.c:86:12: warning: format '%lx' expects argument of type 'long unsigned int', but argument 2 has type 'int' [-Wformat=]
audio_nios.c:89:12: warning: format '%lx' expects argument of type 'long unsigned int', but argument 2 has type 'int' [-Wformat=]
     printf("[NIOS] I2C prescaler HI = 0x%02lx\n",
            ^
audio_nios.c:89:12: warning: format '%lx' expects argument of type 'long unsigned int', but argument 2 has type 'int' [-Wformat=]
audio_nios.c:92:12: warning: format '%lx' expects argument of type 'long unsigned int', but argument 2 has type 'int' [-Wformat=]
     printf("[NIOS] I2C control = 0x%02lx\n",
            ^
audio_nios.c:92:12: warning: format '%lx' expects argument of type 'long unsigned int', but argument 2 has type 'int' [-Wformat=]
audio_nios.c: At top level:
audio_nios.c:219:12: warning: 'audio_set_sample_rate_44k1' defined but not used [-Wunused-function]
 static int audio_set_sample_rate_44k1(void) {
            ^
audio_nios.c:229:12: warning: 'audio_set_sample_rate_48k' defined but not used [-Wunused-function]
 static int audio_set_sample_rate_48k(void) {
            ^
Info: Linking nios_soft.elf
nios2-elf-g++  -T'../nios_soft_bsp//linker.x' -msys-crt0='../nios_soft_bsp//obj/HAL/src/crt0.o' -msys-lib=hal_bsp -L../nios_soft_bsp/  -msmallc  -Wl,-Map=nios_soft.map   -Os -g -Wall   -mno-hw-div -mno-hw-mul -mno-hw-mulx -mgpopt=global  -o nios_soft.elf obj/default/audio_nios.o obj/default/hello_world_small.o obj/default/main.o -lm -msys-lib=m
nios2-elf-insert nios_soft.elf --thread_model hal --cpu_name NIOS_cpu --qsys true --simulation_enabled false --id 2899645186 --sidp 0x10000 --timestamp 1780508765 --stderr_dev jtag_uart --stdin_dev jtag_uart --stdout_dev jtag_uart --sopc_system_name soc_system --quartus_project_dir "C:/fpga/DE1-SoC-MyPlayer-master" --jdi C:/fpga/DE1-SoC-MyPlayer-master/software/nios_soft_bsp/../../soc_system.jdi --sopcinfo C:/fpga/DE1-SoC-MyPlayer-master/software/nios_soft_bsp/../../soc_system.sopcinfo
Info: (nios_soft.elf) 7472 Bytes program size (code + initialized data).
Info:                 62 KBytes free for stack + heap.
Info: Creating nios_soft.objdump
nios2-elf-objdump --disassemble --syms --all-header --source nios_soft.elf >nios_soft.objdump
[nios_soft build complete]
17:41:46 **** Incremental Build of configuration Nios II for project nios_soft_bsp ****
make all 
[BSP build complete]
17:41:56 **** Incremental Build of configuration Nios II for project nios_soft ****
make all 
Info: Building ../nios_soft_bsp/
C:/intelFPGA_lite/18.1/nios2eds/bin/gnu/H-x86_64-mingw32/bin/make --no-print-directory -C ../nios_soft_bsp/
[BSP build complete]
[nios_soft build complete]
17:43:06 **** Incremental Build of configuration Nios II for project nios_soft ****
make all 
Info: Building ../nios_soft_bsp/
C:/intelFPGA_lite/18.1/nios2eds/bin/gnu/H-x86_64-mingw32/bin/make --no-print-directory -C ../nios_soft_bsp/
[BSP build complete]
Info: Compiling audio_nios.c to obj/default/audio_nios.o
nios2-elf-gcc -xc -MP -MMD -c -I../nios_soft_bsp//HAL/inc -I../nios_soft_bsp/ -I../nios_soft_bsp//drivers/inc  -pipe -D__hal__ -DALT_NO_C_PLUS_PLUS -DALT_NO_CLEAN_EXIT -D'exit(a)=_exit(a)' -DALT_NO_EXIT -DALT_USE_DIRECT_DRIVERS -DALT_NO_INSTRUCTION_EMULATION -DALT_USE_SMALL_DRIVERS -DSMALL_C_LIB -DALT_SINGLE_THREADED    -Os -g -Wall   -mno-hw-div -mno-hw-mul -mno-hw-mulx -mgpopt=global  -o obj/default/audio_nios.o audio_nios.c
audio_nios.c: In function 'oc_i2c_audio_init':
audio_nios.c:86:12: warning: format '%lx' expects argument of type 'long unsigned int', but argument 2 has type 'int' [-Wformat=]
     printf("[NIOS] I2C prescaler LO = 0x%02lx\n",
            ^
audio_nios.c:86:12: warning: format '%lx' expects argument of type 'long unsigned int', but argument 2 has type 'int' [-Wformat=]
audio_nios.c:89:12: warning: format '%lx' expects argument of type 'long unsigned int', but argument 2 has type 'int' [-Wformat=]
     printf("[NIOS] I2C prescaler HI = 0x%02lx\n",
            ^
audio_nios.c:89:12: warning: format '%lx' expects argument of type 'long unsigned int', but argument 2 has type 'int' [-Wformat=]
audio_nios.c:92:12: warning: format '%lx' expects argument of type 'long unsigned int', but argument 2 has type 'int' [-Wformat=]
     printf("[NIOS] I2C control = 0x%02lx\n",
            ^
audio_nios.c:92:12: warning: format '%lx' expects argument of type 'long unsigned int', but argument 2 has type 'int' [-Wformat=]
audio_nios.c: At top level:
audio_nios.c:219:12: warning: 'audio_set_sample_rate_44k1' defined but not used [-Wunused-function]
 static int audio_set_sample_rate_44k1(void) {
            ^
audio_nios.c:229:12: warning: 'audio_set_sample_rate_48k' defined but not used [-Wunused-function]
 static int audio_set_sample_rate_48k(void) {
            ^
Info: Linking nios_soft.elf
nios2-elf-g++  -T'../nios_soft_bsp//linker.x' -msys-crt0='../nios_soft_bsp//obj/HAL/src/crt0.o' -msys-lib=hal_bsp -L../nios_soft_bsp/  -msmallc  -Wl,-Map=nios_soft.map   -Os -g -Wall   -mno-hw-div -mno-hw-mul -mno-hw-mulx -mgpopt=global  -o nios_soft.elf obj/default/audio_nios.o obj/default/hello_world_small.o obj/default/main.o -lm -msys-lib=m
nios2-elf-insert nios_soft.elf --thread_model hal --cpu_name NIOS_cpu --qsys true --simulation_enabled false --id 2899645186 --sidp 0x10000 --timestamp 1780508765 --stderr_dev jtag_uart --stdin_dev jtag_uart --stdout_dev jtag_uart --sopc_system_name soc_system --quartus_project_dir "C:/fpga/DE1-SoC-MyPlayer-master" --jdi C:/fpga/DE1-SoC-MyPlayer-master/software/nios_soft_bsp/../../soc_system.jdi --sopcinfo C:/fpga/DE1-SoC-MyPlayer-master/software/nios_soft_bsp/../../soc_system.sopcinfo
Info: (nios_soft.elf) 7472 Bytes program size (code + initialized data).
Info:                 62 KBytes free for stack + heap.
Info: Creating nios_soft.objdump
nios2-elf-objdump --disassemble --syms --all-header --source nios_soft.elf >nios_soft.objdump
[nios_soft build complete]
17:43:07 **** Incremental Build of configuration Nios II for project nios_soft_bsp ****
make all 
[BSP build complete]
17:43:12 **** Incremental Build of configuration Nios II for project nios_soft ****
make all 
Info: Building ../nios_soft_bsp/
C:/intelFPGA_lite/18.1/nios2eds/bin/gnu/H-x86_64-mingw32/bin/make --no-print-directory -C ../nios_soft_bsp/
[BSP build complete]
[nios_soft build complete]
17:43:55 **** Incremental Build of configuration Nios II for project nios_soft ****
make all 
Info: Building ../nios_soft_bsp/
C:/intelFPGA_lite/18.1/nios2eds/bin/gnu/H-x86_64-mingw32/bin/make --no-print-directory -C ../nios_soft_bsp/
[BSP build complete]
Info: Compiling audio_nios.c to obj/default/audio_nios.o
nios2-elf-gcc -xc -MP -MMD -c -I../nios_soft_bsp//HAL/inc -I../nios_soft_bsp/ -I../nios_soft_bsp//drivers/inc  -pipe -D__hal__ -DALT_NO_C_PLUS_PLUS -DALT_NO_CLEAN_EXIT -D'exit(a)=_exit(a)' -DALT_NO_EXIT -DALT_USE_DIRECT_DRIVERS -DALT_NO_INSTRUCTION_EMULATION -DALT_USE_SMALL_DRIVERS -DSMALL_C_LIB -DALT_SINGLE_THREADED    -Os -g -Wall   -mno-hw-div -mno-hw-mul -mno-hw-mulx -mgpopt=global  -o obj/default/audio_nios.o audio_nios.c
audio_nios.c: In function 'oc_i2c_audio_init':
audio_nios.c:86:12: warning: format '%lx' expects argument of type 'long unsigned int', but argument 2 has type 'int' [-Wformat=]
     printf("[NIOS] I2C prescaler LO = 0x%02lx\n",
            ^
audio_nios.c:86:12: warning: format '%lx' expects argument of type 'long unsigned int', but argument 2 has type 'int' [-Wformat=]
audio_nios.c:89:12: warning: format '%lx' expects argument of type 'long unsigned int', but argument 2 has type 'int' [-Wformat=]
     printf("[NIOS] I2C prescaler HI = 0x%02lx\n",
            ^
audio_nios.c:89:12: warning: format '%lx' expects argument of type 'long unsigned int', but argument 2 has type 'int' [-Wformat=]
audio_nios.c:92:12: warning: format '%lx' expects argument of type 'long unsigned int', but argument 2 has type 'int' [-Wformat=]
     printf("[NIOS] I2C control = 0x%02lx\n",
            ^
audio_nios.c:92:12: warning: format '%lx' expects argument of type 'long unsigned int', but argument 2 has type 'int' [-Wformat=]
audio_nios.c: At top level:
audio_nios.c:219:12: warning: 'audio_set_sample_rate_44k1' defined but not used [-Wunused-function]
 static int audio_set_sample_rate_44k1(void) {
            ^
audio_nios.c:229:12: warning: 'audio_set_sample_rate_48k' defined but not used [-Wunused-function]
 static int audio_set_sample_rate_48k(void) {
            ^
Info: Linking nios_soft.elf
nios2-elf-g++  -T'../nios_soft_bsp//linker.x' -msys-crt0='../nios_soft_bsp//obj/HAL/src/crt0.o' -msys-lib=hal_bsp -L../nios_soft_bsp/  -msmallc  -Wl,-Map=nios_soft.map   -Os -g -Wall   -mno-hw-div -mno-hw-mul -mno-hw-mulx -mgpopt=global  -o nios_soft.elf obj/default/audio_nios.o obj/default/hello_world_small.o obj/default/main.o -lm -msys-lib=m
nios2-elf-insert nios_soft.elf --thread_model hal --cpu_name NIOS_cpu --qsys true --simulation_enabled false --id 2899645186 --sidp 0x10000 --timestamp 1780508765 --stderr_dev jtag_uart --stdin_dev jtag_uart --stdout_dev jtag_uart --sopc_system_name soc_system --quartus_project_dir "C:/fpga/DE1-SoC-MyPlayer-master" --jdi C:/fpga/DE1-SoC-MyPlayer-master/software/nios_soft_bsp/../../soc_system.jdi --sopcinfo C:/fpga/DE1-SoC-MyPlayer-master/software/nios_soft_bsp/../../soc_system.sopcinfo
Info: (nios_soft.elf) 7472 Bytes program size (code + initialized data).
Info:                 62 KBytes free for stack + heap.
Info: Creating nios_soft.objdump
nios2-elf-objdump --disassemble --syms --all-header --source nios_soft.elf >nios_soft.objdump
[nios_soft build complete]
17:43:56 **** Incremental Build of configuration Nios II for project nios_soft_bsp ****
make all 
[BSP build complete]
17:44:01 **** Incremental Build of configuration Nios II for project nios_soft ****
make all 
Info: Building ../nios_soft_bsp/
C:/intelFPGA_lite/18.1/nios2eds/bin/gnu/H-x86_64-mingw32/bin/make --no-print-directory -C ../nios_soft_bsp/
[BSP build complete]
[nios_soft build complete]
17:46:45 **** Incremental Build of configuration Nios II for project nios_soft ****
make all 
Info: Building ../nios_soft_bsp/
C:/intelFPGA_lite/18.1/nios2eds/bin/gnu/H-x86_64-mingw32/bin/make --no-print-directory -C ../nios_soft_bsp/
[BSP build complete]
Info: Compiling audio_nios.c to obj/default/audio_nios.o
nios2-elf-gcc -xc -MP -MMD -c -I../nios_soft_bsp//HAL/inc -I../nios_soft_bsp/ -I../nios_soft_bsp//drivers/inc  -pipe -D__hal__ -DALT_NO_C_PLUS_PLUS -DALT_NO_CLEAN_EXIT -D'exit(a)=_exit(a)' -DALT_NO_EXIT -DALT_USE_DIRECT_DRIVERS -DALT_NO_INSTRUCTION_EMULATION -DALT_USE_SMALL_DRIVERS -DSMALL_C_LIB -DALT_SINGLE_THREADED    -Os -g -Wall   -mno-hw-div -mno-hw-mul -mno-hw-mulx -mgpopt=global  -o obj/default/audio_nios.o audio_nios.c
audio_nios.c: In function 'oc_i2c_audio_init':
audio_nios.c:86:12: warning: format '%lx' expects argument of type 'long unsigned int', but argument 2 has type 'int' [-Wformat=]
     printf("[NIOS] I2C prescaler LO = 0x%02lx\n",
            ^
audio_nios.c:86:12: warning: format '%lx' expects argument of type 'long unsigned int', but argument 2 has type 'int' [-Wformat=]
audio_nios.c:89:12: warning: format '%lx' expects argument of type 'long unsigned int', but argument 2 has type 'int' [-Wformat=]
     printf("[NIOS] I2C prescaler HI = 0x%02lx\n",
            ^
audio_nios.c:89:12: warning: format '%lx' expects argument of type 'long unsigned int', but argument 2 has type 'int' [-Wformat=]
audio_nios.c:92:12: warning: format '%lx' expects argument of type 'long unsigned int', but argument 2 has type 'int' [-Wformat=]
     printf("[NIOS] I2C control = 0x%02lx\n",
            ^
audio_nios.c:92:12: warning: format '%lx' expects argument of type 'long unsigned int', but argument 2 has type 'int' [-Wformat=]
audio_nios.c: At top level:
audio_nios.c:219:12: warning: 'audio_set_sample_rate_44k1' defined but not used [-Wunused-function]
 static int audio_set_sample_rate_44k1(void) {
            ^
audio_nios.c:229:12: warning: 'audio_set_sample_rate_48k' defined but not used [-Wunused-function]
 static int audio_set_sample_rate_48k(void) {
            ^
Info: Linking nios_soft.elf
nios2-elf-g++  -T'../nios_soft_bsp//linker.x' -msys-crt0='../nios_soft_bsp//obj/HAL/src/crt0.o' -msys-lib=hal_bsp -L../nios_soft_bsp/  -msmallc  -Wl,-Map=nios_soft.map   -Os -g -Wall   -mno-hw-div -mno-hw-mul -mno-hw-mulx -mgpopt=global  -o nios_soft.elf obj/default/audio_nios.o obj/default/hello_world_small.o obj/default/main.o -lm -msys-lib=m
nios2-elf-insert nios_soft.elf --thread_model hal --cpu_name NIOS_cpu --qsys true --simulation_enabled false --id 2899645186 --sidp 0x10000 --timestamp 1780508765 --stderr_dev jtag_uart --stdin_dev jtag_uart --stdout_dev jtag_uart --sopc_system_name soc_system --quartus_project_dir "C:/fpga/DE1-SoC-MyPlayer-master" --jdi C:/fpga/DE1-SoC-MyPlayer-master/software/nios_soft_bsp/../../soc_system.jdi --sopcinfo C:/fpga/DE1-SoC-MyPlayer-master/software/nios_soft_bsp/../../soc_system.sopcinfo
Info: (nios_soft.elf) 7500 Bytes program size (code + initialized data).
Info:                 62 KBytes free for stack + heap.
Info: Creating nios_soft.objdump
nios2-elf-objdump --disassemble --syms --all-header --source nios_soft.elf >nios_soft.objdump
[nios_soft build complete]
17:46:46 **** Incremental Build of configuration Nios II for project nios_soft_bsp ****
make all 
[BSP build complete]
17:46:50 **** Incremental Build of configuration Nios II for project nios_soft ****
make all 
Info: Building ../nios_soft_bsp/
C:/intelFPGA_lite/18.1/nios2eds/bin/gnu/H-x86_64-mingw32/bin/make --no-print-directory -C ../nios_soft_bsp/
[BSP build complete]
[nios_soft build complete]
17:48:02 **** Incremental Build of configuration Nios II for project nios_soft ****
make all 
Info: Building ../nios_soft_bsp/
C:/intelFPGA_lite/18.1/nios2eds/bin/gnu/H-x86_64-mingw32/bin/make --no-print-directory -C ../nios_soft_bsp/
[BSP build complete]
Info: Compiling audio_nios.c to obj/default/audio_nios.o
nios2-elf-gcc -xc -MP -MMD -c -I../nios_soft_bsp//HAL/inc -I../nios_soft_bsp/ -I../nios_soft_bsp//drivers/inc  -pipe -D__hal__ -DALT_NO_C_PLUS_PLUS -DALT_NO_CLEAN_EXIT -D'exit(a)=_exit(a)' -DALT_NO_EXIT -DALT_USE_DIRECT_DRIVERS -DALT_NO_INSTRUCTION_EMULATION -DALT_USE_SMALL_DRIVERS -DSMALL_C_LIB -DALT_SINGLE_THREADED    -Os -g -Wall   -mno-hw-div -mno-hw-mul -mno-hw-mulx -mgpopt=global  -o obj/default/audio_nios.o audio_nios.c
audio_nios.c: In function 'oc_i2c_audio_init':
audio_nios.c:86:12: warning: format '%lx' expects argument of type 'long unsigned int', but argument 2 has type 'int' [-Wformat=]
     printf("[NIOS] I2C prescaler LO = 0x%02lx\n",
            ^
audio_nios.c:86:12: warning: format '%lx' expects argument of type 'long unsigned int', but argument 2 has type 'int' [-Wformat=]
audio_nios.c:89:12: warning: format '%lx' expects argument of type 'long unsigned int', but argument 2 has type 'int' [-Wformat=]
     printf("[NIOS] I2C prescaler HI = 0x%02lx\n",
            ^
audio_nios.c:89:12: warning: format '%lx' expects argument of type 'long unsigned int', but argument 2 has type 'int' [-Wformat=]
audio_nios.c:92:12: warning: format '%lx' expects argument of type 'long unsigned int', but argument 2 has type 'int' [-Wformat=]
     printf("[NIOS] I2C control = 0x%02lx\n",
            ^
audio_nios.c:92:12: warning: format '%lx' expects argument of type 'long unsigned int', but argument 2 has type 'int' [-Wformat=]
audio_nios.c: At top level:
audio_nios.c:219:12: warning: 'audio_set_sample_rate_44k1' defined but not used [-Wunused-function]
 static int audio_set_sample_rate_44k1(void) {
            ^
audio_nios.c:229:12: warning: 'audio_set_sample_rate_48k' defined but not used [-Wunused-function]
 static int audio_set_sample_rate_48k(void) {
            ^
Info: Linking nios_soft.elf
nios2-elf-g++  -T'../nios_soft_bsp//linker.x' -msys-crt0='../nios_soft_bsp//obj/HAL/src/crt0.o' -msys-lib=hal_bsp -L../nios_soft_bsp/  -msmallc  -Wl,-Map=nios_soft.map   -Os -g -Wall   -mno-hw-div -mno-hw-mul -mno-hw-mulx -mgpopt=global  -o nios_soft.elf obj/default/audio_nios.o obj/default/hello_world_small.o obj/default/main.o -lm -msys-lib=m
nios2-elf-insert nios_soft.elf --thread_model hal --cpu_name NIOS_cpu --qsys true --simulation_enabled false --id 2899645186 --sidp 0x10000 --timestamp 1780508765 --stderr_dev jtag_uart --stdin_dev jtag_uart --stdout_dev jtag_uart --sopc_system_name soc_system --quartus_project_dir "C:/fpga/DE1-SoC-MyPlayer-master" --jdi C:/fpga/DE1-SoC-MyPlayer-master/software/nios_soft_bsp/../../soc_system.jdi --sopcinfo C:/fpga/DE1-SoC-MyPlayer-master/software/nios_soft_bsp/../../soc_system.sopcinfo
Info: (nios_soft.elf) 7500 Bytes program size (code + initialized data).
Info:                 62 KBytes free for stack + heap.
Info: Creating nios_soft.objdump
nios2-elf-objdump --disassemble --syms --all-header --source nios_soft.elf >nios_soft.objdump
[nios_soft build complete]
17:48:04 **** Incremental Build of configuration Nios II for project nios_soft_bsp ****
make all 
[BSP build complete]
17:48:08 **** Incremental Build of configuration Nios II for project nios_soft ****
make all 
Info: Building ../nios_soft_bsp/
C:/intelFPGA_lite/18.1/nios2eds/bin/gnu/H-x86_64-mingw32/bin/make --no-print-directory -C ../nios_soft_bsp/
[BSP build complete]
[nios_soft build complete]
17:49:11 **** Incremental Build of configuration Nios II for project nios_soft ****
make all 
Info: Building ../nios_soft_bsp/
C:/intelFPGA_lite/18.1/nios2eds/bin/gnu/H-x86_64-mingw32/bin/make --no-print-directory -C ../nios_soft_bsp/
[BSP build complete]
Info: Compiling audio_nios.c to obj/default/audio_nios.o
nios2-elf-gcc -xc -MP -MMD -c -I../nios_soft_bsp//HAL/inc -I../nios_soft_bsp/ -I../nios_soft_bsp//drivers/inc  -pipe -D__hal__ -DALT_NO_C_PLUS_PLUS -DALT_NO_CLEAN_EXIT -D'exit(a)=_exit(a)' -DALT_NO_EXIT -DALT_USE_DIRECT_DRIVERS -DALT_NO_INSTRUCTION_EMULATION -DALT_USE_SMALL_DRIVERS -DSMALL_C_LIB -DALT_SINGLE_THREADED    -Os -g -Wall   -mno-hw-div -mno-hw-mul -mno-hw-mulx -mgpopt=global  -o obj/default/audio_nios.o audio_nios.c
audio_nios.c: In function 'oc_i2c_audio_init':
audio_nios.c:86:12: warning: format '%lx' expects argument of type 'long unsigned int', but argument 2 has type 'int' [-Wformat=]
     printf("[NIOS] I2C prescaler LO = 0x%02lx\n",
            ^
audio_nios.c:86:12: warning: format '%lx' expects argument of type 'long unsigned int', but argument 2 has type 'int' [-Wformat=]
audio_nios.c:89:12: warning: format '%lx' expects argument of type 'long unsigned int', but argument 2 has type 'int' [-Wformat=]
     printf("[NIOS] I2C prescaler HI = 0x%02lx\n",
            ^
audio_nios.c:89:12: warning: format '%lx' expects argument of type 'long unsigned int', but argument 2 has type 'int' [-Wformat=]
audio_nios.c:92:12: warning: format '%lx' expects argument of type 'long unsigned int', but argument 2 has type 'int' [-Wformat=]
     printf("[NIOS] I2C control = 0x%02lx\n",
            ^
audio_nios.c:92:12: warning: format '%lx' expects argument of type 'long unsigned int', but argument 2 has type 'int' [-Wformat=]
audio_nios.c: At top level:
audio_nios.c:219:12: warning: 'audio_set_sample_rate_44k1' defined but not used [-Wunused-function]
 static int audio_set_sample_rate_44k1(void) {
            ^
audio_nios.c:229:12: warning: 'audio_set_sample_rate_48k' defined but not used [-Wunused-function]
 static int audio_set_sample_rate_48k(void) {
            ^
Info: Linking nios_soft.elf
nios2-elf-g++  -T'../nios_soft_bsp//linker.x' -msys-crt0='../nios_soft_bsp//obj/HAL/src/crt0.o' -msys-lib=hal_bsp -L../nios_soft_bsp/  -msmallc  -Wl,-Map=nios_soft.map   -Os -g -Wall   -mno-hw-div -mno-hw-mul -mno-hw-mulx -mgpopt=global  -o nios_soft.elf obj/default/audio_nios.o obj/default/hello_world_small.o obj/default/main.o -lm -msys-lib=m
nios2-elf-insert nios_soft.elf --thread_model hal --cpu_name NIOS_cpu --qsys true --simulation_enabled false --id 2899645186 --sidp 0x10000 --timestamp 1780508765 --stderr_dev jtag_uart --stdin_dev jtag_uart --stdout_dev jtag_uart --sopc_system_name soc_system --quartus_project_dir "C:/fpga/DE1-SoC-MyPlayer-master" --jdi C:/fpga/DE1-SoC-MyPlayer-master/software/nios_soft_bsp/../../soc_system.jdi --sopcinfo C:/fpga/DE1-SoC-MyPlayer-master/software/nios_soft_bsp/../../soc_system.sopcinfo
Info: (nios_soft.elf) 7500 Bytes program size (code + initialized data).
Info:                 62 KBytes free for stack + heap.
Info: Creating nios_soft.objdump
nios2-elf-objdump --disassemble --syms --all-header --source nios_soft.elf >nios_soft.objdump
[nios_soft build complete]
17:49:55 **** Incremental Build of configuration Nios II for project nios_soft ****
make all 
Info: Building ../nios_soft_bsp/
C:/intelFPGA_lite/18.1/nios2eds/bin/gnu/H-x86_64-mingw32/bin/make --no-print-directory -C ../nios_soft_bsp/
[BSP build complete]
Info: Compiling audio_nios.c to obj/default/audio_nios.o
nios2-elf-gcc -xc -MP -MMD -c -I../nios_soft_bsp//HAL/inc -I../nios_soft_bsp/ -I../nios_soft_bsp//drivers/inc  -pipe -D__hal__ -DALT_NO_C_PLUS_PLUS -DALT_NO_CLEAN_EXIT -D'exit(a)=_exit(a)' -DALT_NO_EXIT -DALT_USE_DIRECT_DRIVERS -DALT_NO_INSTRUCTION_EMULATION -DALT_USE_SMALL_DRIVERS -DSMALL_C_LIB -DALT_SINGLE_THREADED    -Os -g -Wall   -mno-hw-div -mno-hw-mul -mno-hw-mulx -mgpopt=global  -o obj/default/audio_nios.o audio_nios.c
audio_nios.c: In function 'oc_i2c_audio_init':
audio_nios.c:86:12: warning: format '%lx' expects argument of type 'long unsigned int', but argument 2 has type 'int' [-Wformat=]
     printf("[NIOS] I2C prescaler LO = 0x%02lx\n",
            ^
audio_nios.c:86:12: warning: format '%lx' expects argument of type 'long unsigned int', but argument 2 has type 'int' [-Wformat=]
audio_nios.c:89:12: warning: format '%lx' expects argument of type 'long unsigned int', but argument 2 has type 'int' [-Wformat=]
     printf("[NIOS] I2C prescaler HI = 0x%02lx\n",
            ^
audio_nios.c:89:12: warning: format '%lx' expects argument of type 'long unsigned int', but argument 2 has type 'int' [-Wformat=]
audio_nios.c:92:12: warning: format '%lx' expects argument of type 'long unsigned int', but argument 2 has type 'int' [-Wformat=]
     printf("[NIOS] I2C control = 0x%02lx\n",
            ^
audio_nios.c:92:12: warning: format '%lx' expects argument of type 'long unsigned int', but argument 2 has type 'int' [-Wformat=]
audio_nios.c: At top level:
audio_nios.c:219:12: warning: 'audio_set_sample_rate_44k1' defined but not used [-Wunused-function]
 static int audio_set_sample_rate_44k1(void) {
            ^
audio_nios.c:229:12: warning: 'audio_set_sample_rate_48k' defined but not used [-Wunused-function]
 static int audio_set_sample_rate_48k(void) {
            ^
Info: Linking nios_soft.elf
nios2-elf-g++  -T'../nios_soft_bsp//linker.x' -msys-crt0='../nios_soft_bsp//obj/HAL/src/crt0.o' -msys-lib=hal_bsp -L../nios_soft_bsp/  -msmallc  -Wl,-Map=nios_soft.map   -Os -g -Wall   -mno-hw-div -mno-hw-mul -mno-hw-mulx -mgpopt=global  -o nios_soft.elf obj/default/audio_nios.o obj/default/hello_world_small.o obj/default/main.o -lm -msys-lib=m
nios2-elf-insert nios_soft.elf --thread_model hal --cpu_name NIOS_cpu --qsys true --simulation_enabled false --id 2899645186 --sidp 0x10000 --timestamp 1780508765 --stderr_dev jtag_uart --stdin_dev jtag_uart --stdout_dev jtag_uart --sopc_system_name soc_system --quartus_project_dir "C:/fpga/DE1-SoC-MyPlayer-master" --jdi C:/fpga/DE1-SoC-MyPlayer-master/software/nios_soft_bsp/../../soc_system.jdi --sopcinfo C:/fpga/DE1-SoC-MyPlayer-master/software/nios_soft_bsp/../../soc_system.sopcinfo
Info: (nios_soft.elf) 7500 Bytes program size (code + initialized data).
Info:                 62 KBytes free for stack + heap.
Info: Creating nios_soft.objdump
nios2-elf-objdump --disassemble --syms --all-header --source nios_soft.elf >nios_soft.objdump
[nios_soft build complete]
17:49:56 **** Incremental Build of configuration Nios II for project nios_soft_bsp ****
make all 
[BSP build complete]
17:50:00 **** Incremental Build of configuration Nios II for project nios_soft ****
make all 
Info: Building ../nios_soft_bsp/
C:/intelFPGA_lite/18.1/nios2eds/bin/gnu/H-x86_64-mingw32/bin/make --no-print-directory -C ../nios_soft_bsp/
[BSP build complete]
[nios_soft build complete]
17:50:55 **** Incremental Build of configuration Nios II for project nios_soft ****
make all 
Info: Building ../nios_soft_bsp/
C:/intelFPGA_lite/18.1/nios2eds/bin/gnu/H-x86_64-mingw32/bin/make --no-print-directory -C ../nios_soft_bsp/
[BSP build complete]
Info: Compiling audio_nios.c to obj/default/audio_nios.o
nios2-elf-gcc -xc -MP -MMD -c -I../nios_soft_bsp//HAL/inc -I../nios_soft_bsp/ -I../nios_soft_bsp//drivers/inc  -pipe -D__hal__ -DALT_NO_C_PLUS_PLUS -DALT_NO_CLEAN_EXIT -D'exit(a)=_exit(a)' -DALT_NO_EXIT -DALT_USE_DIRECT_DRIVERS -DALT_NO_INSTRUCTION_EMULATION -DALT_USE_SMALL_DRIVERS -DSMALL_C_LIB -DALT_SINGLE_THREADED    -Os -g -Wall   -mno-hw-div -mno-hw-mul -mno-hw-mulx -mgpopt=global  -o obj/default/audio_nios.o audio_nios.c
audio_nios.c: In function 'oc_i2c_audio_init':
audio_nios.c:86:12: warning: format '%lx' expects argument of type 'long unsigned int', but argument 2 has type 'int' [-Wformat=]
     printf("[NIOS] I2C prescaler LO = 0x%02lx\n",
            ^
audio_nios.c:86:12: warning: format '%lx' expects argument of type 'long unsigned int', but argument 2 has type 'int' [-Wformat=]
audio_nios.c:89:12: warning: format '%lx' expects argument of type 'long unsigned int', but argument 2 has type 'int' [-Wformat=]
     printf("[NIOS] I2C prescaler HI = 0x%02lx\n",
            ^
audio_nios.c:89:12: warning: format '%lx' expects argument of type 'long unsigned int', but argument 2 has type 'int' [-Wformat=]
audio_nios.c:92:12: warning: format '%lx' expects argument of type 'long unsigned int', but argument 2 has type 'int' [-Wformat=]
     printf("[NIOS] I2C control = 0x%02lx\n",
            ^
audio_nios.c:92:12: warning: format '%lx' expects argument of type 'long unsigned int', but argument 2 has type 'int' [-Wformat=]
audio_nios.c: At top level:
audio_nios.c:219:12: warning: 'audio_set_sample_rate_44k1' defined but not used [-Wunused-function]
 static int audio_set_sample_rate_44k1(void) {
            ^
audio_nios.c:229:12: warning: 'audio_set_sample_rate_48k' defined but not used [-Wunused-function]
 static int audio_set_sample_rate_48k(void) {
            ^
Info: Linking nios_soft.elf
nios2-elf-g++  -T'../nios_soft_bsp//linker.x' -msys-crt0='../nios_soft_bsp//obj/HAL/src/crt0.o' -msys-lib=hal_bsp -L../nios_soft_bsp/  -msmallc  -Wl,-Map=nios_soft.map   -Os -g -Wall   -mno-hw-div -mno-hw-mul -mno-hw-mulx -mgpopt=global  -o nios_soft.elf obj/default/audio_nios.o obj/default/hello_world_small.o obj/default/main.o -lm -msys-lib=m
nios2-elf-insert nios_soft.elf --thread_model hal --cpu_name NIOS_cpu --qsys true --simulation_enabled false --id 2899645186 --sidp 0x10000 --timestamp 1780508765 --stderr_dev jtag_uart --stdin_dev jtag_uart --stdout_dev jtag_uart --sopc_system_name soc_system --quartus_project_dir "C:/fpga/DE1-SoC-MyPlayer-master" --jdi C:/fpga/DE1-SoC-MyPlayer-master/software/nios_soft_bsp/../../soc_system.jdi --sopcinfo C:/fpga/DE1-SoC-MyPlayer-master/software/nios_soft_bsp/../../soc_system.sopcinfo
Info: (nios_soft.elf) 7500 Bytes program size (code + initialized data).
Info:                 62 KBytes free for stack + heap.
Info: Creating nios_soft.objdump
nios2-elf-objdump --disassemble --syms --all-header --source nios_soft.elf >nios_soft.objdump
[nios_soft build complete]
17:50:56 **** Incremental Build of configuration Nios II for project nios_soft_bsp ****
make all 
[BSP build complete]
17:50:59 **** Incremental Build of configuration Nios II for project nios_soft ****
make all 
Info: Building ../nios_soft_bsp/
C:/intelFPGA_lite/18.1/nios2eds/bin/gnu/H-x86_64-mingw32/bin/make --no-print-directory -C ../nios_soft_bsp/
[BSP build complete]
[nios_soft build complete]
17:53:19 **** Incremental Build of configuration Nios II for project nios_soft ****
make all 
Info: Building ../nios_soft_bsp/
C:/intelFPGA_lite/18.1/nios2eds/bin/gnu/H-x86_64-mingw32/bin/make --no-print-directory -C ../nios_soft_bsp/
[BSP build complete]
Info: Compiling audio_nios.c to obj/default/audio_nios.o
nios2-elf-gcc -xc -MP -MMD -c -I../nios_soft_bsp//HAL/inc -I../nios_soft_bsp/ -I../nios_soft_bsp//drivers/inc  -pipe -D__hal__ -DALT_NO_C_PLUS_PLUS -DALT_NO_CLEAN_EXIT -D'exit(a)=_exit(a)' -DALT_NO_EXIT -DALT_USE_DIRECT_DRIVERS -DALT_NO_INSTRUCTION_EMULATION -DALT_USE_SMALL_DRIVERS -DSMALL_C_LIB -DALT_SINGLE_THREADED    -Os -g -Wall   -mno-hw-div -mno-hw-mul -mno-hw-mulx -mgpopt=global  -o obj/default/audio_nios.o audio_nios.c
audio_nios.c: In function 'oc_i2c_audio_init':
audio_nios.c:86:12: warning: format '%lx' expects argument of type 'long unsigned int', but argument 2 has type 'int' [-Wformat=]
     printf("[NIOS] I2C prescaler LO = 0x%02lx\n",
            ^
audio_nios.c:86:12: warning: format '%lx' expects argument of type 'long unsigned int', but argument 2 has type 'int' [-Wformat=]
audio_nios.c:89:12: warning: format '%lx' expects argument of type 'long unsigned int', but argument 2 has type 'int' [-Wformat=]
     printf("[NIOS] I2C prescaler HI = 0x%02lx\n",
            ^
audio_nios.c:89:12: warning: format '%lx' expects argument of type 'long unsigned int', but argument 2 has type 'int' [-Wformat=]
audio_nios.c:92:12: warning: format '%lx' expects argument of type 'long unsigned int', but argument 2 has type 'int' [-Wformat=]
     printf("[NIOS] I2C control = 0x%02lx\n",
            ^
audio_nios.c:92:12: warning: format '%lx' expects argument of type 'long unsigned int', but argument 2 has type 'int' [-Wformat=]
audio_nios.c: At top level:
audio_nios.c:219:12: warning: 'audio_set_sample_rate_44k1' defined but not used [-Wunused-function]
 static int audio_set_sample_rate_44k1(void) {
            ^
audio_nios.c:229:12: warning: 'audio_set_sample_rate_48k' defined but not used [-Wunused-function]
 static int audio_set_sample_rate_48k(void) {
            ^
Info: Linking nios_soft.elf
nios2-elf-g++  -T'../nios_soft_bsp//linker.x' -msys-crt0='../nios_soft_bsp//obj/HAL/src/crt0.o' -msys-lib=hal_bsp -L../nios_soft_bsp/  -msmallc  -Wl,-Map=nios_soft.map   -Os -g -Wall   -mno-hw-div -mno-hw-mul -mno-hw-mulx -mgpopt=global  -o nios_soft.elf obj/default/audio_nios.o obj/default/hello_world_small.o obj/default/main.o -lm -msys-lib=m
nios2-elf-insert nios_soft.elf --thread_model hal --cpu_name NIOS_cpu --qsys true --simulation_enabled false --id 2899645186 --sidp 0x10000 --timestamp 1780508765 --stderr_dev jtag_uart --stdin_dev jtag_uart --stdout_dev jtag_uart --sopc_system_name soc_system --quartus_project_dir "C:/fpga/DE1-SoC-MyPlayer-master" --jdi C:/fpga/DE1-SoC-MyPlayer-master/software/nios_soft_bsp/../../soc_system.jdi --sopcinfo C:/fpga/DE1-SoC-MyPlayer-master/software/nios_soft_bsp/../../soc_system.sopcinfo
Info: (nios_soft.elf) 7500 Bytes program size (code + initialized data).
Info:                 62 KBytes free for stack + heap.
Info: Creating nios_soft.objdump
nios2-elf-objdump --disassemble --syms --all-header --source nios_soft.elf >nios_soft.objdump
[nios_soft build complete]
17:53:20 **** Incremental Build of configuration Nios II for project nios_soft_bsp ****
make all 
[BSP build complete]
17:53:24 **** Incremental Build of configuration Nios II for project nios_soft ****
make all 
Info: Building ../nios_soft_bsp/
C:/intelFPGA_lite/18.1/nios2eds/bin/gnu/H-x86_64-mingw32/bin/make --no-print-directory -C ../nios_soft_bsp/
[BSP build complete]
[nios_soft build complete]
17:54:33 **** Incremental Build of configuration Nios II for project nios_soft ****
make all 
Info: Building ../nios_soft_bsp/
C:/intelFPGA_lite/18.1/nios2eds/bin/gnu/H-x86_64-mingw32/bin/make --no-print-directory -C ../nios_soft_bsp/
[BSP build complete]
Info: Compiling audio_nios.c to obj/default/audio_nios.o
nios2-elf-gcc -xc -MP -MMD -c -I../nios_soft_bsp//HAL/inc -I../nios_soft_bsp/ -I../nios_soft_bsp//drivers/inc  -pipe -D__hal__ -DALT_NO_C_PLUS_PLUS -DALT_NO_CLEAN_EXIT -D'exit(a)=_exit(a)' -DALT_NO_EXIT -DALT_USE_DIRECT_DRIVERS -DALT_NO_INSTRUCTION_EMULATION -DALT_USE_SMALL_DRIVERS -DSMALL_C_LIB -DALT_SINGLE_THREADED    -Os -g -Wall   -mno-hw-div -mno-hw-mul -mno-hw-mulx -mgpopt=global  -o obj/default/audio_nios.o audio_nios.c
audio_nios.c: In function 'oc_i2c_audio_init':
audio_nios.c:86:12: warning: format '%lx' expects argument of type 'long unsigned int', but argument 2 has type 'int' [-Wformat=]
     printf("[NIOS] I2C prescaler LO = 0x%02lx\n",
            ^
audio_nios.c:86:12: warning: format '%lx' expects argument of type 'long unsigned int', but argument 2 has type 'int' [-Wformat=]
audio_nios.c:89:12: warning: format '%lx' expects argument of type 'long unsigned int', but argument 2 has type 'int' [-Wformat=]
     printf("[NIOS] I2C prescaler HI = 0x%02lx\n",
            ^
audio_nios.c:89:12: warning: format '%lx' expects argument of type 'long unsigned int', but argument 2 has type 'int' [-Wformat=]
audio_nios.c:92:12: warning: format '%lx' expects argument of type 'long unsigned int', but argument 2 has type 'int' [-Wformat=]
     printf("[NIOS] I2C control = 0x%02lx\n",
            ^
audio_nios.c:92:12: warning: format '%lx' expects argument of type 'long unsigned int', but argument 2 has type 'int' [-Wformat=]
audio_nios.c: At top level:
audio_nios.c:219:12: warning: 'audio_set_sample_rate_44k1' defined but not used [-Wunused-function]
 static int audio_set_sample_rate_44k1(void) {
            ^
audio_nios.c:229:12: warning: 'audio_set_sample_rate_48k' defined but not used [-Wunused-function]
 static int audio_set_sample_rate_48k(void) {
            ^
Info: Linking nios_soft.elf
nios2-elf-g++  -T'../nios_soft_bsp//linker.x' -msys-crt0='../nios_soft_bsp//obj/HAL/src/crt0.o' -msys-lib=hal_bsp -L../nios_soft_bsp/  -msmallc  -Wl,-Map=nios_soft.map   -Os -g -Wall   -mno-hw-div -mno-hw-mul -mno-hw-mulx -mgpopt=global  -o nios_soft.elf obj/default/audio_nios.o obj/default/hello_world_small.o obj/default/main.o -lm -msys-lib=m
nios2-elf-insert nios_soft.elf --thread_model hal --cpu_name NIOS_cpu --qsys true --simulation_enabled false --id 2899645186 --sidp 0x10000 --timestamp 1780508765 --stderr_dev jtag_uart --stdin_dev jtag_uart --stdout_dev jtag_uart --sopc_system_name soc_system --quartus_project_dir "C:/fpga/DE1-SoC-MyPlayer-master" --jdi C:/fpga/DE1-SoC-MyPlayer-master/software/nios_soft_bsp/../../soc_system.jdi --sopcinfo C:/fpga/DE1-SoC-MyPlayer-master/software/nios_soft_bsp/../../soc_system.sopcinfo
Info: (nios_soft.elf) 7500 Bytes program size (code + initialized data).
Info:                 62 KBytes free for stack + heap.
Info: Creating nios_soft.objdump
nios2-elf-objdump --disassemble --syms --all-header --source nios_soft.elf >nios_soft.objdump
[nios_soft build complete]
17:54:34 **** Incremental Build of configuration Nios II for project nios_soft_bsp ****
make all 
[BSP build complete]
17:54:41 **** Incremental Build of configuration Nios II for project nios_soft ****
make all 
Info: Building ../nios_soft_bsp/
C:/intelFPGA_lite/18.1/nios2eds/bin/gnu/H-x86_64-mingw32/bin/make --no-print-directory -C ../nios_soft_bsp/
[BSP build complete]
[nios_soft build complete]
17:54:54 **** Incremental Build of configuration Nios II for project nios_soft ****
make all 
Info: Building ../nios_soft_bsp/
C:/intelFPGA_lite/18.1/nios2eds/bin/gnu/H-x86_64-mingw32/bin/make --no-print-directory -C ../nios_soft_bsp/
[BSP build complete]
[nios_soft build complete]
17:55:28 **** Incremental Build of configuration Nios II for project nios_soft ****
make all 
Info: Building ../nios_soft_bsp/
C:/intelFPGA_lite/18.1/nios2eds/bin/gnu/H-x86_64-mingw32/bin/make --no-print-directory -C ../nios_soft_bsp/
[BSP build complete]
Info: Compiling audio_nios.c to obj/default/audio_nios.o
nios2-elf-gcc -xc -MP -MMD -c -I../nios_soft_bsp//HAL/inc -I../nios_soft_bsp/ -I../nios_soft_bsp//drivers/inc  -pipe -D__hal__ -DALT_NO_C_PLUS_PLUS -DALT_NO_CLEAN_EXIT -D'exit(a)=_exit(a)' -DALT_NO_EXIT -DALT_USE_DIRECT_DRIVERS -DALT_NO_INSTRUCTION_EMULATION -DALT_USE_SMALL_DRIVERS -DSMALL_C_LIB -DALT_SINGLE_THREADED    -Os -g -Wall   -mno-hw-div -mno-hw-mul -mno-hw-mulx -mgpopt=global  -o obj/default/audio_nios.o audio_nios.c
audio_nios.c: In function 'oc_i2c_audio_init':
audio_nios.c:86:12: warning: format '%lx' expects argument of type 'long unsigned int', but argument 2 has type 'int' [-Wformat=]
     printf("[NIOS] I2C prescaler LO = 0x%02lx\n",
            ^
audio_nios.c:86:12: warning: format '%lx' expects argument of type 'long unsigned int', but argument 2 has type 'int' [-Wformat=]
audio_nios.c:89:12: warning: format '%lx' expects argument of type 'long unsigned int', but argument 2 has type 'int' [-Wformat=]
     printf("[NIOS] I2C prescaler HI = 0x%02lx\n",
            ^
audio_nios.c:89:12: warning: format '%lx' expects argument of type 'long unsigned int', but argument 2 has type 'int' [-Wformat=]
audio_nios.c:92:12: warning: format '%lx' expects argument of type 'long unsigned int', but argument 2 has type 'int' [-Wformat=]
     printf("[NIOS] I2C control = 0x%02lx\n",
            ^
audio_nios.c:92:12: warning: format '%lx' expects argument of type 'long unsigned int', but argument 2 has type 'int' [-Wformat=]
audio_nios.c: At top level:
audio_nios.c:219:12: warning: 'audio_set_sample_rate_44k1' defined but not used [-Wunused-function]
 static int audio_set_sample_rate_44k1(void) {
            ^
audio_nios.c:229:12: warning: 'audio_set_sample_rate_48k' defined but not used [-Wunused-function]
 static int audio_set_sample_rate_48k(void) {
            ^
Info: Linking nios_soft.elf
nios2-elf-g++  -T'../nios_soft_bsp//linker.x' -msys-crt0='../nios_soft_bsp//obj/HAL/src/crt0.o' -msys-lib=hal_bsp -L../nios_soft_bsp/  -msmallc  -Wl,-Map=nios_soft.map   -Os -g -Wall   -mno-hw-div -mno-hw-mul -mno-hw-mulx -mgpopt=global  -o nios_soft.elf obj/default/audio_nios.o obj/default/hello_world_small.o obj/default/main.o -lm -msys-lib=m
nios2-elf-insert nios_soft.elf --thread_model hal --cpu_name NIOS_cpu --qsys true --simulation_enabled false --id 2899645186 --sidp 0x10000 --timestamp 1780508765 --stderr_dev jtag_uart --stdin_dev jtag_uart --stdout_dev jtag_uart --sopc_system_name soc_system --quartus_project_dir "C:/fpga/DE1-SoC-MyPlayer-master" --jdi C:/fpga/DE1-SoC-MyPlayer-master/software/nios_soft_bsp/../../soc_system.jdi --sopcinfo C:/fpga/DE1-SoC-MyPlayer-master/software/nios_soft_bsp/../../soc_system.sopcinfo
Info: (nios_soft.elf) 7500 Bytes program size (code + initialized data).
Info:                 62 KBytes free for stack + heap.
Info: Creating nios_soft.objdump
nios2-elf-objdump --disassemble --syms --all-header --source nios_soft.elf >nios_soft.objdump
[nios_soft build complete]
17:55:29 **** Incremental Build of configuration Nios II for project nios_soft_bsp ****
make all 
[BSP build complete]
17:55:37 **** Incremental Build of configuration Nios II for project nios_soft ****
make all 
Info: Building ../nios_soft_bsp/
C:/intelFPGA_lite/18.1/nios2eds/bin/gnu/H-x86_64-mingw32/bin/make --no-print-directory -C ../nios_soft_bsp/
[BSP build complete]
[nios_soft build complete]
17:57:35 **** Incremental Build of configuration Nios II for project nios_soft ****
make all 
Info: Building ../nios_soft_bsp/
C:/intelFPGA_lite/18.1/nios2eds/bin/gnu/H-x86_64-mingw32/bin/make --no-print-directory -C ../nios_soft_bsp/
[BSP build complete]
[nios_soft build complete]
17:58:17 **** Incremental Build of configuration Nios II for project nios_soft ****
make all 
Info: Building ../nios_soft_bsp/
C:/intelFPGA_lite/18.1/nios2eds/bin/gnu/H-x86_64-mingw32/bin/make --no-print-directory -C ../nios_soft_bsp/
[BSP build complete]
Info: Compiling audio_nios.c to obj/default/audio_nios.o
nios2-elf-gcc -xc -MP -MMD -c -I../nios_soft_bsp//HAL/inc -I../nios_soft_bsp/ -I../nios_soft_bsp//drivers/inc  -pipe -D__hal__ -DALT_NO_C_PLUS_PLUS -DALT_NO_CLEAN_EXIT -D'exit(a)=_exit(a)' -DALT_NO_EXIT -DALT_USE_DIRECT_DRIVERS -DALT_NO_INSTRUCTION_EMULATION -DALT_USE_SMALL_DRIVERS -DSMALL_C_LIB -DALT_SINGLE_THREADED    -Os -g -Wall   -mno-hw-div -mno-hw-mul -mno-hw-mulx -mgpopt=global  -o obj/default/audio_nios.o audio_nios.c
audio_nios.c: In function 'oc_i2c_audio_init':
audio_nios.c:86:12: warning: format '%lx' expects argument of type 'long unsigned int', but argument 2 has type 'int' [-Wformat=]
     printf("[NIOS] I2C prescaler LO = 0x%02lx\n",
            ^
audio_nios.c:86:12: warning: format '%lx' expects argument of type 'long unsigned int', but argument 2 has type 'int' [-Wformat=]
audio_nios.c:89:12: warning: format '%lx' expects argument of type 'long unsigned int', but argument 2 has type 'int' [-Wformat=]
     printf("[NIOS] I2C prescaler HI = 0x%02lx\n",
            ^
audio_nios.c:89:12: warning: format '%lx' expects argument of type 'long unsigned int', but argument 2 has type 'int' [-Wformat=]
audio_nios.c:92:12: warning: format '%lx' expects argument of type 'long unsigned int', but argument 2 has type 'int' [-Wformat=]
     printf("[NIOS] I2C control = 0x%02lx\n",
            ^
audio_nios.c:92:12: warning: format '%lx' expects argument of type 'long unsigned int', but argument 2 has type 'int' [-Wformat=]
audio_nios.c: At top level:
audio_nios.c:219:12: warning: 'audio_set_sample_rate_44k1' defined but not used [-Wunused-function]
 static int audio_set_sample_rate_44k1(void) {
            ^
audio_nios.c:229:12: warning: 'audio_set_sample_rate_48k' defined but not used [-Wunused-function]
 static int audio_set_sample_rate_48k(void) {
            ^
Info: Linking nios_soft.elf
nios2-elf-g++  -T'../nios_soft_bsp//linker.x' -msys-crt0='../nios_soft_bsp//obj/HAL/src/crt0.o' -msys-lib=hal_bsp -L../nios_soft_bsp/  -msmallc  -Wl,-Map=nios_soft.map   -Os -g -Wall   -mno-hw-div -mno-hw-mul -mno-hw-mulx -mgpopt=global  -o nios_soft.elf obj/default/audio_nios.o obj/default/hello_world_small.o obj/default/main.o -lm -msys-lib=m
nios2-elf-insert nios_soft.elf --thread_model hal --cpu_name NIOS_cpu --qsys true --simulation_enabled false --id 2899645186 --sidp 0x10000 --timestamp 1780508765 --stderr_dev jtag_uart --stdin_dev jtag_uart --stdout_dev jtag_uart --sopc_system_name soc_system --quartus_project_dir "C:/fpga/DE1-SoC-MyPlayer-master" --jdi C:/fpga/DE1-SoC-MyPlayer-master/software/nios_soft_bsp/../../soc_system.jdi --sopcinfo C:/fpga/DE1-SoC-MyPlayer-master/software/nios_soft_bsp/../../soc_system.sopcinfo
Info: (nios_soft.elf) 7500 Bytes program size (code + initialized data).
Info:                 62 KBytes free for stack + heap.
Info: Creating nios_soft.objdump
nios2-elf-objdump --disassemble --syms --all-header --source nios_soft.elf >nios_soft.objdump
[nios_soft build complete]
17:58:18 **** Incremental Build of configuration Nios II for project nios_soft_bsp ****
make all 
[BSP build complete]
17:58:22 **** Incremental Build of configuration Nios II for project nios_soft ****
make all 
Info: Building ../nios_soft_bsp/
C:/intelFPGA_lite/18.1/nios2eds/bin/gnu/H-x86_64-mingw32/bin/make --no-print-directory -C ../nios_soft_bsp/
[BSP build complete]
[nios_soft build complete]
18:13:30 **** Incremental Build of configuration Nios II for project nios_soft ****
make all 
Info: Building ../nios_soft_bsp/
C:/intelFPGA_lite/18.1/nios2eds/bin/gnu/H-x86_64-mingw32/bin/make --no-print-directory -C ../nios_soft_bsp/
[BSP build complete]
Info: Compiling audio_nios.c to obj/default/audio_nios.o
nios2-elf-gcc -xc -MP -MMD -c -I../nios_soft_bsp//HAL/inc -I../nios_soft_bsp/ -I../nios_soft_bsp//drivers/inc  -pipe -D__hal__ -DALT_NO_C_PLUS_PLUS -DALT_NO_CLEAN_EXIT -D'exit(a)=_exit(a)' -DALT_NO_EXIT -DALT_USE_DIRECT_DRIVERS -DALT_NO_INSTRUCTION_EMULATION -DALT_USE_SMALL_DRIVERS -DSMALL_C_LIB -DALT_SINGLE_THREADED    -Os -g -Wall   -mno-hw-div -mno-hw-mul -mno-hw-mulx -mgpopt=global  -o obj/default/audio_nios.o audio_nios.c
audio_nios.c: In function 'oc_i2c_audio_init':
audio_nios.c:86:12: warning: format '%lx' expects argument of type 'long unsigned int', but argument 2 has type 'int' [-Wformat=]
     printf("[NIOS] I2C prescaler LO = 0x%02lx\n",
            ^
audio_nios.c:86:12: warning: format '%lx' expects argument of type 'long unsigned int', but argument 2 has type 'int' [-Wformat=]
audio_nios.c:89:12: warning: format '%lx' expects argument of type 'long unsigned int', but argument 2 has type 'int' [-Wformat=]
     printf("[NIOS] I2C prescaler HI = 0x%02lx\n",
            ^
audio_nios.c:89:12: warning: format '%lx' expects argument of type 'long unsigned int', but argument 2 has type 'int' [-Wformat=]
audio_nios.c:92:12: warning: format '%lx' expects argument of type 'long unsigned int', but argument 2 has type 'int' [-Wformat=]
     printf("[NIOS] I2C control = 0x%02lx\n",
            ^
audio_nios.c:92:12: warning: format '%lx' expects argument of type 'long unsigned int', but argument 2 has type 'int' [-Wformat=]
audio_nios.c: At top level:
audio_nios.c:219:12: warning: 'audio_set_sample_rate_44k1' defined but not used [-Wunused-function]
 static int audio_set_sample_rate_44k1(void) {
            ^
audio_nios.c:230:12: warning: 'audio_set_sample_rate_48k' defined but not used [-Wunused-function]
 static int audio_set_sample_rate_48k(void) {
            ^
Info: Compiling main.c to obj/default/main.o
nios2-elf-gcc -xc -MP -MMD -c -I../nios_soft_bsp//HAL/inc -I../nios_soft_bsp/ -I../nios_soft_bsp//drivers/inc  -pipe -D__hal__ -DALT_NO_C_PLUS_PLUS -DALT_NO_CLEAN_EXIT -D'exit(a)=_exit(a)' -DALT_NO_EXIT -DALT_USE_DIRECT_DRIVERS -DALT_NO_INSTRUCTION_EMULATION -DALT_USE_SMALL_DRIVERS -DSMALL_C_LIB -DALT_SINGLE_THREADED    -Os -g -Wall   -mno-hw-div -mno-hw-mul -mno-hw-mulx -mgpopt=global  -o obj/default/main.o main.c
main.c: In function 'play_one_buffer':
main.c:129:5: error: expected ';' before '}' token
     }
     ^
main.c: At top level:
main.c:32:17: warning: 'swap16_u' defined but not used [-Wunused-function]
 static uint16_t swap16_u(uint16_t x) {
                 ^
make: *** [obj/default/main.o] Error 1
18:13:31 **** Incremental Build of configuration Nios II for project nios_soft_bsp ****
make all 
[BSP build complete]
18:14:38 **** Incremental Build of configuration Nios II for project nios_soft ****
make all 
Info: Building ../nios_soft_bsp/
C:/intelFPGA_lite/18.1/nios2eds/bin/gnu/H-x86_64-mingw32/bin/make --no-print-directory -C ../nios_soft_bsp/
[BSP build complete]
Info: Compiling main.c to obj/default/main.o
nios2-elf-gcc -xc -MP -MMD -c -I../nios_soft_bsp//HAL/inc -I../nios_soft_bsp/ -I../nios_soft_bsp//drivers/inc  -pipe -D__hal__ -DALT_NO_C_PLUS_PLUS -DALT_NO_CLEAN_EXIT -D'exit(a)=_exit(a)' -DALT_NO_EXIT -DALT_USE_DIRECT_DRIVERS -DALT_NO_INSTRUCTION_EMULATION -DALT_USE_SMALL_DRIVERS -DSMALL_C_LIB -DALT_SINGLE_THREADED    -Os -g -Wall   -mno-hw-div -mno-hw-mul -mno-hw-mulx -mgpopt=global  -o obj/default/main.o main.c
main.c: In function 'play_one_buffer':
main.c:129:5: error: expected ';' before '}' token
     }
     ^
main.c: At top level:
main.c:32:17: warning: 'swap16_u' defined but not used [-Wunused-function]
 static uint16_t swap16_u(uint16_t x) {
                 ^
make: *** [obj/default/main.o] Error 1
18:15:25 **** Incremental Build of configuration Nios II for project nios_soft ****
make all 
Info: Building ../nios_soft_bsp/
C:/intelFPGA_lite/18.1/nios2eds/bin/gnu/H-x86_64-mingw32/bin/make --no-print-directory -C ../nios_soft_bsp/
[BSP build complete]
Info: Compiling main.c to obj/default/main.o
nios2-elf-gcc -xc -MP -MMD -c -I../nios_soft_bsp//HAL/inc -I../nios_soft_bsp/ -I../nios_soft_bsp//drivers/inc  -pipe -D__hal__ -DALT_NO_C_PLUS_PLUS -DALT_NO_CLEAN_EXIT -D'exit(a)=_exit(a)' -DALT_NO_EXIT -DALT_USE_DIRECT_DRIVERS -DALT_NO_INSTRUCTION_EMULATION -DALT_USE_SMALL_DRIVERS -DSMALL_C_LIB -DALT_SINGLE_THREADED    -Os -g -Wall   -mno-hw-div -mno-hw-mul -mno-hw-mulx -mgpopt=global  -o obj/default/main.o main.c
main.c:32:17: warning: 'swap16_u' defined but not used [-Wunused-function]
 static uint16_t swap16_u(uint16_t x) {
                 ^
Info: Linking nios_soft.elf
nios2-elf-g++  -T'../nios_soft_bsp//linker.x' -msys-crt0='../nios_soft_bsp//obj/HAL/src/crt0.o' -msys-lib=hal_bsp -L../nios_soft_bsp/  -msmallc  -Wl,-Map=nios_soft.map   -Os -g -Wall   -mno-hw-div -mno-hw-mul -mno-hw-mulx -mgpopt=global  -o nios_soft.elf obj/default/audio_nios.o obj/default/hello_world_small.o obj/default/main.o -lm -msys-lib=m
nios2-elf-insert nios_soft.elf --thread_model hal --cpu_name NIOS_cpu --qsys true --simulation_enabled false --id 2899645186 --sidp 0x10000 --timestamp 1780508765 --stderr_dev jtag_uart --stdin_dev jtag_uart --stdout_dev jtag_uart --sopc_system_name soc_system --quartus_project_dir "C:/fpga/DE1-SoC-MyPlayer-master" --jdi C:/fpga/DE1-SoC-MyPlayer-master/software/nios_soft_bsp/../../soc_system.jdi --sopcinfo C:/fpga/DE1-SoC-MyPlayer-master/software/nios_soft_bsp/../../soc_system.sopcinfo
Info: (nios_soft.elf) 7572 Bytes program size (code + initialized data).
Info:                 62 KBytes free for stack + heap.
Info: Creating nios_soft.objdump
nios2-elf-objdump --disassemble --syms --all-header --source nios_soft.elf >nios_soft.objdump
[nios_soft build complete]
18:15:26 **** Incremental Build of configuration Nios II for project nios_soft_bsp ****
make all 
[BSP build complete]
18:15:41 **** Incremental Build of configuration Nios II for project nios_soft ****
make all 
Info: Building ../nios_soft_bsp/
C:/intelFPGA_lite/18.1/nios2eds/bin/gnu/H-x86_64-mingw32/bin/make --no-print-directory -C ../nios_soft_bsp/
[BSP build complete]
Info: Compiling main.c to obj/default/main.o
nios2-elf-gcc -xc -MP -MMD -c -I../nios_soft_bsp//HAL/inc -I../nios_soft_bsp/ -I../nios_soft_bsp//drivers/inc  -pipe -D__hal__ -DALT_NO_C_PLUS_PLUS -DALT_NO_CLEAN_EXIT -D'exit(a)=_exit(a)' -DALT_NO_EXIT -DALT_USE_DIRECT_DRIVERS -DALT_NO_INSTRUCTION_EMULATION -DALT_USE_SMALL_DRIVERS -DSMALL_C_LIB -DALT_SINGLE_THREADED    -Os -g -Wall   -mno-hw-div -mno-hw-mul -mno-hw-mulx -mgpopt=global  -o obj/default/main.o main.c
main.c:32:17: warning: 'swap16_u' defined but not used [-Wunused-function]
 static uint16_t swap16_u(uint16_t x) {
                 ^
Info: Linking nios_soft.elf
nios2-elf-g++  -T'../nios_soft_bsp//linker.x' -msys-crt0='../nios_soft_bsp//obj/HAL/src/crt0.o' -msys-lib=hal_bsp -L../nios_soft_bsp/  -msmallc  -Wl,-Map=nios_soft.map   -Os -g -Wall   -mno-hw-div -mno-hw-mul -mno-hw-mulx -mgpopt=global  -o nios_soft.elf obj/default/audio_nios.o obj/default/hello_world_small.o obj/default/main.o -lm -msys-lib=m
nios2-elf-insert nios_soft.elf --thread_model hal --cpu_name NIOS_cpu --qsys true --simulation_enabled false --id 2899645186 --sidp 0x10000 --timestamp 1780508765 --stderr_dev jtag_uart --stdin_dev jtag_uart --stdout_dev jtag_uart --sopc_system_name soc_system --quartus_project_dir "C:/fpga/DE1-SoC-MyPlayer-master" --jdi C:/fpga/DE1-SoC-MyPlayer-master/software/nios_soft_bsp/../../soc_system.jdi --sopcinfo C:/fpga/DE1-SoC-MyPlayer-master/software/nios_soft_bsp/../../soc_system.sopcinfo
Info: (nios_soft.elf) 7580 Bytes program size (code + initialized data).
Info:                 62 KBytes free for stack + heap.
Info: Creating nios_soft.objdump
nios2-elf-objdump --disassemble --syms --all-header --source nios_soft.elf >nios_soft.objdump
[nios_soft build complete]
18:15:42 **** Incremental Build of configuration Nios II for project nios_soft_bsp ****
make all 
[BSP build complete]
18:15:49 **** Incremental Build of configuration Nios II for project nios_soft ****
make all 
Info: Building ../nios_soft_bsp/
C:/intelFPGA_lite/18.1/nios2eds/bin/gnu/H-x86_64-mingw32/bin/make --no-print-directory -C ../nios_soft_bsp/
[BSP build complete]
[nios_soft build complete]
18:16:02 **** Incremental Build of configuration Nios II for project nios_soft ****
make all 
Info: Building ../nios_soft_bsp/
C:/intelFPGA_lite/18.1/nios2eds/bin/gnu/H-x86_64-mingw32/bin/make --no-print-directory -C ../nios_soft_bsp/
[BSP build complete]
[nios_soft build complete]
18:16:52 **** Incremental Build of configuration Nios II for project nios_soft ****
make all 
Info: Building ../nios_soft_bsp/
C:/intelFPGA_lite/18.1/nios2eds/bin/gnu/H-x86_64-mingw32/bin/make --no-print-directory -C ../nios_soft_bsp/
[BSP build complete]
Info: Compiling main.c to obj/default/main.o
nios2-elf-gcc -xc -MP -MMD -c -I../nios_soft_bsp//HAL/inc -I../nios_soft_bsp/ -I../nios_soft_bsp//drivers/inc  -pipe -D__hal__ -DALT_NO_C_PLUS_PLUS -DALT_NO_CLEAN_EXIT -D'exit(a)=_exit(a)' -DALT_NO_EXIT -DALT_USE_DIRECT_DRIVERS -DALT_NO_INSTRUCTION_EMULATION -DALT_USE_SMALL_DRIVERS -DSMALL_C_LIB -DALT_SINGLE_THREADED    -Os -g -Wall   -mno-hw-div -mno-hw-mul -mno-hw-mulx -mgpopt=global  -o obj/default/main.o main.c
main.c:32:17: warning: 'swap16_u' defined but not used [-Wunused-function]
 static uint16_t swap16_u(uint16_t x) {
                 ^
Info: Linking nios_soft.elf
nios2-elf-g++  -T'../nios_soft_bsp//linker.x' -msys-crt0='../nios_soft_bsp//obj/HAL/src/crt0.o' -msys-lib=hal_bsp -L../nios_soft_bsp/  -msmallc  -Wl,-Map=nios_soft.map   -Os -g -Wall   -mno-hw-div -mno-hw-mul -mno-hw-mulx -mgpopt=global  -o nios_soft.elf obj/default/audio_nios.o obj/default/hello_world_small.o obj/default/main.o -lm -msys-lib=m
nios2-elf-insert nios_soft.elf --thread_model hal --cpu_name NIOS_cpu --qsys true --simulation_enabled false --id 2899645186 --sidp 0x10000 --timestamp 1780508765 --stderr_dev jtag_uart --stdin_dev jtag_uart --stdout_dev jtag_uart --sopc_system_name soc_system --quartus_project_dir "C:/fpga/DE1-SoC-MyPlayer-master" --jdi C:/fpga/DE1-SoC-MyPlayer-master/software/nios_soft_bsp/../../soc_system.jdi --sopcinfo C:/fpga/DE1-SoC-MyPlayer-master/software/nios_soft_bsp/../../soc_system.sopcinfo
Info: (nios_soft.elf) 7580 Bytes program size (code + initialized data).
Info:                 62 KBytes free for stack + heap.
Info: Creating nios_soft.objdump
nios2-elf-objdump --disassemble --syms --all-header --source nios_soft.elf >nios_soft.objdump
[nios_soft build complete]
18:16:53 **** Incremental Build of configuration Nios II for project nios_soft_bsp ****
make all 
[BSP build complete]
18:16:59 **** Incremental Build of configuration Nios II for project nios_soft ****
make all 
Info: Building ../nios_soft_bsp/
C:/intelFPGA_lite/18.1/nios2eds/bin/gnu/H-x86_64-mingw32/bin/make --no-print-directory -C ../nios_soft_bsp/
[BSP build complete]
[nios_soft build complete]
